,quorum_campinas_sp,quorum_birigui_sp,quorum_mogi_das_cruzes_sp,quorum_santo_andre_sp,quorum_maua_sp,quorum_sao_vicente_sp,quorum_aruja_sp,quorum_itapeva_sp,quorum_braganca_paulista_sp,quorum_lorena_sp,quorum_salto_sp,quorum_guaratingueta_sp,quorum_votuporanga_sp,quorum_ibiuna_sp,quorum_catanduva_sp,quorum_pindamonhangaba_sp,quorum_praia_grande_sp,quorum_cajamar_sp,quorum_sumare_sp,quorum_sao_jose_dos_campos_sp,quorum_paulinia_sp,quorum_barueri_sp,quorum_sao_sebastiao_sp,quorum_rio_claro_sp,quorum_cotia_sp,quorum_guarulhos_sp,quorum_assis_sp,quorum_osasco_sp,quorum_taboao_da_serra_sp,quorum_leme_sp,quorum_limeira_sp,quorum_araras_sp,quorum_marilia_sp,quorum_caraguatatuba_sp,quorum_jundiai_sp,quorum_vinhedo_sp,quorum_constituicao,quorum_sao_paulo_sp,quorum_sao_bernardo_do_campo_sp,quorum_tatui_sp,quorum_diadema_sp,quorum_varzea_paulista_sp,quorum_jau_sp,quorum_sao_caetano_do_sul_sp,quorum_jandira_sp,quorum_itapetininga_sp,quorum_aracatuca_sp,quorum_itapecerica_da_serra_sp,quorum_cruzeiro_sp,quorum_caieiras_sp,quorum_poa_sp,quorum_ubatuba_sp,quorum_itu_sp,quorum_mogi_mirim_sp,quorum_cubatao_sp,quorum_hortolandia_sp,quorum_valinhos_sp,quorum_lins_sp,quorum_embu_das_artes_sp,quorum_sao_carlos_sp,quorum_mairipora_sp,quorum_atibaia_sp,quorum_bauru_sp,quorum_franca_sp,quorum_guaruja_sp,quorum_sao_jose_do_rio_preto_sp,quorum_ferraz_de_vasconcelos_sp,quorum_votorantim_sp,quorum_mogi_guacu_sp,quorum_itanhaem_sp,quorum_franco_da_rocha_sp,quorum_sao_roque_sp,quorum_sao_joao_da_boa_vista_sp,quorum_ourinhos_sp,quorum_botucatu_sp,quorum_santana_de_parnaiba_sp,quorum_suzano_sp,quorum_sertaozinho_sp,quorum_taubate_sp,quorum_cacapava_sp,quorum_indaiatuba_sp,quorum_sorocaba_sp,quorum_bebedouro_sp,quorum_santos_sp,quorum_carapicuiba_sp,quorum_itatiba_sp,quorum_itaquaquecetuba_sp,quorum_avare_sp,quorum_araraquara_sp,quorum_ribeirao_pires_sp,quorum_campo_limpo_paulista_sp,quorum_piracicaba_sp,quorum_barretos_sp,quorum_francisco_morato_sp,quorum_ribeirao_preto_sp,quorum_americana_sp,quorum_itapevi_sp,quorum_presidente_prudente_sp,quorum_jacarei_sp,quorum_matao_sp,quorum_santa_barbara_doeste_sp
quorum_campinas_sp,0.99999976,0.47469556,0.548277,0.6271163,0.4281552,0.48855418,0.44297943,0.48452625,0.3357131,0.571835,0.36683753,0.39356446,0.4138589,0.44171265,0.5861167,0.4867192,0.44769344,0.39435855,0.45825124,0.37169075,0.3598765,0.37629414,0.32041517,0.43697378,0.34562835,0.45362014,0.3949406,0.506772,0.323515,0.37142724,0.32904875,0.40825745,0.39534524,0.379284,0.4016303,0.40628654,0.52777874,0.4430176,0.63412166,0.40656513,0.39129382,0.46666718,0.2987211,0.5762111,0.41626933,0.3268126,0.42098543,0.37950978,0.5345861,0.37346846,0.49376914,0.32836276,0.39395365,0.46805805,0.39050087,0.39198762,0.49480194,0.42811364,0.3876392,0.44270647,0.4333308,0.35341746,0.47556293,0.70801926,0.44376805,0.40662467,0.4524297,0.5737549,0.33095038,0.39490938,0.4946937,0.4978662,0.37793303,0.32948816,0.46209383,0.37162265,0.5207405,0.56515217,0.31499088,0.2731896,0.4645591,0.57300806,0.511928,0.39785397,0.37305632,0.41870618,0.44737,0.3656183,0.4596763,0.3975991,0.36185908,0.4441259,0.3230154,0.38058984,0.47458065,0.3916062,0.40644953,0.4141919,0.19117847,0.40730757,0.4575796
quorum_birigui_sp,0.47469556,0.99999976,0.61023283,0.5584189,0.58058864,0.72660446,0.5354291,0.82851076,0.48843402,0.7496691,0.53417194,0.55699897,0.4839495,0.60734195,0.73093367,0.5304936,0.57780856,0.5117328,0.6406164,0.61739016,0.65388584,0.5164498,0.46745056,0.40917206,0.48859426,0.6149404,0.45429617,0.6262698,0.65954506,0.53231925,0.48676646,0.70923376,0.5279538,0.530694,0.5979916,0.5503588,0.62979794,0.624718,0.67839646,0.7310215,0.65953535,0.54649687,0.59816074,0.7177844,0.5160214,0.56055343,0.52513933,0.4345562,0.7996644,0.52049243,0.6347835,0.6352291,0.64063907,0.5734597,0.56741095,0.64104444,0.71551955,0.6169169,0.50197685,0.5969627,0.5026775,0.52615285,0.4776149,0.50252014,0.55176926,0.48709586,0.69270897,0.6010064,0.43137476,0.5460962,0.59138036,0.5409819,0.54183686,0.48776165,0.60834146,0.4943561,0.65000755,0.6878617,0.5504174,0.4333824,0.62261385,0.6449841,0.566988,0.5941554,0.56434023,0.58629507,0.5825424,0.5293387,0.55585265,0.66384006,0.48770165,0.57460344,0.5370592,0.5642868,0.710052,0.6009114,0.5617733,0.535934,0.39901906,0.41722804,0.54591125
quorum_mogi_das_cruzes_sp,0.548277,0.61023283,1.0,0.5228288,0.584111,0.6343787,0.5494926,0.6518489,0.4639262,0.7071284,0.52353644,0.5779302,0.5050169,0.44370347,0.5832706,0.54758036,0.5040764,0.53029823,0.5281804,0.4286796,0.445082,0.4969821,0.52089995,0.42165607,0.5017091,0.7052299,0.53644454,0.52345884,0.35569742,0.40520716,0.45763937,0.5010929,0.5270591,0.4238922,0.5197911,0.5057397,0.5755951,0.56668216,0.631845,0.54391474,0.6789105,0.561833,0.28603286,0.65183353,0.46520483,0.44767016,0.5765881,0.40453878,0.63364244,0.5758631,0.483433,0.41648108,0.4422611,0.5737827,0.5169932,0.3984779,0.5806519,0.5566552,0.4403556,0.49378675,0.5342505,0.48561007,0.49411428,0.35848176,0.53585887,0.5749479,0.53341985,0.55552393,0.40943217,0.31434715,0.70313376,0.41355062,0.6241622,0.6084752,0.5909951,0.53253514,0.5015976,0.5811457,0.38534868,0.36727512,0.64271915,0.67093587,0.81124246,0.45070645,0.49188614,0.6654208,0.5273555,0.41462272,0.55816185,0.42471042,0.5467068,0.4264194,0.49772492,0.45932516,0.6211597,0.57242435,0.464629,0.45475057,0.29725075,0.48636413,0.6585208
quorum_santo_andre_sp,0.6271163,0.5584189,0.5228288,0.99999976,0.42566514,0.5379194,0.386469,0.49336538,0.26527292,0.66890204,0.2811898,0.3026392,0.41870046,0.4039683,0.68219745,0.39367354,0.42366272,0.34115827,0.536569,0.37070304,0.3545329,0.334907,0.29080668,0.4288782,0.39563626,0.40095758,0.3219255,0.4454732,0.45017692,0.34471595,0.2799538,0.43864042,0.4468361,0.4203152,0.33235496,0.3287453,0.4812693,0.41330597,0.692481,0.47419465,0.38838875,0.32040974,0.43799835,0.6808454,0.36809027,0.34908718,0.3730527,0.386656,0.5477637,0.37750804,0.45561174,0.44095525,0.39116922,0.44001895,0.3413731,0.5159711,0.58772844,0.42938188,0.47787994,0.5253855,0.40686592,0.26391894,0.40399408,0.53728545,0.39655256,0.31106448,0.5642698,0.47975492,0.32592076,0.474242,0.42470866,0.39113677,0.3521905,0.37021005,0.4389665,0.31328177,0.4396859,0.677176,0.40967345,0.30898166,0.37208095,0.56712055,0.4637769,0.48526987,0.41599727,0.37046516,0.5112803,0.28404415,0.43794537,0.50072485,0.37466455,0.33053637,0.30166408,0.44460607,0.6354394,0.3543519,0.43223903,0.3061927,0.26916927,0.2999467,0.35029805
quorum_maua_sp,0.4281552,0.58058864,0.584111,0.42566514,1.0,0.5313376,0.69046736,0.6029457,0.6037247,0.5354599,0.66919744,0.60633147,0.5989859,0.5895325,0.49093938,0.67536116,0.62656987,0.6855964,0.4271248,0.4705044,0.5131464,0.63924503,0.622121,0.39370486,0.6629815,0.6682208,0.64923394,0.4611163,0.39453954,0.5541104,0.68224204,0.42310488,0.59584594,0.49027687,0.6900522,0.6858182,0.60865843,0.5592588,0.5221124,0.4841536,0.6018423,0.6784287,0.3348695,0.58696693,0.52609956,0.5665393,0.6895126,0.46825802,0.60323703,0.6737561,0.51549196,0.63333935,0.4757529,0.59201264,0.6158451,0.37127286,0.518434,0.671662,0.47173125,0.46760756,0.64641964,0.6865831,0.54802763,0.37418085,0.6244521,0.66740376,0.5531867,0.6083386,0.6102779,0.3191496,0.67466384,0.5146487,0.6640632,0.60751164,0.6477661,0.67299736,0.75749505,0.4745169,0.38774145,0.5068412,0.588032,0.61609125,0.4814993,0.594419,0.48050588,0.60421634,0.32046384,0.55525875,0.65343916,0.41841844,0.628368,0.6014559,0.62467605,0.4995942,0.52015907,0.6485572,0.6709151,0.4534976,0.55558324,0.6628344,0.6047449
quorum_sao_vicente_sp,0.48855418,0.72660446,0.6343787,0.5379194,0.5313376,1.0000001,0.43758303,0.7829732,0.4152754,0.7500452,0.42663765,0.52127695,0.3640823,0.52118355,0.6298089,0.43624818,0.62479424,0.43440694,0.51142466,0.5321089,0.515344,0.47980624,0.45576233,0.4096926,0.5231286,0.5385348,0.4831692,0.5504576,0.555297,0.47907674,0.46479493,0.54596853,0.37444037,0.3864137,0.5612985,0.5399226,0.5720964,0.6222632,0.6271739,0.7353011,0.69962597,0.47476655,0.392366,0.736155,0.4371407,0.48102215,0.45140743,0.41122478,0.69796574,0.53773403,0.53805053,0.44433826,0.50440556,0.578254,0.45739457,0.5190015,0.6798955,0.50668085,0.39287734,0.43566942,0.3881264,0.47828907,0.3712079,0.40840247,0.4948573,0.4471594,0.6589444,0.5488156,0.400976,0.44198015,0.53352153,0.4484076,0.46801454,0.5686567,0.43548405,0.4079139,0.6087481,0.6429522,0.45573425,0.34908584,0.559425,0.6318451,0.6025733,0.4740834,0.5228226,0.45247504,0.50011915,0.36378816,0.50349027,0.4846828,0.4606237,0.46905202,0.570095,0.6103341,0.66904014,0.59640056,0.50023323,0.5083573,0.4016329,0.41919476,0.5543362
quorum_aruja_sp,0.44297943,0.5354291,0.5494926,0.386469,0.69046736,0.43758303,1.0,0.49937868,0.6492263,0.5056479,0.7907672,0.6785707,0.7616348,0.7100619,0.5671567,0.77934504,0.4902566,0.7153729,0.6419388,0.4576406,0.4433291,0.7444588,0.68019015,0.33889765,0.67355675,0.6490741,0.69487935,0.6965839,0.41182727,0.64979374,0.80029356,0.60257566,0.760018,0.59048843,0.6148221,0.7747261,0.55307746,0.67039883,0.57726073,0.4767424,0.6190045,0.7787772,0.409314,0.5776379,0.61495394,0.56736493,0.90337276,0.52533436,0.51927924,0.71267474,0.52311015,0.63550466,0.5131289,0.6822251,0.8004292,0.5355288,0.5212953,0.81026983,0.7151933,0.56073016,0.86280155,0.8182905,0.63691473,0.45098045,0.67781585,0.7520733,0.5313911,0.6462153,0.6685432,0.509987,0.6729809,0.6546576,0.79903626,0.5955241,0.7386681,0.7918663,0.5847206,0.4071526,0.41920495,0.5956345,0.6299085,0.6679324,0.50742203,0.6183541,0.66540843,0.8057628,0.3738856,0.7011115,0.7302083,0.63777876,0.7221942,0.6507977,0.67118084,0.4640968,0.53818077,0.6219846,0.73165876,0.61272836,0.49787915,0.71860594,0.6257305
quorum_itapeva_sp,0.48452625,0.82851076,0.6518489,0.49336538,0.6029457,0.7829732,0.49937868,0.9999999,0.43514368,0.77669406,0.52285206,0.5903579,0.41946244,0.6471014,0.68852806,0.553398,0.5938103,0.45260948,0.65500486,0.55366486,0.66326857,0.4892221,0.4673294,0.330298,0.44554162,0.65511847,0.49752542,0.58404213,0.668022,0.47456497,0.47291416,0.6660745,0.43351465,0.4379077,0.54126656,0.5411291,0.5838802,0.56945026,0.5966507,0.74880767,0.6331234,0.48909968,0.53636765,0.7178016,0.47420633,0.5076282,0.501168,0.38475043,0.77571714,0.49822462,0.58831805,0.5465062,0.6467543,0.5800253,0.52480173,0.585976,0.70158565,0.55704665,0.40207177,0.5486468,0.4557842,0.5660099,0.3872049,0.4468009,0.510799,0.4413053,0.6849278,0.6120503,0.4050655,0.50248134,0.639279,0.5099106,0.51168114,0.52272123,0.4984724,0.45396215,0.64621645,0.703239,0.49225527,0.37167895,0.65175486,0.6223476,0.5524759,0.5747516,0.5190023,0.5232779,0.6071385,0.43833905,0.55102384,0.6157979,0.45470178,0.57472694,0.5250875,0.5640699,0.6910274,0.56983685,0.48337483,0.5952295,0.39496744,0.42792252,0.6068176
quorum_braganca_paulista_sp,0.3357131,0.48843402,0.4639262,0.26527292,0.6037247,0.4152754,0.6492263,0.43514368,1.0000001,0.44395816,0.6155628,0.6239413,0.49403733,0.48752922,0.47916982,0.53847736,0.5841254,0.9022899,0.50040406,0.49120808,0.42326635,0.6859333,0.81636816,0.3654002,0.7020806,0.49376416,0.6411649,0.4387261,0.42804492,0.42358357,0.76094145,0.47985482,0.5860482,0.57419586,0.82224745,0.7072735,0.5688619,0.59044325,0.5224889,0.418762,0.47703263,0.76711214,0.41575915,0.5208881,0.69214225,0.54255366,0.5966356,0.63269925,0.47352692,0.7675936,0.4514918,0.5607351,0.4951577,0.6586105,0.669908,0.4222777,0.4314857,0.64687467,0.44792792,0.51865846,0.5690607,0.66569495,0.5934408,0.4293176,0.81880325,0.85083616,0.45733196,0.55722773,0.8869976,0.39485022,0.5947741,0.66144454,0.7297958,0.50951815,0.79501325,0.61058575,0.5626519,0.34165686,0.42541045,0.8015263,0.6181191,0.47712922,0.47665328,0.5328642,0.5981479,0.5771279,0.50079,0.59675467,0.71651614,0.5106771,0.8105276,0.5169698,0.58882594,0.46276006,0.50190896,0.7047596,0.6325064,0.41324198,0.5674836,0.7107639,0.54988456
quorum_lorena_sp,0.571835,0.7496691,0.7071284,0.66890204,0.5354599,0.7500452,0.5056479,0.77669406,0.44395816,1.0000001,0.44520444,0.5300951,0.40902305,0.54685307,0.669776,0.5218226,0.5721368,0.4621045,0.639532,0.5651261,0.51415086,0.4520809,0.40524995,0.51033044,0.4591114,0.5939066,0.45182097,0.6529968,0.5649161,0.53173774,0.43006325,0.6054928,0.46456233,0.43883508,0.5222256,0.51575726,0.5435511,0.60063976,0.7140541,0.7975147,0.6845942,0.50394195,0.49258196,0.7863882,0.48121634,0.416583,0.5070396,0.39374095,0.7568073,0.4818821,0.59947824,0.47377837,0.5964813,0.5699686,0.5289569,0.59854096,0.8388002,0.5932906,0.39992326,0.57799846,0.4576122,0.4626497,0.3998177,0.47615713,0.4987461,0.44583076,0.71533966,0.608384,0.3976494,0.51486784,0.6040845,0.53790975,0.4922308,0.48051375,0.56543255,0.4296342,0.64833283,0.78795123,0.4438873,0.3483392,0.5921943,0.61080873,0.6629292,0.55369914,0.5872128,0.48684853,0.69093585,0.41669142,0.56218433,0.5822183,0.42414236,0.47532213,0.5300904,0.5390773,0.7583223,0.5728333,0.52654946,0.53323233,0.3036349,0.40158516,0.5415429
quorum_salto_sp,0.36683753,0.53417194,0.52353644,0.2811898,0.66919744,0.42663765,0.7907672,0.52285206,0.6155628,0.44520444,1.0,0.64925325,0.7214472,0.65123266,0.5429846,0.82709897,0.50942,0.69117045,0.52432764,0.4916437,0.43432254,0.6927476,0.64766526,0.3370903,0.6547549,0.7245779,0.75234306,0.53781074,0.40069032,0.5989275,0.69910926,0.54172903,0.5969084,0.5597737,0.6434128,0.69873106,0.5954349,0.6259458,0.5053388,0.45725882,0.6200712,0.81591254,0.42640853,0.5025029,0.60701585,0.54137385,0.84736836,0.5090059,0.5048491,0.73310876,0.49645862,0.5544654,0.52391136,0.6460927,0.7431678,0.3804698,0.45739526,0.70851016,0.5740575,0.5080272,0.7862997,0.84894896,0.64372885,0.39178976,0.67799616,0.6867521,0.46488655,0.6290606,0.61243063,0.4175239,0.7478549,0.5697284,0.7204312,0.6138506,0.65165126,0.9566411,0.5649326,0.32911274,0.4099568,0.61332834,0.7422528,0.61946464,0.48599362,0.5537181,0.64862096,0.8142196,0.34624073,0.5993079,0.74544835,0.55836964,0.6584245,0.6466335,0.64438033,0.45445177,0.4946853,0.6377763,0.6112851,0.5841904,0.4863766,0.78800565,0.7436229
quorum_guaratingueta_sp,0.39356446,0.55699897,0.5779302,0.3026392,0.60633147,0.52127695,0.6785707,0.5903579,0.6239413,0.5300951,0.64925325,1.0,0.5205258,0.5913163,0.48415712,0.6085944,0.54474115,0.63840115,0.577095,0.4807403,0.5908917,0.6369367,0.6448822,0.40630913,0.61089075,0.62028694,0.6561295,0.5178915,0.45857203,0.53649175,0.6380763,0.5070448,0.6083265,0.4526858,0.6357335,0.6486571,0.58084226,0.7312652,0.53208447,0.5968761,0.65761995,0.6723906,0.44557863,0.58216983,0.55125105,0.554632,0.69014096,0.5014194,0.5366888,0.66318154,0.5283736,0.48866662,0.5864201,0.6477506,0.7134742,0.4896677,0.56794536,0.7182132,0.5059062,0.583426,0.6587254,0.69551706,0.5043179,0.3985762,0.64241683,0.71467984,0.55297685,0.6477306,0.59981644,0.45775646,0.7025451,0.62416446,0.73790896,0.54462576,0.60884225,0.6385182,0.5260724,0.35593268,0.4387164,0.49994758,0.7280946,0.63200784,0.50788426,0.5267653,0.5677948,0.6793886,0.462264,0.50700665,0.64399654,0.51247513,0.63212675,0.5584166,0.7429168,0.47117448,0.54136306,0.5907632,0.57140046,0.51402366,0.4483956,0.58860147,0.62974286
quorum_votuporanga_sp,0.4138589,0.4839495,0.5050169,0.41870046,0.5989859,0.3640823,0.7616348,0.41946244,0.49403733,0.40902305,0.7214472,0.5205258,1.0,0.616207,0.52707803,0.7668252,0.38606465,0.6428641,0.5803014,0.37729186,0.31235734,0.6707483,0.5611215,0.26274595,0.5375469,0.5815547,0.6545471,0.5505432,0.33820558,0.64859045,0.6788746,0.4808854,0.7051879,0.7751544,0.51238674,0.61486053,0.5251474,0.5370374,0.5918997,0.38270128,0.4500363,0.6386528,0.36579183,0.46473092,0.62769324,0.5387298,0.7193872,0.45585996,0.43869343,0.63919556,0.41331285,0.6209618,0.37468857,0.70794785,0.62171245,0.4557498,0.37648693,0.67692804,0.7037792,0.4664796,0.7282402,0.6623821,0.7343639,0.35812175,0.5950767,0.58171916,0.48741397,0.49699628,0.5448046,0.42645144,0.55719,0.50749207,0.6191693,0.56397825,0.7298107,0.7566029,0.48811877,0.34002745,0.40332144,0.68605304,0.47002715,0.61930203,0.4734664,0.5046146,0.5958282,0.6752775,0.3750245,0.60723186,0.6727078,0.58078885,0.61856914,0.54012764,0.4766531,0.3838587,0.42681807,0.5097208,0.53616065,0.49219745,0.4589681,0.7475496,0.52630085
quorum_ibiuna_sp,0.44171265,0.60734195,0.44370347,0.4039683,0.5895325,0.52118355,0.7100619,0.6471014,0.48752922,0.54685307,0.65123266,0.5913163,0.616207,1.0,0.5769253,0.6448673,0.6004483,0.52694464,0.6182777,0.55462253,0.60936904,0.5953578,0.6050825,0.28021967,0.55055904,0.5426024,0.5343418,0.6979462,0.5290069,0.5998421,0.65306556,0.6827916,0.6042484,0.52598476,0.5493336,0.6922791,0.52178276,0.60151696,0.54107237,0.5531387,0.49650222,0.5819727,0.53449756,0.58290434,0.58401453,0.6896286,0.6639504,0.47212708,0.59294045,0.5409652,0.63217306,0.6574315,0.4881913,0.6063125,0.66987526,0.6682117,0.5557871,0.6704759,0.61684895,0.5138823,0.6182895,0.71167445,0.5771157,0.4714868,0.6260375,0.52575064,0.62032115,0.608224,0.53425765,0.6289152,0.57687587,0.6076765,0.5969223,0.51051843,0.5561088,0.5982793,0.5739151,0.46631274,0.5306871,0.5328795,0.6123318,0.619787,0.39359063,0.6745623,0.5894041,0.63871014,0.42307615,0.6114972,0.6360973,0.627783,0.5794724,0.69762576,0.5235368,0.5173714,0.5367723,0.53534275,0.6371622,0.73114645,0.59969556,0.55273473,0.57813245
quorum_catanduva_sp,0.5861167,0.73093367,0.5832706,0.68219745,0.49093938,0.6298089,0.5671567,0.68852806,0.47916982,0.669776,0.5429846,0.48415712,0.52707803,0.5769253,1.0000002,0.5643471,0.59697455,0.49309513,0.61528397,0.6253735,0.6368885,0.5102716,0.45524555,0.3909523,0.51687855,0.5771415,0.48742032,0.6031203,0.67625874,0.5097898,0.4462787,0.7292388,0.55854195,0.61244875,0.52100444,0.48878706,0.62222505,0.5844263,0.74054646,0.6327845,0.52613294,0.54632175,0.6354402,0.6607358,0.54056,0.5736991,0.5299574,0.50846106,0.62688863,0.5595526,0.6609489,0.66125536,0.6296962,0.61357605,0.504128,0.58509576,0.5678043,0.61481845,0.51843774,0.64622176,0.5080277,0.5284246,0.5053327,0.59774196,0.5649047,0.52911174,0.5650431,0.641481,0.46869135,0.62968755,0.62694156,0.5604565,0.5646043,0.48094475,0.5868381,0.49359113,0.6276306,0.59631336,0.5143924,0.44954297,0.64402497,0.64683414,0.6005593,0.65285635,0.6130508,0.6005852,0.58650637,0.5507632,0.6118216,0.7348448,0.5170962,0.652361,0.4440684,0.6505058,0.66695094,0.5330044,0.5848055,0.50043964,0.39863086,0.477908,0.5878209
quorum_pindamonhangaba_sp,0.4867192,0.5304936,0.54758036,0.39367354,0.67536116,0.43624818,0.77934504,0.553398,0.53847736,0.5218226,0.82709897,0.6085944,0.7668252,0.6448673,0.5643471,0.9999998,0.49553666,0.61157835,0.6132725,0.38775888,0.38116896,0.689654,0.5795895,0.3336996,0.55100906,0.7134477,0.76202077,0.5556958,0.4088223,0.61991614,0.6746026,0.55321926,0.61343527,0.5917417,0.58315,0.68345237,0.5520502,0.55479264,0.61075747,0.44589084,0.5671217,0.75116885,0.4337297,0.5267247,0.6626475,0.40664357,0.8251185,0.50408924,0.5274446,0.6506336,0.4328668,0.5360094,0.49455583,0.6708226,0.74650455,0.43756503,0.4768489,0.7056651,0.5968329,0.53689873,0.7936575,0.7997359,0.6330845,0.4534489,0.68025935,0.6305511,0.51303804,0.59562135,0.5463917,0.4298023,0.72090375,0.5560268,0.62568957,0.60341245,0.659268,0.8350765,0.6430256,0.41754735,0.38407737,0.55845165,0.6643919,0.5965663,0.4392588,0.5220992,0.61919224,0.69925815,0.42925686,0.5729686,0.7522679,0.5663171,0.5916945,0.5688902,0.56961507,0.32684368,0.5020844,0.60402906,0.5502192,0.5546042,0.44339508,0.7687218,0.7136837
quorum_praia_grande_sp,0.44769344,0.57780856,0.5040764,0.42366272,0.62656987,0.62479424,0.4902566,0.5938103,0.5841254,0.5721368,0.50942,0.54474115,0.38606465,0.6004483,0.59697455,0.49553666,1.0000002,0.51750356,0.46218958,0.6766038,0.62742186,0.56803834,0.62602806,0.4333614,0.62646353,0.48961502,0.56935227,0.51745766,0.45508254,0.5168306,0.5780735,0.5211295,0.4031888,0.38796747,0.67853546,0.6134509,0.55172837,0.5513515,0.545959,0.5636816,0.52219766,0.5621536,0.44056177,0.6541091,0.5902442,0.57692385,0.5218675,0.5073645,0.63024336,0.6563004,0.6768894,0.57871795,0.4713069,0.5352653,0.49865022,0.49888805,0.5615142,0.5714518,0.32817715,0.44076145,0.43516776,0.5656641,0.45176452,0.5116221,0.6498154,0.57070243,0.5493703,0.5952097,0.60660696,0.4443854,0.53231984,0.5648184,0.5268506,0.6129207,0.5042364,0.49944866,0.737205,0.43795767,0.48317868,0.47665334,0.5944284,0.5185922,0.4687119,0.5654725,0.634853,0.46961868,0.43332237,0.43800318,0.58638716,0.4358586,0.6077428,0.65394175,0.5006493,0.5329957,0.56373453,0.67484546,0.60896206,0.51412505,0.67203575,0.53249425,0.5934578
quorum_cajamar_sp,0.39435855,0.5117328,0.53029823,0.34115827,0.6855964,0.43440694,0.7153729,0.45260948,0.9022899,0.4621045,0.69117045,0.63840115,0.6428641,0.52694464,0.49309513,0.61157835,0.51750356,0.9999997,0.53278065,0.46495366,0.40319562,0.7028308,0.7986728,0.41462746,0.68816644,0.5752833,0.68859756,0.44399628,0.39556688,0.45472097,0.74024534,0.47580123,0.67501783,0.6749178,0.7930351,0.6882166,0.6060518,0.62144303,0.5552843,0.4261672,0.5319393,0.7781967,0.39688015,0.5667162,0.72561264,0.5936425,0.6738882,0.6159905,0.5072297,0.7787951,0.46327895,0.57715464,0.4943487,0.7100351,0.67935294,0.41589248,0.42928907,0.69243205,0.54226816,0.5314685,0.6610428,0.7152392,0.676889,0.3905337,0.812503,0.8553754,0.50144255,0.59412384,0.8539907,0.38120598,0.6562058,0.64991057,0.78511614,0.5393594,0.84113604,0.6995866,0.5740571,0.35833657,0.44342834,0.8242214,0.6392591,0.55513775,0.52868825,0.5496738,0.6386187,0.6500124,0.42753533,0.6534562,0.7723166,0.51514024,0.8223431,0.53428686,0.61805654,0.46861935,0.5243796,0.7218479,0.63412094,0.41712117,0.5320273,0.8024588,0.6221634
quorum_sumare_sp,0.45825124,0.6406164,0.5281804,0.536569,0.4271248,0.51142466,0.6419388,0.65500486,0.50040406,0.639532,0.52432764,0.577095,0.5803014,0.6182777,0.61528397,0.6132725,0.46218958,0.53278065,0.9999999,0.50999916,0.4568253,0.5470035,0.5279968,0.3151126,0.4023664,0.51818967,0.4862287,0.5943061,0.5132649,0.49538183,0.4849387,0.59341633,0.58270156,0.5799439,0.4807158,0.49753106,0.5010518,0.5196648,0.71224546,0.5435373,0.506363,0.51703274,0.55730367,0.64114,0.66760516,0.44513857,0.57471615,0.41494936,0.56278706,0.508303,0.49036872,0.6137794,0.53557396,0.64336085,0.5892886,0.6889868,0.52611375,0.6016277,0.6130818,0.6193732,0.64368296,0.5636286,0.5466263,0.4618237,0.5983923,0.54327,0.5616728,0.5246286,0.5244812,0.55715764,0.5305631,0.6372591,0.5972902,0.4435221,0.61240906,0.5201122,0.4692585,0.55495405,0.47091898,0.5414516,0.56522906,0.5915314,0.52642673,0.58927023,0.6330749,0.58335626,0.65955675,0.4082951,0.6016574,0.71750665,0.56269807,0.46145427,0.51479995,0.42563972,0.6590914,0.5306058,0.537778,0.4696336,0.49376285,0.5000868,0.5151275
quorum_sao_jose_dos_campos_sp,0.37169075,0.61739016,0.4286796,0.37070304,0.4705044,0.5321089,0.4576406,0.55366486,0.49120808,0.5651261,0.4916437,0.4807403,0.37729186,0.55462253,0.6253735,0.38775888,0.6766038,0.46495366,0.50999916,0.9999999,0.6517197,0.46013066,0.43198404,0.4185969,0.4945069,0.41616464,0.383371,0.56695616,0.5079032,0.48916894,0.4441746,0.55912715,0.39236736,0.4007606,0.52104306,0.48162133,0.5064109,0.56870925,0.5286946,0.6198095,0.49622476,0.5188285,0.5333508,0.53505737,0.47637358,0.6097662,0.4243648,0.45514607,0.5368704,0.4915017,0.73655653,0.56624734,0.53797287,0.46085453,0.42505437,0.5060597,0.53483343,0.47895855,0.36301243,0.48424324,0.3696211,0.44299674,0.40969458,0.4362973,0.5048412,0.44144237,0.47585323,0.5307919,0.4633011,0.5291759,0.4626637,0.547423,0.4526117,0.39506683,0.5071957,0.45713633,0.623247,0.42823088,0.47494003,0.38285777,0.53627956,0.4739937,0.48050892,0.6103071,0.53069377,0.47161973,0.41523126,0.42648095,0.4947821,0.488232,0.44889957,0.6268269,0.4733164,0.5719874,0.5401007,0.51984286,0.6137692,0.5270009,0.4299769,0.40262082,0.45461363
quorum_paulinia_sp,0.3598765,0.65388584,0.445082,0.3545329,0.5131464,0.515344,0.4433291,0.66326857,0.42326635,0.51415086,0.43432254,0.5908917,0.31235734,0.60936904,0.6368885,0.38116896,0.62742186,0.40319562,0.4568253,0.6517197,1.0000001,0.41724625,0.46108,0.35441476,0.46821308,0.46862033,0.4309254,0.5311977,0.63517594,0.44593227,0.37824672,0.5833311,0.40697956,0.36331308,0.48189995,0.45027283,0.5339358,0.58915687,0.5104153,0.6064771,0.47990933,0.40657443,0.5969976,0.5561569,0.45698017,0.701665,0.37626138,0.41478944,0.5918039,0.48720634,0.7430501,0.6038424,0.6527839,0.45106286,0.43282253,0.51873076,0.5302063,0.50422275,0.34993958,0.5734136,0.32739234,0.43664676,0.37027657,0.4276711,0.4878596,0.44659755,0.57301456,0.5508021,0.42981806,0.5455941,0.51141167,0.5138756,0.4674284,0.4131649,0.41106474,0.34698933,0.6288216,0.44104275,0.4768049,0.30784902,0.5887978,0.54061955,0.35386425,0.63656646,0.5174155,0.4450289,0.43373471,0.48068672,0.48753285,0.5093843,0.46523762,0.73462313,0.41272488,0.63223565,0.5358198,0.48872566,0.5751102,0.5868158,0.47229534,0.35198802,0.5222366
quorum_barueri_sp,0.37629414,0.5164498,0.4969821,0.334907,0.63924503,0.47980624,0.7444588,0.4892221,0.6859333,0.4520809,0.6927476,0.6369367,0.6707483,0.5953578,0.5102716,0.689654,0.56803834,0.7028308,0.5470035,0.46013066,0.41724625,0.9999996,0.72729725,0.3036641,0.6223097,0.5593998,0.7459525,0.46472913,0.4436376,0.5855725,0.7693967,0.45914963,0.6981156,0.63237494,0.6591852,0.67065805,0.52701026,0.5703627,0.5828837,0.42970794,0.53260267,0.72874695,0.45757872,0.51749206,0.6300868,0.5002995,0.69137335,0.5974789,0.4552914,0.72265244,0.39311028,0.6455387,0.50940716,0.6710613,0.72498286,0.3785693,0.43180642,0.71873903,0.64158255,0.53293014,0.69347584,0.72411245,0.659336,0.44885743,0.7190087,0.7301879,0.4865101,0.54621935,0.7370548,0.3693894,0.59857166,0.62529886,0.66963744,0.5949598,0.71749157,0.69906,0.5677736,0.4017979,0.47144905,0.716735,0.5789996,0.5672509,0.47852278,0.564103,0.63567305,0.6744844,0.4438433,0.6171464,0.7289572,0.577392,0.7472887,0.5628518,0.5483781,0.3982423,0.51282245,0.6379471,0.62122214,0.43459946,0.5530998,0.79422426,0.57230365
quorum_sao_sebastiao_sp,0.32041517,0.46745056,0.52089995,0.29080668,0.622121,0.45576233,0.68019015,0.4673294,0.81636816,0.40524995,0.64766526,0.6448822,0.5611215,0.6050825,0.45524555,0.5795895,0.62602806,0.7986728,0.5279968,0.43198404,0.46108,0.72729725,1.0000002,0.35689896,0.70452046,0.5743918,0.73454434,0.40636992,0.3871455,0.4771363,0.77599907,0.45619863,0.63260245,0.6089338,0.7775559,0.69421685,0.56554365,0.58208406,0.5170326,0.39020723,0.54081887,0.72219366,0.40267065,0.521262,0.72175777,0.59756005,0.6348954,0.610986,0.44252253,0.84470063,0.46383286,0.6220472,0.4576527,0.64574665,0.682359,0.3982299,0.38962415,0.7093682,0.522576,0.47358423,0.64174426,0.6904907,0.65045863,0.43873706,0.86295426,0.842783,0.50270355,0.5587588,0.86469126,0.39455888,0.62348896,0.6742469,0.79168546,0.68008757,0.72076195,0.6369952,0.503452,0.31933403,0.418883,0.7634299,0.6384051,0.537666,0.49897075,0.49729276,0.6797519,0.65708494,0.42772436,0.6235379,0.7084806,0.5518293,0.9556456,0.56294453,0.5739565,0.46783024,0.49883747,0.73201585,0.5791855,0.4567998,0.714515,0.7443563,0.6134531
quorum_rio_claro_sp,0.43697378,0.40917206,0.42165607,0.4288782,0.39370486,0.4096926,0.33889765,0.330298,0.3654002,0.51033044,0.3370903,0.40630913,0.26274595,0.28021967,0.3909523,0.3336996,0.4333614,0.41462746,0.3151126,0.4185969,0.35441476,0.3036641,0.35689896,1.0000001,0.34706718,0.39891133,0.36355984,0.3724944,0.31255686,0.3549629,0.27970603,0.3740378,0.2275464,0.2716568,0.43745077,0.37739873,0.4272617,0.43569607,0.39546925,0.4762809,0.41647094,0.41370714,0.31137112,0.5376151,0.41423994,0.30236647,0.3745467,0.3457728,0.53649807,0.44858527,0.48015386,0.2719645,0.4180577,0.34177828,0.29897732,0.33897376,0.5056112,0.42685673,0.22775516,0.42916727,0.35094875,0.30137733,0.33205613,0.35258263,0.4075302,0.38721436,0.54481184,0.39464957,0.3156233,0.36908835,0.413217,0.3449571,0.3746439,0.3769819,0.4042612,0.35845727,0.41823572,0.36198363,0.31807822,0.22741231,0.4278013,0.40785292,0.37985635,0.27915007,0.49681154,0.36059117,0.31436813,0.3081944,0.40565118,0.31895182,0.4018538,0.33814907,0.37317133,0.39460075,0.5228456,0.47814238,0.34649858,0.35978523,0.2592973,0.31869066,0.40548858
quorum_cotia_sp,0.34562835,0.48859426,0.5017091,0.39563626,0.6629815,0.5231286,0.67355675,0.44554162,0.7020806,0.4591114,0.6547549,0.61089075,0.5375469,0.55055904,0.51687855,0.55100906,0.62646353,0.68816644,0.4023664,0.4945069,0.46821308,0.6223097,0.70452046,0.34706718,0.9999999,0.5065528,0.64101636,0.47325513,0.43189755,0.42765692,0.7646548,0.49767458,0.560812,0.42633277,0.68079877,0.7671875,0.57547224,0.7471521,0.5530492,0.48294294,0.6113672,0.7246939,0.39617026,0.58487785,0.5686207,0.6146318,0.6589255,0.52416253,0.4737759,0.73028356,0.5617935,0.5480677,0.43165755,0.5943247,0.7161318,0.46627182,0.49927562,0.64974344,0.56042826,0.5180738,0.5798505,0.6715342,0.5167851,0.37289816,0.7079109,0.7215328,0.49002045,0.6037369,0.73989093,0.44900614,0.6419002,0.5945033,0.68361735,0.56769043,0.59884286,0.63846743,0.5952098,0.38068458,0.37551826,0.5952589,0.61498773,0.6272459,0.45247185,0.5914513,0.52939725,0.6318326,0.41761982,0.5409961,0.652291,0.49479038,0.732833,0.59149426,0.67288554,0.5347992,0.5788785,0.63345677,0.7482383,0.51665956,0.5796143,0.6163414,0.58305776
quorum_guarulhos_sp,0.45362014,0.6149404,0.7052299,0.40095758,0.6682208,0.5385348,0.6490741,0.65511847,0.49376416,0.5939066,0.7245779,0.62028694,0.5815547,0.5426024,0.5771415,0.7134477,0.48961502,0.5752833,0.51818967,0.41616464,0.46862033,0.5593998,0.5743918,0.39891133,0.5065528,0.99999994,0.7187942,0.52051944,0.4077866,0.57526743,0.5837565,0.53074276,0.5199186,0.4990955,0.5618187,0.6227079,0.50106245,0.5734582,0.50909096,0.52452385,0.7098879,0.6202023,0.3168383,0.5825918,0.57820714,0.47926742,0.68452024,0.42019767,0.6255627,0.6640495,0.4559309,0.48264742,0.48478714,0.66360664,0.56630784,0.30554444,0.55119133,0.6714942,0.48182523,0.4427327,0.6556938,0.6534299,0.4991484,0.4034068,0.60996693,0.6617931,0.5556227,0.56644017,0.49228644,0.35782593,0.8793981,0.47808915,0.70217526,0.6484678,0.62148654,0.6721119,0.60518783,0.49534035,0.37134358,0.4425723,0.81634796,0.57308716,0.58010185,0.4946109,0.61491823,0.77019364,0.3597762,0.5636475,0.6952171,0.5111894,0.58722115,0.54409814,0.58368397,0.4040135,0.5369092,0.65042543,0.48496705,0.5845103,0.40127546,0.6669102,0.88268757
quorum_assis_sp,0.3949406,0.45429617,0.53644454,0.3219255,0.64923394,0.4831692,0.69487935,0.49752542,0.6411649,0.45182097,0.75234306,0.6561295,0.6545471,0.5343418,0.48742032,0.76202077,0.56935227,0.68859756,0.4862287,0.383371,0.4309254,0.7459525,0.73454434,0.36355984,0.64101636,0.7187942,1.0000001,0.44948387,0.3663723,0.6197063,0.7088319,0.4284016,0.58936536,0.5684129,0.66078556,0.6911429,0.52388984,0.6058079,0.50825167,0.44727653,0.60432243,0.6705745,0.37598556,0.53821576,0.6637137,0.4955706,0.72548413,0.5719502,0.48232868,0.8244413,0.40529191,0.5046733,0.49025762,0.712003,0.6713693,0.29662198,0.47085524,0.695637,0.52665234,0.48163676,0.6630212,0.7356061,0.592358,0.4374713,0.7528976,0.7106941,0.4725467,0.5479816,0.6825137,0.33229667,0.65821385,0.5566511,0.6460352,0.72728765,0.6461255,0.7528894,0.6119431,0.3747691,0.36556703,0.6606093,0.6294694,0.5141296,0.46209323,0.4616111,0.73199546,0.63909763,0.37946606,0.62026334,0.8490355,0.49421024,0.7517418,0.5677089,0.5828903,0.39339867,0.47567436,0.70305145,0.5704855,0.49463606,0.5588301,0.84379053,0.7784653
quorum_osasco_sp,0.506772,0.6262698,0.52345884,0.4454732,0.4611163,0.5504576,0.6965839,0.58404213,0.4387261,0.6529968,0.53781074,0.5178915,0.5505432,0.6979462,0.6031203,0.5556958,0.51745766,0.44399628,0.5943061,0.56695616,0.5311977,0.46472913,0.40636992,0.3724944,0.47325513,0.52051944,0.44948387,0.9999998,0.5058094,0.60662645,0.6001042,0.75543267,0.50812036,0.44303113,0.50102246,0.6865479,0.47079864,0.5670488,0.5507308,0.6563233,0.50627613,0.55249107,0.43452328,0.64265764,0.501194,0.53161234,0.6123422,0.4646685,0.6288833,0.45824492,0.65384614,0.5109797,0.51234293,0.5788306,0.54716814,0.69776386,0.69400036,0.6008017,0.5218638,0.503989,0.55661976,0.49839395,0.41807267,0.5308081,0.47346658,0.48676178,0.5421291,0.5265436,0.40712625,0.69254607,0.4760696,0.51591784,0.49361482,0.4546854,0.5315094,0.52511007,0.5938385,0.55590194,0.47756755,0.36144787,0.4994436,0.55919194,0.5045936,0.50314873,0.59862727,0.56798065,0.49531582,0.48285103,0.5332816,0.5645803,0.42479026,0.5886704,0.47469878,0.4869063,0.58752036,0.56102765,0.56779283,0.7563683,0.35165268,0.41001844,0.5131738
quorum_taboao_da_serra_sp,0.323515,0.65954506,0.35569742,0.45017692,0.39453954,0.555297,0.41182727,0.668022,0.42804492,0.5649161,0.40069032,0.45857203,0.33820558,0.5290069,0.67625874,0.4088223,0.45508254,0.39556688,0.5132649,0.5079032,0.63517594,0.4436376,0.3871455,0.31255686,0.43189755,0.4077866,0.3663723,0.5058094,1.0,0.382545,0.3964704,0.69014686,0.4096877,0.46290714,0.46985495,0.4724391,0.49341753,0.48481083,0.53960836,0.64980006,0.44837177,0.39561856,0.80322087,0.56060445,0.47164354,0.5259267,0.3451684,0.47583687,0.55498785,0.3874749,0.55102646,0.5942102,0.7893311,0.44260633,0.4323,0.6312841,0.5569695,0.49845326,0.40658766,0.7873537,0.35286546,0.42733896,0.36684823,0.45822838,0.49629158,0.38335025,0.5975278,0.4727711,0.39955038,0.6931402,0.418222,0.4765129,0.41471896,0.3209119,0.42868987,0.34582415,0.5402568,0.5428456,0.50146914,0.40618977,0.47692838,0.50010014,0.2953234,0.54734856,0.47637567,0.41643107,0.55272853,0.40850133,0.4506383,0.5987694,0.396388,0.5759066,0.36756277,0.49601543,0.5979789,0.50516045,0.5055442,0.5029754,0.37968552,0.32914174,0.40283406
quorum_leme_sp,0.37142724,0.53231925,0.40520716,0.34471595,0.5541104,0.47907674,0.64979374,0.47456497,0.42358357,0.53173774,0.5989275,0.53649175,0.64859045,0.5998421,0.5097898,0.61991614,0.5168306,0.45472097,0.49538183,0.48916894,0.44593227,0.5855725,0.4771363,0.3549629,0.42765692,0.57526743,0.6197063,0.60662645,0.382545,1.0,0.6107346,0.50244856,0.5547712,0.53910553,0.4560096,0.5961885,0.4465348,0.5571679,0.4754042,0.56186545,0.480972,0.47500032,0.3387727,0.48699635,0.5005873,0.48022056,0.61237025,0.39836517,0.50930786,0.55328345,0.46708828,0.5684211,0.46815234,0.56431985,0.5522425,0.4100024,0.5703203,0.7455632,0.45665076,0.40822893,0.5830177,0.5527731,0.47927505,0.4651833,0.5259554,0.54332685,0.5016516,0.48678827,0.4779235,0.4019978,0.54254436,0.48684067,0.52403533,0.5220916,0.5919625,0.6006515,0.5742137,0.40107533,0.38891786,0.4786843,0.53693706,0.48895717,0.45156252,0.50919336,0.6528638,0.5704631,0.4017295,0.60222113,0.64113814,0.5391151,0.49231339,0.5470085,0.50330764,0.44844776,0.47104347,0.5061955,0.51199955,0.558033,0.45078266,0.58436877,0.5845407
quorum_limeira_sp,0.32904875,0.48676646,0.45763937,0.2799538,0.68224204,0.46479493,0.80029356,0.47291416,0.76094145,0.43006325,0.69910926,0.6380763,0.6788746,0.65306556,0.4462787,0.6746026,0.5780735,0.74024534,0.4849387,0.4441746,0.37824672,0.7693967,0.77599907,0.27970603,0.7646548,0.5837565,0.7088319,0.6001042,0.3964704,0.6107346,1.0000001,0.55796546,0.6587252,0.5413784,0.7608565,0.9121549,0.49142647,0.597939,0.4666582,0.44847247,0.5298127,0.7505691,0.3782372,0.53553975,0.6259873,0.5511211,0.7190184,0.5744655,0.48865283,0.7042546,0.44884858,0.5602235,0.40306294,0.7001101,0.71778125,0.46571386,0.4702748,0.6861979,0.57249105,0.44083178,0.6884899,0.7211486,0.5739273,0.48024833,0.7778979,0.8007803,0.4966089,0.5129372,0.79429173,0.4484089,0.59307635,0.6582135,0.71364826,0.59682536,0.66194606,0.70126194,0.6175875,0.3367709,0.43020517,0.7361988,0.58057714,0.53381765,0.42631173,0.52443284,0.58231556,0.6553442,0.38216025,0.6258954,0.69473165,0.53062737,0.7587028,0.57840484,0.59897923,0.39034355,0.49858427,0.7129662,0.65654206,0.611781,0.5938321,0.74466807,0.610785
quorum_araras_sp,0.40825745,0.70923376,0.5010929,0.43864042,0.42310488,0.54596853,0.60257566,0.6660745,0.47985482,0.6054928,0.54172903,0.5070448,0.4808854,0.6827916,0.7292388,0.55321926,0.5211295,0.47580123,0.59341633,0.55912715,0.5833311,0.45914963,0.45619863,0.3740378,0.49767458,0.53074276,0.4284016,0.75543267,0.69014686,0.50244856,0.55796546,1.0000001,0.5213532,0.478566,0.53055596,0.67594326,0.52980924,0.56417084,0.53922653,0.655849,0.45044675,0.54358816,0.6394062,0.6166873,0.5538588,0.5172324,0.55589056,0.5079533,0.6345432,0.46443915,0.59253085,0.54189324,0.579277,0.57655895,0.5366708,0.7045799,0.5991047,0.59414834,0.48757058,0.62440884,0.5232761,0.53062314,0.43983388,0.46786076,0.56376266,0.47955093,0.5757743,0.49677968,0.42958194,0.74204075,0.53466415,0.49522263,0.54274577,0.42047366,0.49949193,0.5067703,0.561396,0.50513554,0.50817376,0.41199353,0.5785053,0.56163496,0.4409271,0.5466823,0.51977265,0.57599354,0.53434134,0.52970785,0.50248784,0.64464676,0.46247977,0.6398145,0.42756683,0.5027934,0.6316643,0.5620325,0.5266279,0.74820393,0.38713038,0.3723169,0.565884
quorum_marilia_sp,0.39534524,0.5279538,0.5270591,0.4468361,0.59584594,0.37444037,0.760018,0.43351465,0.5860482,0.46456233,0.5969084,0.6083265,0.7051879,0.6042484,0.55854195,0.61343527,0.4031888,0.67501783,0.58270156,0.39236736,0.40697956,0.6981156,0.63260245,0.2275464,0.560812,0.5199186,0.58936536,0.50812036,0.4096877,0.5547712,0.6587252,0.5213532,1.0000001,0.6837459,0.55004215,0.60185933,0.502284,0.608577,0.5980867,0.40034,0.5070488,0.62230664,0.4575873,0.5458385,0.5811291,0.52357495,0.6889852,0.55978197,0.46505338,0.5974028,0.40401003,0.63818157,0.48504597,0.61926615,0.68563473,0.4630348,0.44390178,0.7556844,0.69758385,0.5542339,0.70909345,0.6196124,0.74757147,0.36880416,0.64898825,0.6781521,0.51028574,0.54538596,0.617857,0.42351967,0.5817896,0.60307634,0.72937864,0.494793,0.7124002,0.6094718,0.48162228,0.39586183,0.46114403,0.6392379,0.5308245,0.6263941,0.51016724,0.5885054,0.5761138,0.68545866,0.44565612,0.65101594,0.64239144,0.63229895,0.6559666,0.53721666,0.54130584,0.4091839,0.49586657,0.5458632,0.62949044,0.42717874,0.4435056,0.6409757,0.48748106
quorum_caraguatatuba_sp,0.379284,0.530694,0.4238922,0.4203152,0.49027687,0.3864137,0.59048843,0.4379077,0.57419586,0.43883508,0.5597737,0.4526858,0.7751544,0.52598476,0.61244875,0.5917417,0.38796747,0.6749178,0.5799439,0.4007606,0.36331308,0.63237494,0.6089338,0.2716568,0.42633277,0.4990955,0.5684129,0.44303113,0.46290714,0.53910553,0.5413784,0.478566,0.6837459,0.99999976,0.5452014,0.46796438,0.5333735,0.45883754,0.5662057,0.42836854,0.39270622,0.54628336,0.48201954,0.44568923,0.67300963,0.48732287,0.554796,0.4985767,0.43221995,0.6149148,0.3915704,0.674568,0.42252713,0.62297875,0.51358414,0.43249768,0.34795123,0.64711326,0.60246825,0.50019586,0.59719896,0.53750914,0.75812256,0.42156762,0.64411914,0.60069925,0.52208436,0.43455184,0.60599613,0.48650908,0.48948586,0.5186822,0.5915976,0.470955,0.7574575,0.56979513,0.44066653,0.39326328,0.43864894,0.7797127,0.45002344,0.50216234,0.47380707,0.51356924,0.65841275,0.58436584,0.41042432,0.62284815,0.6498861,0.6485219,0.652789,0.48367417,0.3890983,0.4824648,0.42884088,0.5335443,0.47547108,0.34098303,0.50389034,0.6768303,0.4465316
quorum_jundiai_sp,0.4016303,0.5979916,0.5197911,0.33235496,0.6900522,0.5612985,0.6148221,0.54126656,0.82224745,0.5222256,0.6434128,0.6357335,0.51238674,0.5493336,0.52100444,0.58315,0.67853546,0.7930351,0.4807158,0.52104306,0.48189995,0.6591852,0.7775559,0.43745077,0.68079877,0.5618187,0.66078556,0.50102246,0.46985495,0.4560096,0.7608565,0.53055596,0.55004215,0.5452014,1.0000004,0.77109253,0.6416812,0.5747395,0.5791986,0.5029404,0.5879916,0.779076,0.453443,0.64968294,0.6534517,0.57650054,0.6097204,0.6041458,0.62649167,0.76623046,0.55465275,0.5693227,0.49922156,0.71715903,0.58609295,0.4580421,0.5010519,0.6265904,0.435525,0.49330026,0.5671565,0.6465899,0.58241326,0.4852146,0.796189,0.7928078,0.5608413,0.5702746,0.7328974,0.42030197,0.5706959,0.6288924,0.6985029,0.62379885,0.66552687,0.636387,0.68834233,0.4002708,0.45134875,0.6855993,0.60075974,0.57938075,0.4815329,0.4869735,0.61049974,0.58708817,0.45911688,0.4738533,0.6779542,0.51916695,0.75716686,0.57464457,0.5521769,0.49149936,0.5853045,0.81034744,0.5641277,0.4926538,0.56916595,0.6624507,0.6172478
quorum_vinhedo_sp,0.40628654,0.5503588,0.5057397,0.3287453,0.6858182,0.5399226,0.7747261,0.5411291,0.7072735,0.51575726,0.69873106,0.6486571,0.61486053,0.6922791,0.48878706,0.68345237,0.6134509,0.6882166,0.49753106,0.48162133,0.45027283,0.67065805,0.69421685,0.37739873,0.7671875,0.6227079,0.6911429,0.6865479,0.4724391,0.5961885,0.9121549,0.67594326,0.60185933,0.46796438,0.77109253,1.0000002,0.54751897,0.6503452,0.49902797,0.52962244,0.5886539,0.76896465,0.42737967,0.6203082,0.64320916,0.57906735,0.7135322,0.60758466,0.5824219,0.6611273,0.52788144,0.50379497,0.4528176,0.68775785,0.69204926,0.5531142,0.5650128,0.66716766,0.55460095,0.49756968,0.66233015,0.69999355,0.55805033,0.49005508,0.7790249,0.7518442,0.55376774,0.53284156,0.6901884,0.5302795,0.6166818,0.6233226,0.69654584,0.5862626,0.6055876,0.6988343,0.6943419,0.41121548,0.47660193,0.63519263,0.6129556,0.5959255,0.42704922,0.52289927,0.57160544,0.64277744,0.41436023,0.5823126,0.6632353,0.5186447,0.69161355,0.6400814,0.6182828,0.4321077,0.5717133,0.7517022,0.67101777,0.7381152,0.54959965,0.63875496,0.66483456
quorum_constituicao,0.52777874,0.62979794,0.5755951,0.4812693,0.60865843,0.5720964,0.55307746,0.5838802,0.5688619,0.5435511,0.5954349,0.58084226,0.5251474,0.52178276,0.62222505,0.5520502,0.55172837,0.6060518,0.5010518,0.5064109,0.5339358,0.52701026,0.56554365,0.4272617,0.57547224,0.50106245,0.52388984,0.47079864,0.49341753,0.4465348,0.49142647,0.52980924,0.502284,0.5333735,0.6416812,0.54751897,1.0000001,0.5969435,0.6078588,0.52818656,0.5114322,0.6166252,0.47648162,0.6116601,0.5070007,0.53164494,0.55378985,0.5009625,0.5323247,0.64728415,0.5642272,0.5488338,0.5339744,0.5806999,0.5219347,0.4968386,0.5166024,0.59645116,0.4325632,0.558232,0.52522767,0.5886626,0.5926555,0.43661624,0.60714775,0.5727375,0.5431613,0.62582725,0.5302869,0.45362198,0.60488725,0.51931524,0.60150504,0.5258265,0.64268625,0.594941,0.57913846,0.47692204,0.4253499,0.4854292,0.59448564,0.6271456,0.5430999,0.5137744,0.5278746,0.55130285,0.4995436,0.43493518,0.6318514,0.5293416,0.5941041,0.53064686,0.5043838,0.66582704,0.55703783,0.55511165,0.52367055,0.4225734,0.3893499,0.5563992,0.52573365
quorum_sao_paulo_sp,0.4430176,0.624718,0.56668216,0.41330597,0.5592588,0.6222632,0.67039883,0.56945026,0.59044325,0.60063976,0.6259458,0.7312652,0.5370374,0.60151696,0.5844263,0.55479264,0.5513515,0.62144303,0.5196648,0.56870925,0.58915687,0.5703627,0.58208406,0.43569607,0.7471521,0.5734582,0.6058079,0.5670488,0.48481083,0.5571679,0.597939,0.56417084,0.608577,0.45883754,0.5747395,0.6503452,0.5969435,0.99999994,0.63534284,0.70792794,0.726105,0.6455582,0.4638363,0.6881435,0.55770034,0.63215804,0.6562245,0.5163927,0.563346,0.6511144,0.61254495,0.4922439,0.5848258,0.5945011,0.73195016,0.5098498,0.68386245,0.74116576,0.56866884,0.5588076,0.55337715,0.63026685,0.5181536,0.4027381,0.632707,0.6340586,0.57196116,0.75378394,0.5846794,0.4615397,0.7287747,0.6124232,0.69756174,0.5324964,0.6279385,0.5819819,0.585304,0.45709682,0.38864517,0.4528321,0.7207822,0.68861306,0.54104215,0.6040453,0.57621145,0.6638023,0.49638936,0.60223114,0.6193266,0.5445484,0.61922556,0.6384272,0.75901496,0.562985,0.57157063,0.57551146,0.7245075,0.5936974,0.41388848,0.55375314,0.59921193
quorum_sao_bernardo_do_campo_sp,0.63412166,0.67839646,0.631845,0.692481,0.5221124,0.6271739,0.57726073,0.5966507,0.5224889,0.7140541,0.5053388,0.53208447,0.5918997,0.54107237,0.74054646,0.61075747,0.545959,0.5552843,0.71224546,0.5286946,0.5104153,0.5828837,0.5170326,0.39546925,0.5530492,0.50909096,0.50825167,0.5507308,0.53960836,0.4754042,0.4666582,0.53922653,0.5980867,0.5662057,0.5791986,0.49902797,0.6078588,0.63534284,0.9999999,0.5517367,0.59157586,0.5928332,0.5789428,0.66638416,0.64294535,0.5345239,0.53438205,0.5336393,0.582533,0.55514383,0.56513536,0.5984267,0.58798414,0.6513673,0.62026083,0.5974225,0.56467795,0.60127985,0.6004056,0.6372491,0.5606721,0.50852275,0.59262925,0.54566365,0.6515062,0.5783715,0.55141276,0.643751,0.50640935,0.5034967,0.5805496,0.6413599,0.582718,0.45530042,0.6603101,0.49884504,0.60024846,0.6301162,0.4727117,0.51406294,0.586844,0.72958875,0.6308607,0.58558863,0.57692367,0.5743146,0.7039895,0.43288097,0.6363911,0.66273355,0.5740658,0.54860896,0.475654,0.49272645,0.6697928,0.5800026,0.63547635,0.44591558,0.4409958,0.5287713,0.50918645
quorum_tatui_sp,0.40656513,0.7310215,0.54391474,0.47419465,0.4841536,0.7353011,0.4767424,0.74880767,0.418762,0.7975147,0.45725882,0.5968761,0.38270128,0.5531387,0.6327845,0.44589084,0.5636816,0.4261672,0.5435373,0.6198095,0.6064771,0.42970794,0.39020723,0.4762809,0.48294294,0.52452385,0.44727653,0.6563233,0.64980006,0.56186545,0.44847247,0.655849,0.40034,0.42836854,0.5029404,0.52962244,0.52818656,0.70792794,0.5517367,1.0000001,0.6420157,0.46241057,0.53460085,0.7609437,0.4350598,0.53382164,0.47499388,0.37536973,0.71052575,0.4988271,0.6344872,0.5120687,0.64586556,0.53279984,0.49466446,0.5719792,0.8319939,0.59313476,0.34857237,0.58897305,0.3947797,0.46906307,0.29308343,0.44238627,0.43877113,0.40237767,0.6920284,0.59470487,0.37748384,0.58252627,0.5581772,0.4945857,0.44587046,0.4875464,0.46306866,0.42585242,0.6143029,0.61088777,0.44746435,0.31144968,0.58494675,0.5342884,0.51774085,0.5322814,0.5702385,0.46376485,0.56643486,0.4496788,0.50908625,0.5386213,0.40610105,0.5588248,0.5583428,0.5709028,0.6946231,0.549898,0.5131048,0.54826444,0.31741083,0.3696179,0.4846692
quorum_diadema_sp,0.39129382,0.65953535,0.6789105,0.38838875,0.6018423,0.69962597,0.6190045,0.6331234,0.47703263,0.6845942,0.6200712,0.65761995,0.4500363,0.49650222,0.52613294,0.5671217,0.52219766,0.5319393,0.506363,0.49622476,0.47990933,0.53260267,0.54081887,0.41647094,0.6113672,0.7098879,0.60432243,0.50627613,0.44837177,0.480972,0.5298127,0.45044675,0.5070488,0.39270622,0.5879916,0.5886539,0.5114322,0.726105,0.59157586,0.6420157,1.0,0.6260757,0.3403243,0.6233233,0.4587403,0.52960217,0.65218014,0.36535206,0.59627473,0.62345994,0.57618225,0.43168205,0.5653733,0.5574014,0.67646295,0.4063745,0.67757833,0.6298176,0.46600887,0.49104807,0.57410944,0.60970783,0.42956114,0.3403653,0.5657613,0.62434083,0.59812754,0.66867846,0.44185823,0.37249896,0.7035154,0.5538988,0.6781998,0.5982307,0.52478373,0.59750104,0.5958637,0.5427645,0.3577708,0.37209713,0.70453846,0.6179737,0.5835929,0.52961636,0.58239883,0.6745706,0.41654694,0.48923194,0.57663643,0.48956147,0.554445,0.5287649,0.74671465,0.45802236,0.6347854,0.6207055,0.6457935,0.5075178,0.33846855,0.5300212,0.67771035
quorum_varzea_paulista_sp,0.46666718,0.54649687,0.561833,0.32040974,0.6784287,0.47476655,0.7787772,0.48909968,0.76711214,0.50394195,0.81591254,0.6723906,0.6386528,0.5819727,0.54632175,0.75116885,0.5621536,0.7781967,0.51703274,0.5188285,0.40657443,0.72874695,0.72219366,0.41370714,0.7246939,0.6202023,0.6705745,0.55249107,0.39561856,0.47500032,0.7505691,0.54358816,0.62230664,0.54628336,0.779076,0.76896465,0.6166252,0.6455582,0.5928332,0.46241057,0.6260757,0.9999998,0.38727242,0.54334444,0.64143574,0.55379564,0.7825005,0.59600675,0.5057894,0.7277421,0.52402025,0.5397239,0.51593757,0.68200326,0.7487901,0.43915814,0.49698198,0.691471,0.59063554,0.50508416,0.74070704,0.7582138,0.6847025,0.41638955,0.7513194,0.78849036,0.4564087,0.6259272,0.690211,0.4591031,0.6902337,0.6098083,0.73042315,0.53974885,0.73545194,0.8164863,0.63725,0.40383393,0.40695462,0.6249696,0.6699896,0.652038,0.5507803,0.5399,0.5644001,0.7518029,0.44878924,0.57632816,0.69802064,0.5692537,0.7225218,0.5927975,0.61215794,0.4719666,0.5323774,0.7264229,0.627076,0.53313684,0.44576064,0.70427454,0.6256666
quorum_jau_sp,0.2987211,0.59816074,0.28603286,0.43799835,0.3348695,0.392366,0.409314,0.53636765,0.41575915,0.49258196,0.42640853,0.44557863,0.36579183,0.53449756,0.6354402,0.4337297,0.44056177,0.39688015,0.55730367,0.5333508,0.5969976,0.45757872,0.40267065,0.31137112,0.39617026,0.3168383,0.37598556,0.43452328,0.80322087,0.3387727,0.3782372,0.6394062,0.4575873,0.48201954,0.453443,0.42737967,0.47648162,0.4638363,0.5789428,0.53460085,0.3403243,0.38727242,1.0,0.53371507,0.5188005,0.46968043,0.34459952,0.5473236,0.48087442,0.3965441,0.5285603,0.62236935,0.7395246,0.4075787,0.4445896,0.6417041,0.4400914,0.46360764,0.4912906,0.77742183,0.3792805,0.46098232,0.44497687,0.45534223,0.5482288,0.3702016,0.52339584,0.48846012,0.43299943,0.6527716,0.35554355,0.5879668,0.44942325,0.282915,0.4255868,0.38127702,0.4963452,0.43022186,0.5170133,0.46626255,0.40854973,0.45511,0.29948318,0.54686534,0.49156442,0.40611944,0.5327563,0.40559804,0.48041904,0.64030296,0.42096838,0.5691016,0.3269063,0.43811738,0.537928,0.46772528,0.53238505,0.44151333,0.43724954,0.36328733,0.35959
quorum_sao_caetano_do_sul_sp,0.5762111,0.7177844,0.65183353,0.6808454,0.58696693,0.736155,0.5776379,0.7178016,0.5208881,0.7863882,0.5025029,0.58216983,0.46473092,0.58290434,0.6607358,0.5267247,0.6541091,0.5667162,0.64114,0.53505737,0.5561569,0.51749206,0.521262,0.5376151,0.58487785,0.5825918,0.53821576,0.64265764,0.56060445,0.48699635,0.53553975,0.6166873,0.5458385,0.44568923,0.64968294,0.6203082,0.6116601,0.6881435,0.66638416,0.7609437,0.6233233,0.54334444,0.53371507,0.9999998,0.57166195,0.5077598,0.5609958,0.49628776,0.8348638,0.576789,0.61236787,0.56683517,0.5610213,0.63882697,0.5656902,0.60754883,0.81123376,0.6364554,0.5141358,0.60579324,0.52695143,0.51698923,0.48399228,0.50417316,0.5956416,0.5549147,0.7428204,0.64981186,0.5177913,0.5269008,0.6167271,0.56012547,0.57726336,0.5731677,0.53129286,0.5017376,0.67439955,0.6755563,0.5041667,0.45858613,0.61709327,0.6730218,0.5669774,0.5802134,0.6407592,0.5630202,0.6070863,0.42769426,0.60094017,0.57822037,0.5413315,0.5365983,0.54239154,0.56064975,0.78321075,0.6634046,0.5671489,0.50283056,0.46185386,0.4760789,0.59583056
quorum_jandira_sp,0.41626933,0.5160214,0.46520483,0.36809027,0.52609956,0.4371407,0.61495394,0.47420633,0.69214225,0.48121634,0.60701585,0.55125105,0.62769324,0.58401453,0.54056,0.6626475,0.5902442,0.72561264,0.66760516,0.47637358,0.45698017,0.6300868,0.72175777,0.41423994,0.5686207,0.57820714,0.6637137,0.501194,0.47164354,0.5005873,0.6259873,0.5538588,0.5811291,0.67300963,0.6534517,0.64320916,0.5070007,0.55770034,0.64294535,0.4350598,0.4587403,0.64143574,0.5188005,0.57166195,0.9999998,0.56503344,0.5774117,0.59196496,0.5245362,0.6657599,0.49331692,0.6173657,0.46561593,0.6984523,0.61052406,0.49931937,0.42010534,0.6481088,0.5214907,0.5444118,0.61446977,0.6321372,0.7164993,0.45017844,0.85086274,0.71535397,0.5194803,0.4976182,0.7221361,0.5262337,0.58937263,0.62853396,0.6699267,0.53739715,0.7342284,0.5832189,0.64279187,0.4086483,0.46476975,0.7308142,0.6249074,0.49369565,0.45071387,0.502898,0.7681776,0.61217946,0.48553342,0.5817993,0.73739076,0.5713587,0.75026786,0.6102213,0.49410632,0.4060397,0.5181273,0.80665684,0.56295824,0.49123168,0.77663803,0.7252835,0.6492735
quorum_itapetininga_sp,0.3268126,0.56055343,0.44767016,0.34908718,0.5665393,0.48102215,0.56736493,0.5076282,0.54255366,0.416583,0.54137385,0.554632,0.5387298,0.6896286,0.5736991,0.40664357,0.57692385,0.5936425,0.44513857,0.6097662,0.701665,0.5002995,0.59756005,0.30236647,0.6146318,0.47926742,0.4955706,0.53161234,0.5259267,0.48022056,0.5511211,0.5172324,0.52357495,0.48732287,0.57650054,0.57906735,0.53164494,0.63215804,0.5345239,0.53382164,0.52960217,0.55379564,0.46968043,0.5077598,0.56503344,1.0000002,0.4874629,0.4601937,0.4834506,0.60695994,0.72110695,0.61374724,0.5215184,0.56975806,0.5000047,0.50125843,0.4536696,0.56248516,0.46668154,0.4941873,0.44717073,0.5287788,0.496742,0.3781407,0.62202823,0.58680284,0.5010574,0.5786221,0.54656667,0.5487428,0.5054722,0.5451615,0.5964611,0.5003319,0.55667037,0.48004588,0.58459884,0.34002012,0.4876475,0.49703807,0.56637955,0.6137831,0.41739565,0.6812804,0.56040794,0.58195126,0.34322944,0.5717459,0.59016895,0.49910384,0.6319871,0.7558123,0.49047896,0.60883904,0.50674134,0.56937313,0.68075943,0.56329787,0.5434176,0.5088178,0.54395354
quorum_aracatuca_sp,0.42098543,0.52513933,0.5765881,0.3730527,0.6895126,0.45140743,0.90337276,0.501168,0.5966356,0.5070396,0.84736836,0.69014096,0.7193872,0.6639504,0.5299574,0.8251185,0.5218675,0.6738882,0.57471615,0.4243648,0.37626138,0.69137335,0.6348954,0.3745467,0.6589255,0.68452024,0.72548413,0.6123422,0.3451684,0.61237025,0.7190184,0.55589056,0.6889852,0.554796,0.6097204,0.7135322,0.55378985,0.6562245,0.53438205,0.47499388,0.65218014,0.7825005,0.34459952,0.5609958,0.5774117,0.4874629,0.99999976,0.45762876,0.53733945,0.71649855,0.4824632,0.5565271,0.4590647,0.6526149,0.7960452,0.46240848,0.53346384,0.80764085,0.66030014,0.51330876,0.89961636,0.8467592,0.6100639,0.39407673,0.651973,0.69056726,0.49556297,0.63686657,0.58985317,0.44674724,0.7071428,0.56727743,0.7516664,0.64035386,0.6877407,0.85490537,0.55195725,0.39159825,0.36738622,0.55130243,0.65998125,0.66947114,0.5122452,0.5518109,0.668362,0.835358,0.3382485,0.67257774,0.7185205,0.58277416,0.6554953,0.5905863,0.67007875,0.42808995,0.52441466,0.59934074,0.66905284,0.5601648,0.47287554,0.73214304,0.6764226
quorum_itapecerica_da_serra_sp,0.37950978,0.4345562,0.40453878,0.386656,0.46825802,0.41122478,0.52533436,0.38475043,0.63269925,0.39374095,0.5090059,0.5014194,0.45585996,0.47212708,0.50846106,0.50408924,0.5073645,0.6159905,0.41494936,0.45514607,0.41478944,0.5974789,0.610986,0.3457728,0.52416253,0.42019767,0.5719502,0.4646685,0.47583687,0.39836517,0.5744655,0.5079533,0.55978197,0.4985767,0.6041458,0.60758466,0.5009625,0.5163927,0.5336393,0.37536973,0.36535206,0.59600675,0.5473236,0.49628776,0.59196496,0.4601937,0.45762876,0.99999964,0.40955365,0.61561096,0.40262794,0.51324904,0.52180886,0.56622016,0.50272083,0.40588537,0.3678871,0.561095,0.48711222,0.5580603,0.44313776,0.5003202,0.5880922,0.43472853,0.6605282,0.62305623,0.42787147,0.46552908,0.64409417,0.4211589,0.4706996,0.5385815,0.54564524,0.4441078,0.5938705,0.5005795,0.52619433,0.3287488,0.60229653,0.5946217,0.47926044,0.47160786,0.4120662,0.41860485,0.53578603,0.4753349,0.4611675,0.46113974,0.59711105,0.45534503,0.6239895,0.49864516,0.40509504,0.36804783,0.46142748,0.62029123,0.5169582,0.45816308,0.45773774,0.5946156,0.47797716
quorum_cruzeiro_sp,0.5345861,0.7996644,0.63364244,0.5477637,0.60323703,0.69796574,0.51927924,0.77571714,0.47352692,0.7568073,0.5048491,0.5366888,0.43869343,0.59294045,0.62688863,0.5274446,0.63024336,0.5072297,0.56278706,0.5368704,0.5918039,0.4552914,0.44252253,0.53649807,0.4737759,0.6255627,0.48232868,0.6288833,0.55498785,0.50930786,0.48865283,0.6345432,0.46505338,0.43221995,0.62649167,0.5824219,0.5323247,0.563346,0.582533,0.71052575,0.59627473,0.5057894,0.48087442,0.8348638,0.5245362,0.4834506,0.53733945,0.40955365,1.0000001,0.5095331,0.61883014,0.52970326,0.5286303,0.58000875,0.48985505,0.5532402,0.74793667,0.5566907,0.40776056,0.5266801,0.4718653,0.48667866,0.44730097,0.48283213,0.5231094,0.488617,0.72924376,0.5838851,0.43399668,0.50246453,0.59121644,0.4990732,0.4984766,0.521671,0.5031048,0.46930245,0.6857519,0.64979815,0.49454916,0.4119359,0.6029161,0.60871756,0.50787294,0.5110011,0.5869603,0.5475068,0.48711658,0.44690695,0.5435127,0.5403742,0.44813997,0.5439857,0.49187213,0.49536976,0.68955076,0.6405605,0.48381555,0.56276304,0.43248576,0.4307535,0.6114427
quorum_caieiras_sp,0.37346846,0.52049243,0.5758631,0.37750804,0.6737561,0.53773403,0.71267474,0.49822462,0.7675936,0.4818821,0.73310876,0.66318154,0.63919556,0.5409652,0.5595526,0.6506336,0.6563004,0.7787951,0.508303,0.4915017,0.48720634,0.72265244,0.84470063,0.44858527,0.73028356,0.6640495,0.8244413,0.45824492,0.3874749,0.55328345,0.7042546,0.46443915,0.5974028,0.6149148,0.76623046,0.6611273,0.64728415,0.6511144,0.55514383,0.4988271,0.62345994,0.7277421,0.3965441,0.576789,0.6657599,0.60695994,0.71649855,0.61561096,0.5095331,1.0000001,0.5319918,0.63390195,0.5134078,0.7077744,0.64933133,0.35431623,0.49109617,0.7404005,0.5297224,0.5170474,0.65034425,0.7534728,0.63597715,0.43337813,0.7605299,0.7759081,0.5327112,0.661026,0.7803626,0.37824017,0.6805128,0.6301807,0.7564394,0.8119781,0.754167,0.7229495,0.5845932,0.37861252,0.4525262,0.6871208,0.66225636,0.57807386,0.55660534,0.5274068,0.74713874,0.6755479,0.41526854,0.62675524,0.79650915,0.55472594,0.8891689,0.5992863,0.6482257,0.54253435,0.55571955,0.7159571,0.63103724,0.45347077,0.61000896,0.80873847,0.68706906
quorum_poa_sp,0.49376914,0.6347835,0.483433,0.45561174,0.51549196,0.53805053,0.52311015,0.58831805,0.4514918,0.59947824,0.49645862,0.5283736,0.41331285,0.63217306,0.6609489,0.4328668,0.6768894,0.46327895,0.49036872,0.73655653,0.7430501,0.39311028,0.46383286,0.48015386,0.5617935,0.4559309,0.40529191,0.65384614,0.55102646,0.46708828,0.44884858,0.59253085,0.40401003,0.3915704,0.55465275,0.52788144,0.5642272,0.61254495,0.56513536,0.6344872,0.57618225,0.52402025,0.5285603,0.61236787,0.49331692,0.72110695,0.4824632,0.40262794,0.61883014,0.5319918,0.9999999,0.5596207,0.5765097,0.5186333,0.5007379,0.59176105,0.6174779,0.5309554,0.396095,0.5476693,0.40102234,0.48941004,0.4249326,0.4950862,0.5110539,0.46591806,0.5790854,0.6420423,0.44285536,0.6236084,0.50953877,0.5251172,0.4903696,0.48056376,0.4651649,0.4441161,0.66626346,0.44850945,0.45622334,0.32425192,0.5672889,0.57465816,0.44404155,0.5777503,0.5784659,0.5014204,0.43678904,0.48576528,0.5161353,0.54550475,0.48660505,0.744233,0.4921193,0.5962106,0.6134566,0.52660835,0.656309,0.61331505,0.4428454,0.39696854,0.5250366
quorum_ubatuba_sp,0.32836276,0.6352291,0.41648108,0.44095525,0.63333935,0.44433826,0.63550466,0.5465062,0.5607351,0.47377837,0.5544654,0.48866662,0.6209618,0.6574315,0.66125536,0.5360094,0.57871795,0.57715464,0.6137794,0.56624734,0.6038424,0.6455387,0.6220472,0.2719645,0.5480677,0.48264742,0.5046733,0.5109797,0.5942102,0.5684211,0.5602235,0.54189324,0.63818157,0.674568,0.5693227,0.50379497,0.5488338,0.4922439,0.5984267,0.5120687,0.43168205,0.5397239,0.62236935,0.56683517,0.6173657,0.61374724,0.5565271,0.51324904,0.52970326,0.63390195,0.5596207,0.99999994,0.6150028,0.6080767,0.5823696,0.5403607,0.42995277,0.7132093,0.6377528,0.6263795,0.60489786,0.6154066,0.6081894,0.42081878,0.5870198,0.57740796,0.57721585,0.5351364,0.5968952,0.5312543,0.51767594,0.58775365,0.61229026,0.51128656,0.69124615,0.52630377,0.5728034,0.46890953,0.50498646,0.6220871,0.51013047,0.5743378,0.4674291,0.6505321,0.61794984,0.6394675,0.51298237,0.6245975,0.628534,0.7429481,0.661613,0.6393935,0.4322383,0.53747374,0.5496612,0.5197146,0.621948,0.36366713,0.6948091,0.5648125,0.46862504
quorum_itu_sp,0.39395365,0.64063907,0.4422611,0.39116922,0.4757529,0.50440556,0.5131289,0.6467543,0.4951577,0.5964813,0.52391136,0.5864201,0.37468857,0.4881913,0.6296962,0.49455583,0.4713069,0.4943487,0.53557396,0.53797287,0.6527839,0.50940716,0.4576527,0.4180577,0.43165755,0.48478714,0.49025762,0.51234293,0.7893311,0.46815234,0.40306294,0.579277,0.48504597,0.42252713,0.49922156,0.4528176,0.5339744,0.5848258,0.58798414,0.64586556,0.5653733,0.51593757,0.7395246,0.5610213,0.46561593,0.5215184,0.4590647,0.52180886,0.5286303,0.5134078,0.5765097,0.6150028,0.99999994,0.47625872,0.5593926,0.536893,0.5945499,0.6208208,0.43388128,0.7727245,0.4592265,0.5190906,0.40467316,0.45688787,0.5174904,0.49505267,0.5890689,0.6282217,0.42221728,0.556321,0.54810494,0.56828713,0.53020185,0.38920134,0.5320599,0.46694472,0.5658572,0.51552963,0.45573893,0.36651227,0.5867709,0.5596397,0.43709543,0.54299134,0.5364791,0.5193209,0.60903865,0.4688372,0.5533421,0.6319891,0.47987938,0.57746387,0.46493682,0.46885452,0.5718207,0.52635366,0.5510014,0.4559614,0.30808353,0.41625187,0.4779814
quorum_mogi_mirim_sp,0.46805805,0.5734597,0.5737827,0.44001895,0.59201264,0.578254,0.6822251,0.5800253,0.6586105,0.5699686,0.6460927,0.6477506,0.70794785,0.6063125,0.61357605,0.6708226,0.5352653,0.7100351,0.64336085,0.46085453,0.45106286,0.6710613,0.64574665,0.34177828,0.5943247,0.66360664,0.712003,0.5788306,0.44260633,0.56431985,0.7001101,0.57655895,0.61926615,0.62297875,0.71715903,0.68775785,0.5806999,0.5945011,0.6513673,0.53279984,0.5574014,0.68200326,0.4075787,0.63882697,0.6984523,0.56975806,0.6526149,0.56622016,0.58000875,0.7077744,0.5186333,0.6080767,0.47625872,1.0000006,0.61488134,0.47078818,0.4972772,0.6679075,0.58287704,0.50228304,0.60009074,0.66840214,0.6373281,0.4038816,0.6770811,0.6855267,0.57999957,0.5019524,0.6145718,0.5091223,0.62764955,0.5393238,0.64050937,0.66545355,0.69414073,0.63919044,0.6483644,0.44268695,0.4265924,0.6756753,0.6149855,0.6090548,0.5384587,0.50750315,0.6712204,0.6255236,0.5319475,0.5808181,0.75624573,0.6341759,0.6822463,0.5602738,0.5500088,0.46732235,0.5873842,0.70464563,0.5463108,0.5048139,0.5251847,0.7177448,0.6904004
quorum_cubatao_sp,0.39050087,0.56741095,0.5169932,0.3413731,0.6158451,0.45739457,0.8004292,0.52480173,0.669908,0.5289569,0.7431678,0.7134742,0.62171245,0.66987526,0.504128,0.74650455,0.49865022,0.67935294,0.5892886,0.42505437,0.43282253,0.72498286,0.682359,0.29897732,0.7161318,0.56630784,0.6713693,0.54716814,0.4323,0.5522425,0.71778125,0.5366708,0.68563473,0.51358414,0.58609295,0.69204926,0.5219347,0.73195016,0.62026083,0.49466446,0.67646295,0.7487901,0.4445896,0.5656902,0.61052406,0.5000047,0.7960452,0.50272083,0.48985505,0.64933133,0.5007379,0.5823696,0.5593926,0.61488134,1.0,0.51972735,0.5831573,0.7601049,0.6475874,0.59687096,0.7338418,0.79086435,0.6015781,0.40231866,0.6898726,0.70744586,0.5042495,0.6810249,0.648965,0.4422037,0.70220757,0.64765596,0.7234715,0.5380329,0.6738447,0.7310938,0.5370927,0.435167,0.4244931,0.61756396,0.6906524,0.62561405,0.4870345,0.6045116,0.5985132,0.721719,0.5362645,0.64551353,0.6888541,0.61895084,0.6754494,0.5798284,0.6991972,0.37012795,0.5408145,0.5592303,0.7145196,0.49225825,0.51726377,0.6702939,0.5933871
quorum_hortolandia_sp,0.39198762,0.64104444,0.3984779,0.5159711,0.37127286,0.5190015,0.5355288,0.585976,0.4222777,0.59854096,0.3804698,0.4896677,0.4557498,0.6682117,0.58509576,0.43756503,0.49888805,0.41589248,0.6889868,0.5060597,0.51873076,0.3785693,0.3982299,0.33897376,0.46627182,0.30554444,0.29662198,0.69776386,0.6312841,0.4100024,0.46571386,0.7045799,0.4630348,0.43249768,0.4580421,0.5531142,0.4968386,0.5098498,0.5974225,0.5719792,0.4063745,0.43915814,0.6417041,0.60754883,0.49931937,0.50125843,0.46240848,0.40588537,0.5532402,0.35431623,0.59176105,0.5403607,0.536893,0.47078818,0.51972735,1.0,0.60129666,0.48483148,0.51660246,0.6302528,0.4674235,0.49099484,0.4100989,0.43417358,0.49692827,0.40110016,0.5592302,0.47800833,0.40204442,0.74854857,0.34198797,0.5575269,0.48679006,0.27863294,0.473545,0.40844196,0.44488478,0.53205824,0.4881996,0.4309337,0.3906245,0.54200727,0.40985212,0.52218854,0.50500345,0.40429574,0.6179267,0.33116633,0.45112577,0.630396,0.3933976,0.4578068,0.40005338,0.46575716,0.60884166,0.43749863,0.55245394,0.56098545,0.46215445,0.28685415,0.31829652
quorum_valinhos_sp,0.49480194,0.71551955,0.5806519,0.58772844,0.518434,0.6798955,0.5212953,0.70158565,0.4314857,0.8388002,0.45739526,0.56794536,0.37648693,0.5557871,0.5678043,0.4768489,0.5615142,0.42928907,0.52611375,0.53483343,0.5302063,0.43180642,0.38962415,0.5056112,0.49927562,0.55119133,0.47085524,0.69400036,0.5569695,0.5703203,0.4702748,0.5991047,0.44390178,0.34795123,0.5010519,0.5650128,0.5166024,0.68386245,0.56467795,0.8319939,0.67757833,0.49698198,0.4400914,0.81123376,0.42010534,0.4536696,0.53346384,0.3678871,0.74793667,0.49109617,0.6174779,0.42995277,0.5945499,0.4972772,0.5831573,0.60129666,0.9999998,0.632341,0.38082016,0.54544055,0.44375843,0.4362135,0.35302007,0.48437023,0.46172285,0.43471,0.66118693,0.6436389,0.38593155,0.54315054,0.57681185,0.4760589,0.45821163,0.4804867,0.497239,0.45706248,0.6311932,0.7616637,0.43103206,0.31737104,0.5782947,0.53980196,0.5066053,0.5244111,0.57383955,0.49525934,0.60556304,0.43402714,0.5353421,0.50205296,0.39867628,0.4832973,0.53256065,0.4732979,0.69445884,0.55732346,0.5421911,0.5635146,0.28570956,0.36991173,0.5028883
quorum_lins_sp,0.42811364,0.6169169,0.5566552,0.42938188,0.671662,0.50668085,0.81026983,0.55704665,0.64687467,0.5932906,0.70851016,0.7182132,0.67692804,0.6704759,0.61481845,0.7056651,0.5714518,0.69243205,0.6016277,0.47895855,0.50422275,0.71873903,0.7093682,0.42685673,0.64974344,0.6714942,0.695637,0.6008017,0.49845326,0.7455632,0.6861979,0.59414834,0.7556844,0.64711326,0.6265904,0.66716766,0.59645116,0.74116576,0.60127985,0.59313476,0.6298176,0.691471,0.46360764,0.6364554,0.6481088,0.56248516,0.80764085,0.561095,0.5566907,0.7404005,0.5309554,0.7132093,0.6208208,0.6679075,0.7601049,0.48483148,0.632341,0.9999999,0.6621183,0.6036811,0.8082922,0.74518144,0.6184119,0.44530982,0.6939687,0.73997283,0.61431193,0.6978867,0.6512157,0.45151734,0.75021887,0.63009274,0.7890302,0.6333867,0.77473265,0.6986011,0.5979279,0.45594865,0.41590494,0.5944602,0.710707,0.6672251,0.54404,0.5977788,0.7231077,0.79879785,0.5060967,0.7217725,0.7620392,0.68382895,0.7244027,0.6301621,0.66762805,0.4887566,0.5988176,0.6365808,0.6436826,0.5260288,0.5300128,0.6761377,0.64126897
quorum_embu_das_artes_sp,0.3876392,0.50197685,0.4403556,0.47787994,0.47173125,0.39287734,0.7151933,0.40207177,0.44792792,0.39992326,0.5740575,0.5059062,0.7037792,0.61684895,0.51843774,0.5968329,0.32817715,0.54226816,0.6130818,0.36301243,0.34993958,0.64158255,0.522576,0.22775516,0.56042826,0.48182523,0.52665234,0.5218638,0.40658766,0.45665076,0.57249105,0.48757058,0.69758385,0.60246825,0.435525,0.55460095,0.4325632,0.56866884,0.6004056,0.34857237,0.46600887,0.59063554,0.4912906,0.5141358,0.5214907,0.46668154,0.66030014,0.48711222,0.40776056,0.5297224,0.396095,0.6377528,0.43388128,0.58287704,0.6475874,0.51660246,0.38082016,0.6621183,1.0,0.5648658,0.7168491,0.59693235,0.6079304,0.35444504,0.52329636,0.52592695,0.46856973,0.46255255,0.49825603,0.46838677,0.47917873,0.51170635,0.59525764,0.47490174,0.6008389,0.5963017,0.3757742,0.38934964,0.4298703,0.543452,0.40351766,0.7237221,0.421779,0.52226883,0.505964,0.6818812,0.40544528,0.53714806,0.56564724,0.6818595,0.57763326,0.46346962,0.47436523,0.37142798,0.47509435,0.40965846,0.61598456,0.42892224,0.43544263,0.54066986,0.43446308
quorum_sao_carlos_sp,0.44270647,0.5969627,0.49378675,0.5253855,0.46760756,0.43566942,0.56073016,0.5486468,0.51865846,0.57799846,0.5080272,0.583426,0.4664796,0.5138823,0.64622176,0.53689873,0.44076145,0.5314685,0.6193732,0.48424324,0.5734136,0.53293014,0.47358423,0.42916727,0.5180738,0.4427327,0.48163676,0.503989,0.7873537,0.40822893,0.44083178,0.62440884,0.5542339,0.50019586,0.49330026,0.49756968,0.558232,0.5588076,0.6372491,0.58897305,0.49104807,0.50508416,0.77742183,0.60579324,0.5444118,0.4941873,0.51330876,0.5580603,0.5266801,0.5170474,0.5476693,0.6263795,0.7727245,0.50228304,0.59687096,0.6302528,0.54544055,0.6036811,0.5648658,1.0000001,0.51960784,0.54308623,0.50176966,0.4500551,0.55972767,0.52094704,0.5893172,0.5412748,0.50111294,0.63206863,0.5117722,0.5615353,0.5737742,0.4080752,0.557969,0.50840497,0.49761736,0.5021224,0.48787317,0.46830696,0.5139609,0.6055137,0.44797543,0.5761209,0.5427128,0.5313099,0.6167698,0.47272044,0.54976416,0.58000475,0.50717235,0.5525734,0.47548205,0.4568619,0.6996026,0.49271154,0.61039907,0.4377563,0.38643917,0.46893054,0.45114106
quorum_mairipora_sp,0.4333308,0.5026775,0.5342505,0.40686592,0.64641964,0.3881264,0.86280155,0.4557842,0.5690607,0.4576122,0.7862997,0.6587254,0.7282402,0.6182895,0.5080277,0.7936575,0.43516776,0.6610428,0.64368296,0.3696211,0.32739234,0.69347584,0.64174426,0.35094875,0.5798505,0.6556938,0.6630212,0.55661976,0.35286546,0.5830177,0.6884899,0.5232761,0.70909345,0.59719896,0.5671565,0.66233015,0.52522767,0.55337715,0.5606721,0.3947797,0.57410944,0.74070704,0.3792805,0.52695143,0.61446977,0.44717073,0.89961636,0.44313776,0.4718653,0.65034425,0.40102234,0.60489786,0.4592265,0.60009074,0.7338418,0.4674235,0.44375843,0.8082922,0.7168491,0.51960784,0.9999999,0.7776383,0.63099295,0.42520797,0.6726502,0.6957772,0.47638535,0.5918498,0.5936688,0.43612337,0.67020375,0.6247915,0.7544002,0.5442448,0.6923443,0.81976914,0.46306086,0.3887506,0.36846185,0.59175205,0.626857,0.6608636,0.4878251,0.52982664,0.6139332,0.84447014,0.37780175,0.6022814,0.68658954,0.62263143,0.65576273,0.5434104,0.5856913,0.37750888,0.5036557,0.5644836,0.57989913,0.49109593,0.48723745,0.69052076,0.6107277
quorum_atibaia_sp,0.35341746,0.52615285,0.48561007,0.26391894,0.6865831,0.47828907,0.8182905,0.5660099,0.66569495,0.4626497,0.84894896,0.69551706,0.6623821,0.71167445,0.5284246,0.7997359,0.5656641,0.7152392,0.5636286,0.44299674,0.43664676,0.72411245,0.6904907,0.30137733,0.6715342,0.6534299,0.7356061,0.49839395,0.42733896,0.5527731,0.7211486,0.53062314,0.6196124,0.53750914,0.6465899,0.69999355,0.5886626,0.63026685,0.50852275,0.46906307,0.60970783,0.7582138,0.46098232,0.51698923,0.6321372,0.5287788,0.8467592,0.5003202,0.48667866,0.7534728,0.48941004,0.6154066,0.5190906,0.66840214,0.79086435,0.49099484,0.4362135,0.74518144,0.59693235,0.54308623,0.7776383,0.99999976,0.61504436,0.36769694,0.70464283,0.6913893,0.5105625,0.67397773,0.6676736,0.43399376,0.70900404,0.65292007,0.75304854,0.6276992,0.69499695,0.81212234,0.57506,0.31100476,0.3874194,0.63184977,0.70266074,0.58931553,0.4788621,0.5838198,0.66204095,0.73546827,0.3797989,0.6455872,0.7917871,0.60224223,0.68989956,0.6153747,0.7054781,0.43273336,0.49875998,0.61334765,0.6615176,0.50675213,0.5739851,0.7922743,0.68270326
quorum_bauru_sp,0.47556293,0.4776149,0.49411428,0.40399408,0.54802763,0.3712079,0.63691473,0.3872049,0.5934408,0.3998177,0.64372885,0.5043179,0.7343639,0.5771157,0.5053327,0.6330845,0.45176452,0.676889,0.5466263,0.40969458,0.37027657,0.659336,0.65045863,0.33205613,0.5167851,0.4991484,0.592358,0.41807267,0.36684823,0.47927505,0.5739273,0.43983388,0.74757147,0.75812256,0.58241326,0.55805033,0.5926555,0.5181536,0.59262925,0.29308343,0.42956114,0.6847025,0.44497687,0.48399228,0.7164993,0.496742,0.6100639,0.5880922,0.44730097,0.63597715,0.4249326,0.6081894,0.40467316,0.6373281,0.6015781,0.4100989,0.35302007,0.6184119,0.6079304,0.50176966,0.63099295,0.61504436,1.0000001,0.38012785,0.70161223,0.62844956,0.49760735,0.5054009,0.61701596,0.4860252,0.53748226,0.5278553,0.6289252,0.49825183,0.74829435,0.650197,0.5108437,0.3840646,0.46663743,0.73293066,0.5099639,0.5561958,0.49902952,0.53274006,0.5874457,0.6318464,0.40813756,0.5902083,0.63501024,0.5561313,0.67315423,0.5326712,0.4486298,0.44754848,0.42438596,0.5961891,0.5415349,0.4057854,0.5467188,0.72125685,0.5101762
quorum_franca_sp,0.70801926,0.50252014,0.35848176,0.53728545,0.37418085,0.40840247,0.45098045,0.4468009,0.4293176,0.47615713,0.39178976,0.3985762,0.35812175,0.4714868,0.59774196,0.4534489,0.5116221,0.3905337,0.4618237,0.4362973,0.4276711,0.44885743,0.43873706,0.35258263,0.37289816,0.4034068,0.4374713,0.5308081,0.45822838,0.4651833,0.48024833,0.46786076,0.36880416,0.42156762,0.4852146,0.49005508,0.43661624,0.4027381,0.54566365,0.44238627,0.3403653,0.41638955,0.45534223,0.50417316,0.45017844,0.3781407,0.39407673,0.43472853,0.48283213,0.43337813,0.4950862,0.42081878,0.45688787,0.4038816,0.40231866,0.43417358,0.48437023,0.44530982,0.35444504,0.4500551,0.42520797,0.36769694,0.38012785,0.9999999,0.54319715,0.4626044,0.41472477,0.5779953,0.46728998,0.4646904,0.42057282,0.6120101,0.38643318,0.3437138,0.41989404,0.3697422,0.49908462,0.47145832,0.42103893,0.42302454,0.46212435,0.4467169,0.3738696,0.42064542,0.4793617,0.41855052,0.4147941,0.3990791,0.47653702,0.4992763,0.4645247,0.50778306,0.31748053,0.35224354,0.45399028,0.4428228,0.43141964,0.44772035,0.35121042,0.4085708,0.44359893
quorum_guaruja_sp,0.44376805,0.55176926,0.53585887,0.39655256,0.6244521,0.4948573,0.67781585,0.510799,0.81880325,0.4987461,0.67799616,0.64241683,0.5950767,0.6260375,0.5649047,0.68025935,0.6498154,0.812503,0.5983923,0.5048412,0.4878596,0.7190087,0.86295426,0.4075302,0.7079109,0.60996693,0.7528976,0.47346658,0.49629158,0.5259554,0.7778979,0.56376266,0.64898825,0.64411914,0.796189,0.7790249,0.60714775,0.632707,0.6515062,0.43877113,0.5657613,0.7513194,0.5482288,0.5956416,0.85086274,0.62202823,0.651973,0.6605282,0.5231094,0.7605299,0.5110539,0.5870198,0.5174904,0.6770811,0.6898726,0.49692827,0.46172285,0.6939687,0.52329636,0.55972767,0.6726502,0.70464283,0.70161223,0.54319715,1.0000002,0.8418745,0.5301098,0.5999142,0.8491328,0.47391877,0.66495025,0.74203676,0.7687241,0.57328075,0.75309,0.66234314,0.6583609,0.41952395,0.50952286,0.80543274,0.70313287,0.5678811,0.49114612,0.57474256,0.7107712,0.67795503,0.49010476,0.62776315,0.79213,0.5914781,0.8650571,0.6296737,0.55424535,0.48374528,0.5613807,0.8161905,0.66460377,0.5397073,0.6947396,0.77406293,0.70604074
quorum_sao_jose_do_rio_preto_sp,0.40662467,0.48709586,0.5749479,0.31106448,0.66740376,0.4471594,0.7520733,0.4413053,0.85083616,0.44583076,0.6867521,0.71467984,0.58171916,0.52575064,0.52911174,0.6305511,0.57070243,0.8553754,0.54327,0.44144237,0.44659755,0.7301879,0.842783,0.38721436,0.7215328,0.6617931,0.7106941,0.48676178,0.38335025,0.54332685,0.8007803,0.47955093,0.6781521,0.60069925,0.7928078,0.7518442,0.5727375,0.6340586,0.5783715,0.40237767,0.62434083,0.78849036,0.3702016,0.5549147,0.71535397,0.58680284,0.69056726,0.62305623,0.488617,0.7759081,0.46591806,0.57740796,0.49505267,0.6855267,0.70744586,0.40110016,0.43471,0.73997283,0.52592695,0.52094704,0.6957772,0.6913893,0.62844956,0.4626044,0.8418745,1.0000001,0.4774757,0.6031612,0.84447914,0.37869835,0.73533213,0.715199,0.8868339,0.5543829,0.7546197,0.6813367,0.57392573,0.3527524,0.40475914,0.7401775,0.7520524,0.5856038,0.56630147,0.5576967,0.65664625,0.7432488,0.43793792,0.6074041,0.75463283,0.53734684,0.83912075,0.55120933,0.619224,0.45594755,0.5336348,0.7387435,0.6308007,0.46887177,0.58055353,0.7610436,0.71560836
quorum_ferraz_de_vasconcelos_sp,0.4524297,0.69270897,0.53341985,0.5642698,0.5531867,0.6589444,0.5313911,0.6849278,0.45733196,0.71533966,0.46488655,0.55297685,0.48741397,0.62032115,0.5650431,0.51303804,0.5493703,0.50144255,0.5616728,0.47585323,0.57301456,0.4865101,0.50270355,0.54481184,0.49002045,0.5556227,0.4725467,0.5421291,0.5975278,0.5016516,0.4966089,0.5757743,0.51028574,0.52208436,0.5608413,0.55376774,0.5431613,0.57196116,0.55141276,0.6920284,0.59812754,0.4564087,0.52339584,0.7428204,0.5194803,0.5010574,0.49556297,0.42787147,0.72924376,0.5327112,0.5790854,0.57721585,0.5890689,0.57999957,0.5042495,0.5592302,0.66118693,0.61431193,0.46856973,0.5893172,0.47638535,0.5105625,0.49760735,0.41472477,0.5301098,0.4774757,0.99999994,0.53061926,0.44808984,0.53429735,0.55137545,0.50384074,0.51631385,0.55226886,0.5188026,0.43986005,0.57588816,0.54578185,0.4907855,0.43287888,0.56118006,0.57913923,0.4095928,0.5353594,0.6244857,0.4993571,0.46185482,0.45625612,0.54659176,0.5767113,0.5161985,0.50710577,0.50344944,0.5149081,0.67498434,0.57943845,0.47318226,0.51016414,0.4407212,0.43326986,0.5089431
quorum_votorantim_sp,0.5737549,0.6010064,0.55552393,0.47975492,0.6083386,0.5488156,0.6462153,0.6120503,0.55722773,0.608384,0.6290606,0.6477306,0.49699628,0.608224,0.641481,0.59562135,0.5952097,0.59412384,0.5246286,0.5307919,0.5508021,0.54621935,0.5587588,0.39464957,0.6037369,0.56644017,0.5479816,0.5265436,0.4727711,0.48678827,0.5129372,0.49677968,0.54538596,0.43455184,0.5702746,0.53284156,0.62582725,0.75378394,0.643751,0.59470487,0.66867846,0.6259272,0.48846012,0.64981186,0.4976182,0.5786221,0.63686657,0.46552908,0.5838851,0.661026,0.6420423,0.5351364,0.6282217,0.5019524,0.6810249,0.47800833,0.6436389,0.6978867,0.46255255,0.5412748,0.5918498,0.67397773,0.5054009,0.5779953,0.5999142,0.6031612,0.53061926,0.9999999,0.55839354,0.39434195,0.7277496,0.6878071,0.67114556,0.5153713,0.61622256,0.58400834,0.59787226,0.4835146,0.4109398,0.43510395,0.71720684,0.65204954,0.53620815,0.61852884,0.55188704,0.63303363,0.47956946,0.53684044,0.63592255,0.5599122,0.5843468,0.6348751,0.6512939,0.50423604,0.5896756,0.521142,0.6588694,0.48706746,0.367095,0.56635475,0.5688411
quorum_mogi_guacu_sp,0.33095038,0.43137476,0.40943217,0.32592076,0.6102779,0.400976,0.6685432,0.4050655,0.8869976,0.3976494,0.61243063,0.59981644,0.5448046,0.53425765,0.46869135,0.5463917,0.60660696,0.8539907,0.5244812,0.4633011,0.42981806,0.7370548,0.86469126,0.3156233,0.73989093,0.49228644,0.6825137,0.40712625,0.39955038,0.4779235,0.79429173,0.42958194,0.617857,0.60599613,0.7328974,0.6901884,0.5302869,0.5846794,0.50640935,0.37748384,0.44185823,0.690211,0.43299943,0.5177913,0.7221361,0.54656667,0.58985317,0.64409417,0.43399668,0.7803626,0.44285536,0.5968952,0.42221728,0.6145718,0.648965,0.40204442,0.38593155,0.6512157,0.49825603,0.50111294,0.5936688,0.6676736,0.61701596,0.46728998,0.8491328,0.84447914,0.44808984,0.55839354,1.0000001,0.3802347,0.58940583,0.7116974,0.73525506,0.5126872,0.7475362,0.60972023,0.5447159,0.33608383,0.4462424,0.8278623,0.6040907,0.45750892,0.4198829,0.57645917,0.6477349,0.5747088,0.42690343,0.62422764,0.72341156,0.49627924,0.8640723,0.5388737,0.57769465,0.49060416,0.49197394,0.6856193,0.65145123,0.42826757,0.6756722,0.7882792,0.55575067
quorum_itanhaem_sp,0.39490938,0.5460962,0.31434715,0.474242,0.3191496,0.44198015,0.509987,0.50248134,0.39485022,0.51486784,0.4175239,0.45775646,0.42645144,0.6289152,0.62968755,0.4298023,0.4443854,0.38120598,0.55715764,0.5291759,0.5455941,0.3693894,0.39455888,0.36908835,0.44900614,0.35782593,0.33229667,0.69254607,0.6931402,0.4019978,0.4484089,0.74204075,0.42351967,0.48650908,0.42030197,0.5302795,0.45362198,0.4615397,0.5034967,0.58252627,0.37249896,0.4591031,0.6527716,0.5269008,0.5262337,0.5487428,0.44674724,0.4211589,0.50246453,0.37824017,0.6236084,0.5312543,0.556321,0.5091223,0.4422037,0.74854857,0.54315054,0.45151734,0.46838677,0.63206863,0.43612337,0.43399376,0.4860252,0.4646904,0.47391877,0.37869835,0.53429735,0.39434195,0.3802347,0.99999976,0.3474936,0.47060788,0.41334087,0.3365807,0.44163024,0.39862263,0.47914502,0.464408,0.48456305,0.4197315,0.41302425,0.45646578,0.33383143,0.53224826,0.504184,0.44476414,0.49322823,0.4067247,0.41779408,0.60612214,0.40956038,0.55186963,0.3826685,0.48505723,0.55211437,0.47289866,0.5170989,0.631138,0.43921816,0.31622434,0.3878394
quorum_franco_da_rocha_sp,0.4946937,0.59138036,0.70313376,0.42470866,0.67466384,0.53352153,0.6729809,0.639279,0.5947741,0.6040845,0.7478549,0.7025451,0.55719,0.57687587,0.62694156,0.72090375,0.53231984,0.6562058,0.5305631,0.4626637,0.51141167,0.59857166,0.62348896,0.413217,0.6419002,0.8793981,0.65821385,0.4760696,0.418222,0.54254436,0.59307635,0.53466415,0.5817896,0.48948586,0.5706959,0.6166818,0.60488725,0.7287747,0.5805496,0.5581772,0.7035154,0.6902337,0.35554355,0.6167271,0.58937263,0.5054722,0.7071428,0.4706996,0.59121644,0.6805128,0.50953877,0.51767594,0.54810494,0.62764955,0.70220757,0.34198797,0.57681185,0.75021887,0.47917873,0.5117722,0.67020375,0.70900404,0.53748226,0.42057282,0.66495025,0.73533213,0.55137545,0.7277496,0.58940583,0.3474936,0.99999964,0.5739598,0.7789415,0.57345533,0.6802412,0.6841033,0.5915095,0.4708881,0.37666452,0.47937283,0.9316178,0.6459238,0.6109966,0.5899658,0.5671075,0.79322106,0.46089128,0.59110177,0.709659,0.55195844,0.63621706,0.5820774,0.677964,0.4765147,0.56085634,0.5870111,0.56456184,0.54532766,0.3968929,0.6758153,0.8396872
quorum_sao_roque_sp,0.4978662,0.5409819,0.41355062,0.39113677,0.5146487,0.4484076,0.6546576,0.5099106,0.66144454,0.53790975,0.5697284,0.62416446,0.50749207,0.6076765,0.5604565,0.5560268,0.5648184,0.64991057,0.6372591,0.547423,0.5138756,0.62529886,0.6742469,0.3449571,0.5945033,0.47808915,0.5566511,0.51591784,0.4765129,0.48684067,0.6582135,0.49522263,0.60307634,0.5186822,0.6288924,0.6233226,0.51931524,0.6124232,0.6413599,0.4945857,0.5538988,0.6098083,0.5879668,0.56012547,0.62853396,0.5451615,0.56727743,0.5385815,0.4990732,0.6301807,0.5251172,0.58775365,0.56828713,0.5393238,0.64765596,0.5575269,0.4760589,0.63009274,0.51170635,0.5615353,0.6247915,0.65292007,0.5278553,0.6120101,0.74203676,0.715199,0.50384074,0.6878071,0.7116974,0.47060788,0.5739598,1.0000001,0.72790194,0.39132357,0.6334435,0.5474837,0.5417901,0.4110247,0.42490882,0.6454294,0.6202183,0.54350984,0.4552707,0.6069826,0.6173563,0.5843576,0.4791363,0.5281892,0.6710384,0.6098423,0.6856805,0.60360765,0.5669199,0.45504075,0.5186939,0.5974923,0.65871555,0.49779752,0.53655255,0.6086478,0.52660054
quorum_sao_joao_da_boa_vista_sp,0.37793303,0.54183686,0.6241622,0.3521905,0.6640632,0.46801454,0.79903626,0.51168114,0.7297958,0.4922308,0.7204312,0.73790896,0.6191693,0.5969223,0.5646043,0.62568957,0.5268506,0.78511614,0.5972902,0.4526117,0.4674284,0.66963744,0.79168546,0.3746439,0.68361735,0.70217526,0.6460352,0.49361482,0.41471896,0.52403533,0.71364826,0.54274577,0.72937864,0.5915976,0.6985029,0.69654584,0.60150504,0.69756174,0.582718,0.44587046,0.6781998,0.73042315,0.44942325,0.57726336,0.6699267,0.5964611,0.7516664,0.54564524,0.4984766,0.7564394,0.4903696,0.61229026,0.53020185,0.64050937,0.7234715,0.48679006,0.45821163,0.7890302,0.59525764,0.5737742,0.7544002,0.75304854,0.6289252,0.38643318,0.7687241,0.8868339,0.51631385,0.67114556,0.73525506,0.41334087,0.7789415,0.72790194,1.0000002,0.561268,0.7481399,0.7104322,0.50060767,0.36633474,0.3950428,0.64122915,0.76480484,0.65995896,0.5960667,0.5742103,0.63876164,0.8082354,0.4075452,0.636029,0.6889727,0.5927417,0.79990804,0.6165401,0.69442403,0.48929197,0.532472,0.65820587,0.67368054,0.5170533,0.56557715,0.69332373,0.69336617
quorum_ourinhos_sp,0.32948816,0.48776165,0.6084752,0.37021005,0.60751164,0.5686567,0.5955241,0.52272123,0.50951815,0.48051375,0.6138506,0.54462576,0.56397825,0.51051843,0.48094475,0.60341245,0.6129207,0.5393594,0.4435221,0.39506683,0.4131649,0.5949598,0.68008757,0.3769819,0.56769043,0.6484678,0.72728765,0.4546854,0.3209119,0.5220916,0.59682536,0.42047366,0.494793,0.470955,0.62379885,0.5862626,0.5258265,0.5324964,0.45530042,0.4875464,0.5982307,0.53974885,0.282915,0.5731677,0.53739715,0.5003319,0.64035386,0.4441078,0.521671,0.8119781,0.48056376,0.51128656,0.38920134,0.66545355,0.5380329,0.27863294,0.4804867,0.6333867,0.47490174,0.4080752,0.5442448,0.6276992,0.49825183,0.3437138,0.57328075,0.5543829,0.55226886,0.5153713,0.5126872,0.3365807,0.57345533,0.39132357,0.561268,1.0000002,0.539719,0.6017971,0.5625951,0.3415889,0.4016545,0.4740078,0.5487098,0.5297731,0.5375772,0.42022786,0.6735722,0.58172774,0.34769052,0.5167778,0.6341503,0.47603002,0.7097858,0.5215152,0.57470083,0.41591662,0.5145441,0.63601357,0.49828935,0.42252547,0.5253788,0.6548495,0.63762033
quorum_botucatu_sp,0.46209383,0.60834146,0.5909951,0.4389665,0.6477661,0.43548405,0.7386681,0.4984724,0.79501325,0.56543255,0.65165126,0.60884225,0.7298107,0.5561088,0.5868381,0.659268,0.5042364,0.84113604,0.61240906,0.5071957,0.41106474,0.71749157,0.72076195,0.4042612,0.59884286,0.62148654,0.6461255,0.5315094,0.42868987,0.5919625,0.66194606,0.49949193,0.7124002,0.7574575,0.66552687,0.6055876,0.64268625,0.6279385,0.6603101,0.46306866,0.52478373,0.73545194,0.4255868,0.53129286,0.7342284,0.55667037,0.6877407,0.5938705,0.5031048,0.754167,0.4651649,0.69124615,0.5320599,0.69414073,0.6738447,0.473545,0.497239,0.77473265,0.6008389,0.557969,0.6923443,0.69499695,0.74829435,0.41989404,0.75309,0.7546197,0.5188026,0.61622256,0.7475362,0.44163024,0.6802412,0.6334435,0.7481399,0.539719,1.0000001,0.65395236,0.5732109,0.49299428,0.4450374,0.7362703,0.6217849,0.5893582,0.63931966,0.56854725,0.6784878,0.7010108,0.53789616,0.71825176,0.78816426,0.63349295,0.77512836,0.5250182,0.5868981,0.4946792,0.5104116,0.64367247,0.63568425,0.4127017,0.5013954,0.7597033,0.56277925
quorum_santana_de_parnaiba_sp,0.37162265,0.4943561,0.53253514,0.31328177,0.67299736,0.4079139,0.7918663,0.45396215,0.61058575,0.4296342,0.9566411,0.6385182,0.7566029,0.5982793,0.49359113,0.8350765,0.49944866,0.6995866,0.5201122,0.45713633,0.34698933,0.69906,0.6369952,0.35845727,0.63846743,0.6721119,0.7528894,0.52511007,0.34582415,0.6006515,0.70126194,0.5067703,0.6094718,0.56979513,0.636387,0.6988343,0.594941,0.5819819,0.49884504,0.42585242,0.59750104,0.8164863,0.38127702,0.5017376,0.5832189,0.48004588,0.85490537,0.5005795,0.46930245,0.7229495,0.4441161,0.52630377,0.46694472,0.63919044,0.7310938,0.40844196,0.45706248,0.6986011,0.5963017,0.50840497,0.81976914,0.81212234,0.650197,0.3697422,0.66234314,0.6813367,0.43986005,0.58400834,0.60972023,0.39862263,0.6841033,0.5474837,0.7104322,0.6017971,0.65395236,1.0,0.5339868,0.32913214,0.38317925,0.63256407,0.65176344,0.60238194,0.4627122,0.51506656,0.6245485,0.7638861,0.3343584,0.5445103,0.73256874,0.49703816,0.6462911,0.56709707,0.61912465,0.4342255,0.4996299,0.61274517,0.5897132,0.52480495,0.4611538,0.77742,0.67743707
quorum_suzano_sp,0.5207405,0.65000755,0.5015976,0.4396859,0.75749505,0.6087481,0.5847206,0.64621645,0.5626519,0.64833283,0.5649326,0.5260724,0.48811877,0.5739151,0.6276306,0.6430256,0.737205,0.5740571,0.4692585,0.623247,0.6288216,0.5677736,0.503452,0.41823572,0.5952098,0.60518783,0.6119431,0.5938385,0.5402568,0.5742137,0.6175875,0.561396,0.48162228,0.44066653,0.68834233,0.6943419,0.57913846,0.585304,0.60024846,0.6143029,0.5958637,0.63725,0.4963452,0.67439955,0.64279187,0.58459884,0.55195725,0.52619433,0.6857519,0.5845932,0.66626346,0.5728034,0.5658572,0.6483644,0.5370927,0.44488478,0.6311932,0.5979279,0.3757742,0.49761736,0.46306086,0.57506,0.5108437,0.49908462,0.6583609,0.57392573,0.57588816,0.59787226,0.5447159,0.47914502,0.5915095,0.5417901,0.50060767,0.5625951,0.5732109,0.5339868,0.99999976,0.5372839,0.4597574,0.45352983,0.58656585,0.4939237,0.41442457,0.6282445,0.5985377,0.4804101,0.4231034,0.54106134,0.6534291,0.4714526,0.5291689,0.69236374,0.54981464,0.5157253,0.5888828,0.76611793,0.6838562,0.55716866,0.5192324,0.5940014,0.6457685
quorum_sertaozinho_sp,0.56515217,0.6878617,0.5811457,0.677176,0.4745169,0.6429522,0.4071526,0.703239,0.34165686,0.78795123,0.32911274,0.35593268,0.34002745,0.46631274,0.59631336,0.41754735,0.43795767,0.35833657,0.55495405,0.42823088,0.44104275,0.4017979,0.31933403,0.36198363,0.38068458,0.49534035,0.3747691,0.55590194,0.5428456,0.40107533,0.3367709,0.50513554,0.39586183,0.39326328,0.4002708,0.41121548,0.47692204,0.45709682,0.6301162,0.61088777,0.5427645,0.40383393,0.43022186,0.6755563,0.4086483,0.34002012,0.39159825,0.3287488,0.64979815,0.37861252,0.44850945,0.46890953,0.51552963,0.44268695,0.435167,0.53205824,0.7616637,0.45594865,0.38934964,0.5021224,0.3887506,0.31100476,0.3840646,0.47145832,0.41952395,0.3527524,0.54578185,0.4835146,0.33608383,0.464408,0.4708881,0.4110247,0.36633474,0.3415889,0.49299428,0.32913214,0.5372839,0.9999999,0.42224342,0.31063846,0.4455189,0.52022326,0.51865506,0.5021188,0.4422399,0.3953488,0.6262005,0.3474223,0.47354606,0.5370485,0.35014743,0.38149518,0.32523274,0.47415966,0.62813306,0.4649776,0.45607418,0.42675787,0.28104365,0.31502542,0.4187153
quorum_taubate_sp,0.31499088,0.5504174,0.38534868,0.40967345,0.38774145,0.45573425,0.41920495,0.49225527,0.42541045,0.4438873,0.4099568,0.4387164,0.40332144,0.5306871,0.5143924,0.38407737,0.48317868,0.44342834,0.47091898,0.47494003,0.4768049,0.47144905,0.418883,0.31807822,0.37551826,0.37134358,0.36556703,0.47756755,0.50146914,0.38891786,0.43020517,0.50817376,0.46114403,0.43864894,0.45134875,0.47660193,0.4253499,0.38864517,0.4727117,0.44746435,0.3577708,0.40695462,0.5170133,0.5041667,0.46476975,0.4876475,0.36738622,0.60229653,0.49454916,0.4525262,0.45622334,0.50498646,0.45573893,0.4265924,0.4244931,0.4881996,0.43103206,0.41590494,0.4298703,0.48787317,0.36846185,0.3874194,0.46663743,0.42103893,0.50952286,0.40475914,0.4907855,0.4109398,0.4462424,0.48456305,0.37666452,0.42490882,0.3950428,0.4016545,0.4450374,0.38317925,0.4597574,0.42224342,1.0,0.47352117,0.44152534,0.42132378,0.3687305,0.47878134,0.46960014,0.41876557,0.41490802,0.37099415,0.41749477,0.49225372,0.45727438,0.44336236,0.33703226,0.41983715,0.48102552,0.4784613,0.45834684,0.45113957,0.4219196,0.3925738,0.3983534
quorum_cacapava_sp,0.2731896,0.4333824,0.36727512,0.30898166,0.5068412,0.34908584,0.5956345,0.37167895,0.8015263,0.3483392,0.61332834,0.49994758,0.68605304,0.5328795,0.44954297,0.55845165,0.47665334,0.8242214,0.5414516,0.38285777,0.30784902,0.716735,0.7634299,0.22741231,0.5952589,0.4425723,0.6606093,0.36144787,0.40618977,0.4786843,0.7361988,0.41199353,0.6392379,0.7797127,0.6855993,0.63519263,0.4854292,0.4528321,0.51406294,0.31144968,0.37209713,0.6249696,0.46626255,0.45858613,0.7308142,0.49703807,0.55130243,0.5946217,0.4119359,0.6871208,0.32425192,0.6220871,0.36651227,0.6756753,0.61756396,0.4309337,0.31737104,0.5944602,0.543452,0.46830696,0.59175205,0.63184977,0.73293066,0.42302454,0.80543274,0.7401775,0.43287888,0.43510395,0.8278623,0.4197315,0.47937283,0.6454294,0.64122915,0.4740078,0.7362703,0.63256407,0.45352983,0.31063846,0.47352117,0.9999999,0.4943869,0.42447796,0.41134435,0.51005876,0.64051193,0.5594827,0.4493674,0.58604705,0.7288573,0.5711555,0.77596295,0.4722058,0.4378495,0.37246442,0.4376067,0.6359778,0.53378534,0.36014676,0.6605053,0.77674025,0.513686
quorum_indaiatuba_sp,0.4645591,0.62261385,0.64271915,0.37208095,0.588032,0.559425,0.6299085,0.65175486,0.6181191,0.5921943,0.7422528,0.7280946,0.47002715,0.6123318,0.64402497,0.6643919,0.5944284,0.6392591,0.56522906,0.53627956,0.5887978,0.5789996,0.6384051,0.4278013,0.61498773,0.81634796,0.6294694,0.4994436,0.47692838,0.53693706,0.58057714,0.5785053,0.5308245,0.45002344,0.60075974,0.6129556,0.59448564,0.7207822,0.586844,0.58494675,0.70453846,0.6699896,0.40854973,0.61709327,0.6249074,0.56637955,0.65998125,0.47926044,0.6029161,0.66225636,0.5672889,0.51013047,0.5867709,0.6149855,0.6906524,0.3906245,0.5782947,0.710707,0.40351766,0.5139609,0.626857,0.70266074,0.5099639,0.46212435,0.70313287,0.7520524,0.56118006,0.71720684,0.6040907,0.41302425,0.9316178,0.6202183,0.76480484,0.5487098,0.6217849,0.65176344,0.58656585,0.4455189,0.44152534,0.4943869,0.9999998,0.6011533,0.58409774,0.62533504,0.62075984,0.7822983,0.47399974,0.5622219,0.7033893,0.567803,0.63873965,0.61545825,0.676615,0.48426616,0.5806861,0.6297759,0.56680787,0.5747087,0.45729905,0.64806354,0.845787
quorum_sorocaba_sp,0.57300806,0.6449841,0.67093587,0.56712055,0.61609125,0.6318451,0.6679324,0.6223476,0.47712922,0.61080873,0.61946464,0.63200784,0.61930203,0.619787,0.64683414,0.5965663,0.5185922,0.55513775,0.5915314,0.4739937,0.54061955,0.5672509,0.537666,0.40785292,0.6272459,0.57308716,0.5141296,0.55919194,0.50010014,0.48895717,0.53381765,0.56163496,0.6263941,0.50216234,0.57938075,0.5959255,0.6271456,0.68861306,0.72958875,0.5342884,0.6179737,0.652038,0.45511,0.6730218,0.49369565,0.6137831,0.66947114,0.47160786,0.60871756,0.57807386,0.57465816,0.5743378,0.5596397,0.6090548,0.62561405,0.54200727,0.53980196,0.6672251,0.7237221,0.6055137,0.6608636,0.58931553,0.5561958,0.4467169,0.5678811,0.5856038,0.57913923,0.65204954,0.45750892,0.45646578,0.6459238,0.54350984,0.65995896,0.5297731,0.5893582,0.60238194,0.4939237,0.52022326,0.42132378,0.42447796,0.6011533,0.9999999,0.61532867,0.5339997,0.503059,0.7055928,0.5184668,0.4827133,0.57339,0.6090785,0.57564807,0.60697913,0.53977954,0.56423306,0.6181063,0.5091294,0.6135791,0.5352639,0.38907048,0.49041778,0.5723376
quorum_bebedouro_sp,0.511928,0.566988,0.81124246,0.4637769,0.4814993,0.6025733,0.50742203,0.5524759,0.47665328,0.6629292,0.48599362,0.50788426,0.4734664,0.39359063,0.6005593,0.4392588,0.4687119,0.52868825,0.52642673,0.48050892,0.35386425,0.47852278,0.49897075,0.37985635,0.45247185,0.58010185,0.46209323,0.5045936,0.2953234,0.45156252,0.42631173,0.4409271,0.51016724,0.47380707,0.4815329,0.42704922,0.5430999,0.54104215,0.6308607,0.51774085,0.5835929,0.5507803,0.29948318,0.5669774,0.45071387,0.41739565,0.5122452,0.4120662,0.50787294,0.55660534,0.44404155,0.4674291,0.43709543,0.5384587,0.4870345,0.40985212,0.5066053,0.54404,0.421779,0.44797543,0.4878251,0.4788621,0.49902952,0.3738696,0.49114612,0.56630147,0.4095928,0.53620815,0.4198829,0.33383143,0.6109966,0.4552707,0.5960667,0.5375772,0.63931966,0.4627122,0.41442457,0.51865506,0.3687305,0.41134435,0.58409774,0.61532867,1.0000002,0.4358337,0.5000445,0.63256896,0.5912605,0.45797968,0.5280074,0.523409,0.5273938,0.38878945,0.48736286,0.46296734,0.5403127,0.5016826,0.45497936,0.3533355,0.31794655,0.4711364,0.54977036
quorum_santos_sp,0.39785397,0.5941554,0.45070645,0.48526987,0.594419,0.4740834,0.6183541,0.5747516,0.5328642,0.55369914,0.5537181,0.5267653,0.5046146,0.6745623,0.65285635,0.5220992,0.5654725,0.5496738,0.58927023,0.6103071,0.63656646,0.564103,0.49729276,0.27915007,0.5914513,0.4946109,0.4616111,0.50314873,0.54734856,0.50919336,0.52443284,0.5466823,0.5885054,0.51356924,0.4869735,0.52289927,0.5137744,0.6040453,0.58558863,0.5322814,0.52961636,0.5399,0.54686534,0.5802134,0.502898,0.6812804,0.5518109,0.41860485,0.5110011,0.5274068,0.5777503,0.6505321,0.54299134,0.50750315,0.6045116,0.52218854,0.5244111,0.5977788,0.52226883,0.5761209,0.52982664,0.5838198,0.53274006,0.42064542,0.57474256,0.5576967,0.5353594,0.61852884,0.57645917,0.53224826,0.5899658,0.6069826,0.5742103,0.42022786,0.56854725,0.51506656,0.6282445,0.5021188,0.47878134,0.51005876,0.62533504,0.5339997,0.4358337,0.9999999,0.52786237,0.5835569,0.44765073,0.55571854,0.6063942,0.58612514,0.5248735,0.66891074,0.5756774,0.563351,0.5888351,0.4623254,0.7529358,0.49645686,0.48392493,0.5233798,0.5262867
quorum_carapicuiba_sp,0.37305632,0.56434023,0.49188614,0.41599727,0.48050588,0.5228226,0.66540843,0.5190023,0.5981479,0.5872128,0.64862096,0.5677948,0.5958282,0.5894041,0.6130508,0.61919224,0.634853,0.6386187,0.6330749,0.53069377,0.5174155,0.63567305,0.6797519,0.49681154,0.52939725,0.61491823,0.73199546,0.59862727,0.47637567,0.6528638,0.58231556,0.51977265,0.5761138,0.65841275,0.61049974,0.57160544,0.5278746,0.57621145,0.57692367,0.5702385,0.58239883,0.5644001,0.49156442,0.6407592,0.7681776,0.56040794,0.668362,0.53578603,0.5869603,0.74713874,0.5784659,0.61794984,0.5364791,0.6712204,0.5985132,0.50500345,0.57383955,0.7231077,0.505964,0.5427128,0.6139332,0.66204095,0.5874457,0.4793617,0.7107712,0.65664625,0.6244857,0.55188704,0.6477349,0.504184,0.5671075,0.6173563,0.63876164,0.6735722,0.6784878,0.6245485,0.5985377,0.4422399,0.46960014,0.64051193,0.62075984,0.503059,0.5000445,0.52786237,1.0000004,0.63201165,0.44079632,0.62192124,0.80086046,0.63044214,0.7085788,0.58719516,0.535521,0.5018842,0.60220397,0.75945675,0.5795083,0.47616923,0.6663334,0.72056043,0.6700942
quorum_itatiba_sp,0.41870618,0.58629507,0.6654208,0.37046516,0.60421634,0.45247504,0.8057628,0.5232779,0.5771279,0.48684853,0.8142196,0.6793886,0.6752775,0.63871014,0.6005852,0.69925815,0.46961868,0.6500124,0.58335626,0.47161973,0.4450289,0.6744844,0.65708494,0.36059117,0.6318326,0.77019364,0.63909763,0.56798065,0.41643107,0.5704631,0.6553442,0.57599354,0.68545866,0.58436584,0.58708817,0.64277744,0.55130285,0.6638023,0.5743146,0.46376485,0.6745706,0.7518029,0.40611944,0.5630202,0.61217946,0.58195126,0.835358,0.4753349,0.5475068,0.6755479,0.5014204,0.6394675,0.5193209,0.6255236,0.721719,0.40429574,0.49525934,0.79879785,0.6818812,0.5313099,0.84447014,0.73546827,0.6318464,0.41855052,0.67795503,0.7432488,0.4993571,0.63303363,0.5747088,0.44476414,0.79322106,0.5843576,0.8082354,0.58172774,0.7010108,0.7638861,0.4804101,0.3953488,0.41876557,0.5594827,0.7822983,0.7055928,0.63256896,0.5835569,0.63201165,0.99999994,0.37327778,0.657916,0.6848359,0.6596152,0.6917778,0.6193092,0.61482596,0.44182825,0.51739943,0.61170685,0.5997975,0.56227076,0.49056712,0.65667474,0.75652754
quorum_itaquaquecetuba_sp,0.44737,0.5825424,0.5273555,0.5112803,0.32046384,0.50011915,0.3738856,0.6071385,0.50079,0.69093585,0.34624073,0.462264,0.3750245,0.42307615,0.58650637,0.42925686,0.43332237,0.42753533,0.65955675,0.41523126,0.43373471,0.4438433,0.42772436,0.31436813,0.41761982,0.3597762,0.37946606,0.49531582,0.55272853,0.4017295,0.38216025,0.53434134,0.44565612,0.41042432,0.45911688,0.41436023,0.4995436,0.49638936,0.7039895,0.56643486,0.41654694,0.44878924,0.5327563,0.6070863,0.48553342,0.34322944,0.3382485,0.4611675,0.48711658,0.41526854,0.43678904,0.51298237,0.60903865,0.5319475,0.5362645,0.6179267,0.60556304,0.5060967,0.40544528,0.6167698,0.37780175,0.3797989,0.40813756,0.4147941,0.49010476,0.43793792,0.46185482,0.47956946,0.42690343,0.49322823,0.46089128,0.4791363,0.4075452,0.34769052,0.53789616,0.3343584,0.4231034,0.6262005,0.41490802,0.4493674,0.47399974,0.5184668,0.5912605,0.44765073,0.44079632,0.37327778,1.0,0.30707538,0.48581636,0.6590686,0.42777765,0.35572726,0.33234453,0.37013358,0.6625512,0.41662452,0.416555,0.34803957,0.3274277,0.348393,0.3709795
quorum_avare_sp,0.3656183,0.5293387,0.41462272,0.28404415,0.55525875,0.36378816,0.7011115,0.43833905,0.59675467,0.41669142,0.5993079,0.50700665,0.60723186,0.6114972,0.5507632,0.5729686,0.43800318,0.6534562,0.4082951,0.42648095,0.48068672,0.6171464,0.6235379,0.3081944,0.5409961,0.5636475,0.62026334,0.48285103,0.40850133,0.60222113,0.6258954,0.52970785,0.65101594,0.62284815,0.4738533,0.5823126,0.43493518,0.60223114,0.43288097,0.4496788,0.48923194,0.57632816,0.40559804,0.42769426,0.5817993,0.5717459,0.67257774,0.46113974,0.44690695,0.62675524,0.48576528,0.6245975,0.4688372,0.5808181,0.64551353,0.33116633,0.43402714,0.7217725,0.53714806,0.47272044,0.6022814,0.6455872,0.5902083,0.3990791,0.62776315,0.6074041,0.45625612,0.53684044,0.62422764,0.4067247,0.59110177,0.5281892,0.636029,0.5167778,0.71825176,0.5445103,0.54106134,0.3474223,0.37099415,0.58604705,0.5622219,0.4827133,0.45797968,0.55571854,0.62192124,0.657916,0.30707538,1.0000002,0.64305,0.57983446,0.65539825,0.6934341,0.5283244,0.42648387,0.3995762,0.52365947,0.6609282,0.47426638,0.46958816,0.66614413,0.5618862
quorum_araraquara_sp,0.4596763,0.55585265,0.55816185,0.43794537,0.65343916,0.50349027,0.7302083,0.55102384,0.71651614,0.56218433,0.74544835,0.64399654,0.6727078,0.6360973,0.6118216,0.7522679,0.58638716,0.7723166,0.6016574,0.4947821,0.48753285,0.7289572,0.7084806,0.40565118,0.652291,0.6952171,0.8490355,0.5332816,0.4506383,0.64113814,0.69473165,0.50248784,0.64239144,0.6498861,0.6779542,0.6632353,0.6318514,0.6193266,0.6363911,0.50908625,0.57663643,0.69802064,0.48041904,0.60094017,0.73739076,0.59016895,0.7185205,0.59711105,0.5435127,0.79650915,0.5161353,0.628534,0.5533421,0.75624573,0.6888541,0.45112577,0.5353421,0.7620392,0.56564724,0.54976416,0.68658954,0.7917871,0.63501024,0.47653702,0.79213,0.75463283,0.54659176,0.63592255,0.72341156,0.41779408,0.709659,0.6710384,0.6889727,0.6341503,0.78816426,0.73256874,0.6534291,0.47354606,0.41749477,0.7288573,0.7033893,0.57339,0.5280074,0.6063942,0.80086046,0.6848359,0.48581636,0.64305,0.9999999,0.62869346,0.7563113,0.5942962,0.5876817,0.4817399,0.58360755,0.7207712,0.63806933,0.46905637,0.5811476,0.83500654,0.75759125
quorum_ribeirao_pires_sp,0.3975991,0.66384006,0.42471042,0.50072485,0.41841844,0.4846828,0.63777876,0.6157979,0.5106771,0.5822183,0.55836964,0.51247513,0.58078885,0.627783,0.7348448,0.5663171,0.4358586,0.51514024,0.71750665,0.488232,0.5093843,0.577392,0.5518293,0.31895182,0.49479038,0.5111894,0.49421024,0.5645803,0.5987694,0.5391151,0.53062737,0.64464676,0.63229895,0.6485219,0.51916695,0.5186447,0.5293416,0.5445484,0.66273355,0.5386213,0.48956147,0.5692537,0.64030296,0.57822037,0.5713587,0.49910384,0.58277416,0.45534503,0.5403742,0.55472594,0.54550475,0.7429481,0.6319891,0.6341759,0.61895084,0.630396,0.50205296,0.68382895,0.6818595,0.58000475,0.62263143,0.60224223,0.5561313,0.4992763,0.5914781,0.53734684,0.5767113,0.5599122,0.49627924,0.60612214,0.55195844,0.6098423,0.5927417,0.47603002,0.63349295,0.49703816,0.4714526,0.5370485,0.49225372,0.5711555,0.567803,0.6090785,0.523409,0.58612514,0.63044214,0.6596152,0.6590686,0.57983446,0.62869346,0.9999999,0.6005613,0.5693106,0.43646932,0.4849041,0.5985085,0.48670888,0.5477911,0.46108544,0.48424843,0.48319364,0.5024532
quorum_campo_limpo_paulista_sp,0.36185908,0.48770165,0.5467068,0.37466455,0.628368,0.4606237,0.7221942,0.45470178,0.8105276,0.42414236,0.6584245,0.63212675,0.61856914,0.5794724,0.5170962,0.5916945,0.6077428,0.8223431,0.56269807,0.44889957,0.46523762,0.7472887,0.9556456,0.4018538,0.732833,0.58722115,0.7517418,0.42479026,0.396388,0.49231339,0.7587028,0.46247977,0.6559666,0.652789,0.75716686,0.69161355,0.5941041,0.61922556,0.5740658,0.40610105,0.554445,0.7225218,0.42096838,0.5413315,0.75026786,0.6319871,0.6554953,0.6239895,0.44813997,0.8891689,0.48660505,0.661613,0.47987938,0.6822463,0.6754494,0.3933976,0.39867628,0.7244027,0.57763326,0.50717235,0.65576273,0.68989956,0.67315423,0.4645247,0.8650571,0.83912075,0.5161985,0.5843468,0.8640723,0.40956038,0.63621706,0.6856805,0.79990804,0.7097858,0.77512836,0.6462911,0.5291689,0.35014743,0.45727438,0.77596295,0.63873965,0.57564807,0.5273938,0.5248735,0.7085788,0.6917778,0.42777765,0.65539825,0.7563113,0.6005613,1.0,0.5868579,0.59992796,0.4912455,0.53483,0.73484814,0.627856,0.44633946,0.7005093,0.7568302,0.6308334
quorum_piracicaba_sp,0.4441259,0.57460344,0.4264194,0.33053637,0.6014559,0.46905202,0.6507977,0.57472694,0.5169698,0.47532213,0.6466335,0.5584166,0.54012764,0.69762576,0.652361,0.5688902,0.65394175,0.53428686,0.46145427,0.6268269,0.73462313,0.5628518,0.56294453,0.33814907,0.59149426,0.54409814,0.5677089,0.5886704,0.5759066,0.5470085,0.57840484,0.6398145,0.53721666,0.48367417,0.57464457,0.6400814,0.53064686,0.6384272,0.54860896,0.5588248,0.5287649,0.5927975,0.5691016,0.5365983,0.6102213,0.7558123,0.5905863,0.49864516,0.5439857,0.5992863,0.744233,0.6393935,0.57746387,0.5602738,0.5798284,0.4578068,0.4832973,0.6301621,0.46346962,0.5525734,0.5434104,0.6153747,0.5326712,0.50778306,0.6296737,0.55120933,0.50710577,0.6348751,0.5388737,0.55186963,0.5820774,0.60360765,0.6165401,0.5215152,0.5250182,0.56709707,0.69236374,0.38149518,0.44336236,0.4722058,0.61545825,0.60697913,0.38878945,0.66891074,0.58719516,0.6193092,0.35572726,0.6934341,0.5942962,0.5693106,0.5868579,1.0,0.5156606,0.5483625,0.4797228,0.5843821,0.70046186,0.695789,0.568861,0.55915064,0.61372375
quorum_barretos_sp,0.3230154,0.5370592,0.49772492,0.30166408,0.62467605,0.570095,0.67118084,0.5250875,0.58882594,0.5300904,0.64438033,0.7429168,0.4766531,0.5235368,0.4440684,0.56961507,0.5006493,0.61805654,0.51479995,0.4733164,0.41272488,0.5483781,0.5739565,0.37317133,0.67288554,0.58368397,0.5828903,0.47469878,0.36756277,0.50330764,0.59897923,0.42756683,0.54130584,0.3890983,0.5521769,0.6182828,0.5043838,0.75901496,0.475654,0.5583428,0.74671465,0.61215794,0.3269063,0.54239154,0.49410632,0.49047896,0.67007875,0.40509504,0.49187213,0.6482257,0.4921193,0.4322383,0.46493682,0.5500088,0.6991972,0.40005338,0.53256065,0.66762805,0.47436523,0.47548205,0.5856913,0.7054781,0.4486298,0.31748053,0.55424535,0.619224,0.50344944,0.6512939,0.57769465,0.3826685,0.677964,0.5669199,0.69442403,0.57470083,0.5868981,0.61912465,0.54981464,0.32523274,0.33703226,0.4378495,0.676615,0.53977954,0.48736286,0.5756774,0.535521,0.61482596,0.33234453,0.5283244,0.5876817,0.43646932,0.59992796,0.5156606,0.9999999,0.41421205,0.5473223,0.5394546,0.6822649,0.48532176,0.4251105,0.5799675,0.5866029
quorum_francisco_morato_sp,0.38058984,0.5642868,0.45932516,0.44460607,0.4995942,0.6103341,0.4640968,0.5640699,0.46276006,0.5390773,0.45445177,0.47117448,0.3838587,0.5173714,0.6505058,0.32684368,0.5329957,0.46861935,0.42563972,0.5719874,0.63223565,0.3982423,0.46783024,0.39460075,0.5347992,0.4040135,0.39339867,0.4869063,0.49601543,0.44844776,0.39034355,0.5027934,0.4091839,0.4824648,0.49149936,0.4321077,0.66582704,0.562985,0.49272645,0.5709028,0.45802236,0.4719666,0.43811738,0.56064975,0.4060397,0.60883904,0.42808995,0.36804783,0.49536976,0.54253435,0.5962106,0.53747374,0.46885452,0.46732235,0.37012795,0.46575716,0.4732979,0.4887566,0.37142798,0.4568619,0.37750888,0.43273336,0.44754848,0.35224354,0.48374528,0.45594755,0.5149081,0.50423604,0.49060416,0.48505723,0.4765147,0.45504075,0.48929197,0.41591662,0.4946792,0.4342255,0.5157253,0.47415966,0.41983715,0.37246442,0.48426616,0.56423306,0.46296734,0.563351,0.5018842,0.44182825,0.37013358,0.42648387,0.4817399,0.4849041,0.4912455,0.5483625,0.41421205,1.0000004,0.52605385,0.46310058,0.5343115,0.44287807,0.41431242,0.3913656,0.42714342
quorum_ribeirao_preto_sp,0.47458065,0.710052,0.6211597,0.6354394,0.52015907,0.66904014,0.53818077,0.6910274,0.50190896,0.7583223,0.4946853,0.54136306,0.42681807,0.5367723,0.66695094,0.5020844,0.56373453,0.5243796,0.6590914,0.5401007,0.5358198,0.51282245,0.49883747,0.5228456,0.5788785,0.5369092,0.47567436,0.58752036,0.5979789,0.47104347,0.49858427,0.6316643,0.49586657,0.42884088,0.5853045,0.5717133,0.55703783,0.57157063,0.6697928,0.6946231,0.6347854,0.5323774,0.537928,0.78321075,0.5181273,0.50674134,0.52441466,0.46142748,0.68955076,0.55571955,0.6134566,0.5496612,0.5718207,0.5873842,0.5408145,0.60884166,0.69445884,0.5988176,0.47509435,0.6996026,0.5036557,0.49875998,0.42438596,0.45399028,0.5613807,0.5336348,0.67498434,0.5896756,0.49197394,0.55211437,0.56085634,0.5186939,0.532472,0.5145441,0.5104116,0.4996299,0.5888828,0.62813306,0.48102552,0.4376067,0.5806861,0.6181063,0.5403127,0.5888351,0.60220397,0.51739943,0.6625512,0.3995762,0.58360755,0.5985085,0.53483,0.4797228,0.5473223,0.52605385,0.9999999,0.6021731,0.56504965,0.47785813,0.39468408,0.4306964,0.5488272
quorum_americana_sp,0.3916062,0.6009114,0.57242435,0.3543519,0.6485572,0.59640056,0.6219846,0.56983685,0.7047596,0.5728333,0.6377763,0.5907632,0.5097208,0.53534275,0.5330044,0.60402906,0.67484546,0.7218479,0.5306058,0.51984286,0.48872566,0.6379471,0.73201585,0.47814238,0.63345677,0.65042543,0.70305145,0.56102765,0.50516045,0.5061955,0.7129662,0.5620325,0.5458632,0.5335443,0.81034744,0.7517022,0.55511165,0.57551146,0.5800026,0.549898,0.6207055,0.7264229,0.46772528,0.6634046,0.80665684,0.56937313,0.59934074,0.62029123,0.6405605,0.7159571,0.52660835,0.5197146,0.52635366,0.70464563,0.5592303,0.43749863,0.55732346,0.6365808,0.40965846,0.49271154,0.5644836,0.61334765,0.5961891,0.4428228,0.8161905,0.7387435,0.57943845,0.521142,0.6856193,0.47289866,0.5870111,0.5974923,0.65820587,0.63601357,0.64367247,0.61274517,0.76611793,0.4649776,0.4784613,0.6359778,0.6297759,0.5091294,0.5016826,0.4623254,0.75945675,0.61170685,0.41662452,0.52365947,0.7207712,0.48670888,0.73484814,0.5843821,0.5394546,0.46310058,0.6021731,1.0,0.57160413,0.5441575,0.64773655,0.6719966,0.6899383
quorum_itapevi_sp,0.40644953,0.5617733,0.464629,0.43223903,0.6709151,0.50023323,0.73165876,0.48337483,0.6325064,0.52654946,0.6112851,0.57140046,0.53616065,0.6371622,0.5848055,0.5502192,0.60896206,0.63412094,0.537778,0.6137692,0.5751102,0.62122214,0.5791855,0.34649858,0.7482383,0.48496705,0.5704855,0.56779283,0.5055442,0.51199955,0.65654206,0.5266279,0.62949044,0.47547108,0.5641277,0.67101777,0.52367055,0.7245075,0.63547635,0.5131048,0.6457935,0.627076,0.53238505,0.5671489,0.56295824,0.68075943,0.66905284,0.5169582,0.48381555,0.63103724,0.656309,0.621948,0.5510014,0.5463108,0.7145196,0.55245394,0.5421911,0.6436826,0.61598456,0.61039907,0.57989913,0.6615176,0.5415349,0.43141964,0.66460377,0.6308007,0.47318226,0.6588694,0.65145123,0.5170989,0.56456184,0.65871555,0.67368054,0.49828935,0.63568425,0.5897132,0.6838562,0.45607418,0.45834684,0.53378534,0.56680787,0.6135791,0.45497936,0.7529358,0.5795083,0.5997975,0.416555,0.6609282,0.63806933,0.5477911,0.627856,0.70046186,0.6822649,0.5343115,0.56504965,0.57160413,0.9999999,0.53988576,0.5437772,0.6048425,0.52904415
quorum_presidente_prudente_sp,0.4141919,0.535934,0.45475057,0.3061927,0.4534976,0.5083573,0.61272836,0.5952295,0.41324198,0.53323233,0.5841904,0.51402366,0.49219745,0.73114645,0.50043964,0.5546042,0.51412505,0.41712117,0.4696336,0.5270009,0.5868158,0.43459946,0.4567998,0.35978523,0.51665956,0.5845103,0.49463606,0.7563683,0.5029754,0.558033,0.611781,0.74820393,0.42717874,0.34098303,0.4926538,0.7381152,0.4225734,0.5936974,0.44591558,0.54826444,0.5075178,0.53313684,0.44151333,0.50283056,0.49123168,0.56329787,0.5601648,0.45816308,0.56276304,0.45347077,0.61331505,0.36366713,0.4559614,0.5048139,0.49225825,0.56098545,0.5635146,0.5260288,0.42892224,0.4377563,0.49109593,0.50675213,0.4057854,0.44772035,0.5397073,0.46887177,0.51016414,0.48706746,0.42826757,0.631138,0.54532766,0.49779752,0.5170533,0.42252547,0.4127017,0.52480495,0.55716866,0.42675787,0.45113957,0.36014676,0.5747087,0.5352639,0.3533355,0.49645686,0.47616923,0.56227076,0.34803957,0.47426638,0.46905637,0.46108544,0.44633946,0.695789,0.48532176,0.44287807,0.47785813,0.5441575,0.53988576,0.9999999,0.37675536,0.4164633,0.6257003
quorum_jacarei_sp,0.19117847,0.39901906,0.29725075,0.26916927,0.55558324,0.4016329,0.49787915,0.39496744,0.5674836,0.3036349,0.4863766,0.4483956,0.4589681,0.59969556,0.39863086,0.44339508,0.67203575,0.5320273,0.49376285,0.4299769,0.47229534,0.5530998,0.714515,0.2592973,0.5796143,0.40127546,0.5588301,0.35165268,0.37968552,0.45078266,0.5938321,0.38713038,0.4435056,0.50389034,0.56916595,0.54959965,0.3893499,0.41388848,0.4409958,0.31741083,0.33846855,0.44576064,0.43724954,0.46185386,0.77663803,0.5434176,0.47287554,0.45773774,0.43248576,0.61000896,0.4428454,0.6948091,0.30808353,0.5251847,0.51726377,0.46215445,0.28570956,0.5300128,0.43544263,0.38643917,0.48723745,0.5739851,0.5467188,0.35121042,0.6947396,0.58055353,0.4407212,0.367095,0.6756722,0.43921816,0.3968929,0.53655255,0.56557715,0.5253788,0.5013954,0.4611538,0.5192324,0.28104365,0.4219196,0.6605053,0.45729905,0.38907048,0.31794655,0.48392493,0.6663334,0.49056712,0.3274277,0.46958816,0.5811476,0.48424843,0.7005093,0.568861,0.4251105,0.41431242,0.39468408,0.64773655,0.5437772,0.37675536,1.0000002,0.5797788,0.5058825
quorum_matao_sp,0.40730757,0.41722804,0.48636413,0.2999467,0.6628344,0.41919476,0.71860594,0.42792252,0.7107639,0.40158516,0.78800565,0.58860147,0.7475496,0.55273473,0.477908,0.7687218,0.53249425,0.8024588,0.5000868,0.40262082,0.35198802,0.79422426,0.7443563,0.31869066,0.6163414,0.6669102,0.84379053,0.41001844,0.32914174,0.58436877,0.74466807,0.3723169,0.6409757,0.6768303,0.6624507,0.63875496,0.5563992,0.55375314,0.5287713,0.3696179,0.5300212,0.70427454,0.36328733,0.4760789,0.7252835,0.5088178,0.73214304,0.5946156,0.4307535,0.80873847,0.39696854,0.5648125,0.41625187,0.7177448,0.6702939,0.28685415,0.36991173,0.6761377,0.54066986,0.46893054,0.69052076,0.7922743,0.72125685,0.4085708,0.77406293,0.7610436,0.43326986,0.56635475,0.7882792,0.31622434,0.6758153,0.6086478,0.69332373,0.6548495,0.7597033,0.77742,0.5940014,0.31502542,0.3925738,0.77674025,0.64806354,0.49041778,0.4711364,0.5233798,0.72056043,0.65667474,0.348393,0.66614413,0.83500654,0.48319364,0.7568302,0.55915064,0.5799675,0.3913656,0.4306964,0.6719966,0.6048425,0.4164633,0.5797788,0.9999998,0.7078362
quorum_santa_barbara_doeste_sp,0.4575796,0.54591125,0.6585208,0.35029805,0.6047449,0.5543362,0.6257305,0.6068176,0.54988456,0.5415429,0.7436229,0.62974286,0.52630085,0.57813245,0.5878209,0.7136837,0.5934578,0.6221634,0.5151275,0.45461363,0.5222366,0.57230365,0.6134531,0.40548858,0.58305776,0.88268757,0.7784653,0.5131738,0.40283406,0.5845407,0.610785,0.565884,0.48748106,0.4465316,0.6172478,0.66483456,0.52573365,0.59921193,0.50918645,0.4846692,0.67771035,0.6256666,0.35959,0.59583056,0.6492735,0.54395354,0.6764226,0.47797716,0.6114427,0.68706906,0.5250366,0.46862504,0.4779814,0.6904004,0.5933871,0.31829652,0.5028883,0.64126897,0.43446308,0.45114106,0.6107277,0.68270326,0.5101762,0.44359893,0.70604074,0.71560836,0.5089431,0.5688411,0.55575067,0.3878394,0.8396872,0.52660054,0.69336617,0.63762033,0.56277925,0.67743707,0.6457685,0.4187153,0.3983534,0.513686,0.845787,0.5723376,0.54977036,0.5262867,0.6700942,0.75652754,0.3709795,0.5618862,0.75759125,0.5024532,0.6308334,0.61372375,0.5866029,0.42714342,0.5488272,0.6899383,0.52904415,0.6257003,0.5058825,0.7078362,1.0000001
