,quorum_campinas_sp,quorum_birigui_sp,quorum_mogi_das_cruzes_sp,quorum_santo_andre_sp,quorum_maua_sp,quorum_sao_vicente_sp,quorum_aruja_sp,quorum_itapeva_sp,quorum_braganca_paulista_sp,quorum_lorena_sp,quorum_salto_sp,quorum_guaratingueta_sp,quorum_votuporanga_sp,quorum_ibiuna_sp,quorum_catanduva_sp,quorum_pindamonhangaba_sp,quorum_praia_grande_sp,quorum_cajamar_sp,quorum_sumare_sp,quorum_sao_jose_dos_campos_sp,quorum_paulinia_sp,quorum_barueri_sp,quorum_sao_sebastiao_sp,quorum_rio_claro_sp,quorum_cotia_sp,quorum_guarulhos_sp,quorum_assis_sp,quorum_osasco_sp,quorum_taboao_da_serra_sp,quorum_leme_sp,quorum_limeira_sp,quorum_araras_sp,quorum_marilia_sp,quorum_caraguatatuba_sp,quorum_jundiai_sp,quorum_vinhedo_sp,quorum_constituicao,quorum_sao_paulo_sp,quorum_sao_bernardo_do_campo_sp,quorum_tatui_sp,quorum_diadema_sp,quorum_varzea_paulista_sp,quorum_jau_sp,quorum_sao_caetano_do_sul_sp,quorum_jandira_sp,quorum_itapetininga_sp,quorum_aracatuca_sp,quorum_itapecerica_da_serra_sp,quorum_cruzeiro_sp,quorum_caieiras_sp,quorum_poa_sp,quorum_ubatuba_sp,quorum_itu_sp,quorum_mogi_mirim_sp,quorum_cubatao_sp,quorum_hortolandia_sp,quorum_valinhos_sp,quorum_lins_sp,quorum_embu_das_artes_sp,quorum_sao_carlos_sp,quorum_mairipora_sp,quorum_atibaia_sp,quorum_bauru_sp,quorum_franca_sp,quorum_guaruja_sp,quorum_sao_jose_do_rio_preto_sp,quorum_ferraz_de_vasconcelos_sp,quorum_votorantim_sp,quorum_mogi_guacu_sp,quorum_itanhaem_sp,quorum_franco_da_rocha_sp,quorum_sao_roque_sp,quorum_sao_joao_da_boa_vista_sp,quorum_ourinhos_sp,quorum_botucatu_sp,quorum_santana_de_parnaiba_sp,quorum_suzano_sp,quorum_sertaozinho_sp,quorum_taubate_sp,quorum_cacapava_sp,quorum_indaiatuba_sp,quorum_sorocaba_sp,quorum_bebedouro_sp,quorum_santos_sp,quorum_carapicuiba_sp,quorum_itatiba_sp,quorum_itaquaquecetuba_sp,quorum_avare_sp,quorum_araraquara_sp,quorum_ribeirao_pires_sp,quorum_campo_limpo_paulista_sp,quorum_piracicaba_sp,quorum_barretos_sp,quorum_francisco_morato_sp,quorum_ribeirao_preto_sp,quorum_americana_sp,quorum_itapevi_sp,quorum_presidente_prudente_sp,quorum_jacarei_sp,quorum_matao_sp,quorum_santa_barbara_doeste_sp
quorum_campinas_sp,0.9999995,0.73183787,0.7469576,0.8997954,0.6013342,0.8280875,0.5840187,0.7119156,0.51229584,0.85044724,0.71212494,0.53145367,0.5748452,0.76434404,0.83475506,0.689214,0.7369958,0.6023323,0.7263479,0.63202095,0.660772,0.6490414,0.57161134,0.55004424,0.68586254,0.5884492,0.56645733,0.79995614,0.73773474,0.6453793,0.6099175,0.75063056,0.58435106,0.55050284,0.59409475,0.6200464,0.6718279,0.6147752,0.8257948,0.696765,0.63994795,0.6058502,0.74445677,0.82407427,0.62318826,0.6699387,0.59781677,0.6382699,0.7293358,0.6389031,0.7608411,0.62242067,0.69929606,0.57027876,0.66685,0.6746535,0.78567624,0.6196619,0.6552019,0.7692511,0.61011696,0.6469475,0.5820519,0.8687358,0.64303815,0.5245971,0.7650591,0.84561336,0.58921194,0.79097354,0.63989335,0.7907107,0.5526981,0.64015216,0.5580314,0.73029673,0.6725539,0.8136229,0.5959258,0.559146,0.6335279,0.8087374,0.80067265,0.63917327,0.705956,0.5839538,0.7336949,0.60598564,0.6634759,0.72918713,0.56491375,0.67288285,0.630893,0.64435595,0.7672454,0.5840064,0.71711886,0.6510128,0.53584087,0.64790744,0.6652716
quorum_birigui_sp,0.73183787,0.9999998,0.7726462,0.7959606,0.7575017,0.8793308,0.68653697,0.92858255,0.6332461,0.8584165,0.82147586,0.75169927,0.7208018,0.8157036,0.81756353,0.8178845,0.7850542,0.67974955,0.8948003,0.76601577,0.8002548,0.7494625,0.68673253,0.5621375,0.7725432,0.7604567,0.67851526,0.9179724,0.8990479,0.79087293,0.78141725,0.9234401,0.7351999,0.6847166,0.76132613,0.7702501,0.74747884,0.71061784,0.8550422,0.90360487,0.8109504,0.7418593,0.91448665,0.8523499,0.71141946,0.7603782,0.7111626,0.7679831,0.7739372,0.72658277,0.80573285,0.7879071,0.9012553,0.7693398,0.8397574,0.8913366,0.8829857,0.7491603,0.7657913,0.89553785,0.71917295,0.73160803,0.6814901,0.698068,0.736833,0.64629465,0.88014746,0.7543032,0.6349619,0.8549035,0.78790236,0.8026163,0.7155646,0.78706723,0.7377169,0.83134073,0.80395,0.87374943,0.7412658,0.6695909,0.8051191,0.81210077,0.8150812,0.74059594,0.8571385,0.73086715,0.9240979,0.6593772,0.81171983,0.9539925,0.6661609,0.7792801,0.820867,0.68449694,0.92640656,0.7565038,0.8033198,0.7976304,0.6797856,0.7080819,0.80275136
quorum_mogi_das_cruzes_sp,0.7469576,0.7726462,1.0,0.7910445,0.73016375,0.84073216,0.70309377,0.76536864,0.61677736,0.83640563,0.7550929,0.7374669,0.70765495,0.79334533,0.7665429,0.7525091,0.77564555,0.68658525,0.75323653,0.7011624,0.6996667,0.74818075,0.695339,0.5600436,0.77282876,0.7345073,0.6672698,0.81001604,0.76167333,0.7275229,0.7583808,0.7777309,0.72473025,0.6734285,0.69312394,0.7400193,0.73823255,0.71403795,0.7841829,0.7877921,0.77749455,0.7126335,0.73919314,0.849758,0.67779636,0.7080816,0.70491326,0.74213606,0.7687011,0.7300775,0.76546586,0.68855953,0.74677384,0.7075404,0.7755687,0.7123143,0.80101746,0.74402905,0.72921133,0.7739648,0.7091191,0.7333011,0.6884271,0.6976642,0.7212188,0.7141524,0.83882105,0.7668768,0.6811757,0.7487376,0.80313385,0.7061933,0.727023,0.7570863,0.64995915,0.7638215,0.75239,0.7945937,0.63562983,0.6846732,0.7575616,0.8198417,0.8268116,0.6689065,0.7594588,0.70397925,0.7838546,0.6528859,0.68345404,0.7517876,0.67233807,0.6747368,0.76730704,0.67414665,0.7991139,0.7208155,0.7618272,0.7226177,0.64520746,0.7186056,0.76553786
quorum_santo_andre_sp,0.8997954,0.7959606,0.7910445,1.0,0.6952003,0.8838463,0.6721332,0.7858287,0.5785232,0.89937997,0.795339,0.63025117,0.66104835,0.7917459,0.86235034,0.7613335,0.78261054,0.692926,0.76920843,0.6659103,0.66205347,0.7153333,0.65550506,0.66447115,0.745282,0.70848066,0.6406293,0.8455876,0.80970955,0.6961715,0.6842902,0.78562826,0.6395596,0.62769455,0.6753896,0.6816994,0.7255408,0.67428136,0.9106895,0.75663716,0.7380041,0.6949466,0.77831554,0.87449193,0.6522271,0.6947656,0.6934335,0.6873351,0.7744663,0.71500576,0.7875627,0.6367622,0.76355153,0.6523036,0.73890096,0.7210678,0.8389344,0.67691386,0.7452253,0.8405068,0.70909685,0.72945535,0.64422333,0.8219956,0.6941908,0.6198803,0.8330188,0.8502383,0.64193475,0.8164621,0.7189156,0.77943265,0.64094085,0.73201233,0.61353934,0.81408894,0.7234865,0.823231,0.66957545,0.6127753,0.7008068,0.824191,0.8357542,0.63700765,0.7600249,0.69004077,0.7596946,0.6156874,0.71808374,0.7770647,0.64728683,0.6458824,0.72905785,0.70045364,0.8394294,0.6771954,0.751073,0.71004474,0.5690948,0.7337389,0.75842124
quorum_maua_sp,0.6013342,0.7575017,0.73016375,0.6952003,1.0000001,0.74168575,0.81995404,0.755015,0.7660675,0.67909324,0.77687466,0.73618984,0.8587298,0.72582567,0.60039353,0.78034097,0.68347126,0.835654,0.7332764,0.71330756,0.6886443,0.7793527,0.81835574,0.63377684,0.7623212,0.90869987,0.79255885,0.76839846,0.73790216,0.7997697,0.888237,0.6802129,0.80919737,0.7975407,0.89555967,0.80889297,0.7445823,0.6457448,0.68116117,0.7203578,0.8600259,0.83050406,0.6867392,0.7274918,0.70596826,0.7217163,0.82585025,0.7641515,0.6750175,0.84900194,0.7321919,0.7832204,0.7242961,0.90143526,0.7800694,0.6351117,0.7293316,0.8211387,0.8057295,0.74472094,0.79421437,0.79393643,0.80537087,0.54510677,0.74386,0.805924,0.7639722,0.6143092,0.7980536,0.6638299,0.79777884,0.6956205,0.8267721,0.9070653,0.8013852,0.78009415,0.87609065,0.75295615,0.6591121,0.7780186,0.7193602,0.7323056,0.711148,0.67881143,0.7939489,0.8164278,0.694824,0.7330947,0.7829702,0.7639051,0.8322531,0.64503926,0.8222564,0.6899954,0.76783836,0.89657384,0.7733959,0.78075504,0.73909956,0.8331711,0.870731
quorum_sao_vicente_sp,0.8280875,0.8793308,0.84073216,0.8838463,0.74168575,1.0,0.69151044,0.89083815,0.57572997,0.9154309,0.83935785,0.742114,0.71329355,0.8434419,0.87404644,0.8013187,0.8183441,0.6732129,0.833516,0.73996365,0.76974905,0.7800951,0.6650547,0.60323596,0.7881113,0.78762126,0.69214654,0.876436,0.89452636,0.79170173,0.7665348,0.87863684,0.7243057,0.66335034,0.72653574,0.7925561,0.7584327,0.73154163,0.8893689,0.8853552,0.8489198,0.7200073,0.8303662,0.9199571,0.7031963,0.76287025,0.70556694,0.79845357,0.83596015,0.74125993,0.8245538,0.7189101,0.82305455,0.7405273,0.80111444,0.8117752,0.88851136,0.74306417,0.763873,0.82935184,0.71209013,0.7647786,0.67319095,0.79171664,0.7449553,0.65826374,0.9176924,0.8396963,0.6412224,0.8724878,0.7963778,0.7936594,0.727043,0.7837967,0.6498511,0.82703424,0.81195986,0.8762891,0.7577027,0.6500597,0.8128983,0.8961985,0.8718188,0.6856315,0.8236176,0.7313561,0.86405575,0.63832086,0.7475076,0.82348716,0.65180904,0.71722776,0.8365563,0.7154516,0.8816519,0.7783361,0.80968785,0.8112412,0.62557495,0.73740315,0.81500876
quorum_aruja_sp,0.5840187,0.68653697,0.70309377,0.6721332,0.81995404,0.69151044,0.9999996,0.7003157,0.6853914,0.63824564,0.82432175,0.7066078,0.89097804,0.7159606,0.6006382,0.84532434,0.6119233,0.81344086,0.77704763,0.6051612,0.5727956,0.81845665,0.8224589,0.53295374,0.780569,0.7960876,0.83130205,0.741745,0.6520355,0.82082975,0.8621175,0.6701298,0.8120724,0.845291,0.7196944,0.7794055,0.67754287,0.614169,0.6904216,0.6335902,0.72710204,0.84350514,0.6705457,0.6648903,0.71027195,0.68083155,0.9236628,0.71716905,0.57837045,0.8483678,0.63197607,0.7768825,0.67866886,0.76126546,0.8268642,0.6480165,0.62817085,0.8424089,0.8531215,0.7082522,0.9191059,0.90041447,0.8242759,0.5411728,0.7429042,0.862803,0.7124012,0.5948851,0.77482563,0.64701676,0.7493137,0.67814493,0.8215809,0.8144274,0.7378612,0.83379483,0.6584427,0.65978044,0.5835789,0.824126,0.6742166,0.73818135,0.70901424,0.6414318,0.7923689,0.86890477,0.6403332,0.76776004,0.76073337,0.7404715,0.81650674,0.5959767,0.78118205,0.6343797,0.710335,0.70497227,0.7461114,0.787168,0.7574178,0.8652699,0.826589
quorum_itapeva_sp,0.7119156,0.92858255,0.76536864,0.7858287,0.755015,0.89083815,0.7003157,1.0000001,0.52705836,0.8153875,0.8335837,0.7526294,0.7366193,0.7923792,0.79464906,0.82065886,0.736571,0.6465764,0.9171407,0.7174721,0.76996684,0.72870934,0.63546276,0.5115422,0.7558745,0.79672843,0.7096252,0.82861644,0.906025,0.7779767,0.76225185,0.9126194,0.72466624,0.64902186,0.6964102,0.7746727,0.69056946,0.71242607,0.8135704,0.9051987,0.8242185,0.71744657,0.9156692,0.8472011,0.6823199,0.74185514,0.7158646,0.76235485,0.7770355,0.70996475,0.7868509,0.7751212,0.8986013,0.76156396,0.8055884,0.9064519,0.8317997,0.7329149,0.77483624,0.91219974,0.7243259,0.7301376,0.6520617,0.6976903,0.69448125,0.63037074,0.87237775,0.71796453,0.6075241,0.83911735,0.77784276,0.7275753,0.69539076,0.8076999,0.6094079,0.8350002,0.75523734,0.80609137,0.742159,0.62376237,0.78991294,0.82021576,0.7858638,0.72771925,0.7970788,0.7544211,0.90225494,0.6097719,0.73043,0.9001035,0.64071697,0.7566737,0.8152077,0.6104211,0.95830387,0.73387957,0.7798577,0.8364967,0.63666147,0.7086295,0.7926518
quorum_braganca_paulista_sp,0.51229584,0.6332461,0.61677736,0.5785232,0.7660675,0.57572997,0.6853914,0.52705836,0.9999996,0.6034863,0.6692481,0.60136604,0.6875492,0.6377459,0.5148637,0.6546088,0.71445376,0.8502131,0.56430566,0.68422806,0.5770799,0.7106718,0.8486588,0.5747779,0.71242565,0.67636335,0.6348186,0.68870884,0.5675718,0.6454097,0.7375835,0.5611845,0.69924146,0.7497054,0.84679216,0.6421823,0.7243079,0.5849188,0.63979566,0.5624497,0.6454879,0.796459,0.5272931,0.6103103,0.7085289,0.67201656,0.6933523,0.72243476,0.5111522,0.8134988,0.626695,0.69671,0.59009737,0.6927786,0.72107685,0.4703443,0.62594634,0.73006094,0.6937338,0.5927452,0.68176895,0.7199566,0.74325705,0.4424368,0.7879988,0.76160055,0.6032251,0.5757627,0.85433424,0.5371994,0.718486,0.7746152,0.783448,0.6743508,0.90733373,0.66968066,0.7407876,0.6480315,0.5735937,0.80293214,0.64838696,0.59246993,0.6225916,0.6066227,0.72798014,0.69229555,0.61599344,0.7330549,0.745725,0.6335745,0.8548038,0.56981796,0.6688428,0.7859731,0.5815457,0.76545346,0.70538014,0.5736984,0.72099954,0.7476697,0.8058655
quorum_lorena_sp,0.85044724,0.8584165,0.83640563,0.89937997,0.67909324,0.9154309,0.63824564,0.8153875,0.6034863,0.99999976,0.80924135,0.689107,0.6459552,0.8242722,0.8687781,0.7799415,0.8330206,0.66308635,0.7779568,0.74283314,0.77071774,0.7464472,0.6559552,0.6382001,0.7691196,0.6807803,0.63365054,0.906253,0.8371668,0.7239504,0.7184135,0.8509234,0.6531635,0.63328356,0.693094,0.74069196,0.72542286,0.7234161,0.90641105,0.8248873,0.7619759,0.6794872,0.8137951,0.9188237,0.6841448,0.75878656,0.6550284,0.7173622,0.8254743,0.69194376,0.8267149,0.657067,0.8320298,0.67478657,0.78789765,0.7614965,0.9335017,0.6804153,0.7141418,0.8086369,0.66462743,0.7089477,0.61888736,0.8112772,0.7347199,0.61922735,0.90482867,0.8670933,0.64313966,0.8547532,0.7492406,0.82234657,0.6499281,0.7222295,0.6465919,0.803825,0.77396697,0.8808198,0.70823133,0.62988293,0.77555376,0.84727156,0.86562455,0.6825486,0.8159878,0.647409,0.8266779,0.619418,0.74075234,0.8139077,0.61954534,0.7188048,0.7605479,0.7040466,0.8385773,0.7045509,0.8057298,0.75320846,0.5986689,0.7067367,0.7561937
quorum_salto_sp,0.71212494,0.82147586,0.7550929,0.795339,0.77687466,0.83935785,0.82432175,0.8335837,0.6692481,0.80924135,0.9999999,0.7282238,0.8257467,0.78271043,0.79071045,0.94470996,0.7713777,0.7747528,0.8385265,0.71809196,0.7206292,0.8514696,0.77628386,0.5497617,0.8345676,0.7615801,0.8098031,0.842929,0.8208815,0.8158904,0.7919272,0.8383981,0.80466956,0.79825556,0.7357651,0.77111524,0.70120215,0.698472,0.8493856,0.77530074,0.7827872,0.87820923,0.8088728,0.80601513,0.7734272,0.7350162,0.83240926,0.78896916,0.7562702,0.82675904,0.7862359,0.76456094,0.81101614,0.7452632,0.88972414,0.7670151,0.7973022,0.8331692,0.8492818,0.8183624,0.83395225,0.87109315,0.77361786,0.71799695,0.8173213,0.7411294,0.82846934,0.7901209,0.7362229,0.8185372,0.8209836,0.7850224,0.7796509,0.80900884,0.70263153,0.97286296,0.72649425,0.7732791,0.7086776,0.78949594,0.8182492,0.81691015,0.7976242,0.6892961,0.8509675,0.8329764,0.775373,0.7213454,0.7929788,0.8347865,0.7711735,0.7014234,0.83243275,0.680547,0.83253634,0.73501265,0.8153992,0.79664755,0.73025703,0.8355905,0.8318533
quorum_guaratingueta_sp,0.53145367,0.75169927,0.7374669,0.63025117,0.73618984,0.742114,0.7066078,0.7526294,0.60136604,0.689107,0.7282238,0.99999994,0.70399445,0.71079516,0.6004647,0.7234148,0.6139536,0.6449654,0.7536272,0.66027844,0.7334327,0.72452474,0.67027175,0.52843666,0.73859537,0.7911483,0.699155,0.7182907,0.7352445,0.73818755,0.7822336,0.71804357,0.68448687,0.6428166,0.6605973,0.7572313,0.6427999,0.7904456,0.6780671,0.78526604,0.80125237,0.6974029,0.724521,0.7306485,0.6330969,0.64907056,0.7129917,0.7026335,0.6592128,0.65411687,0.64467025,0.68550205,0.7517112,0.73473775,0.8170148,0.72022825,0.72643644,0.7598079,0.73600304,0.74147433,0.69922817,0.7228681,0.6299906,0.521575,0.6766041,0.7352773,0.77997166,0.63599336,0.6375113,0.6562458,0.8477449,0.6463479,0.7833944,0.7220135,0.6410229,0.7177057,0.7028292,0.68633556,0.6821017,0.65070784,0.8208381,0.70828617,0.70254266,0.6524912,0.7226132,0.77099144,0.73947245,0.63475364,0.6900458,0.7179326,0.6582928,0.645786,0.9112419,0.60500276,0.7555793,0.698337,0.7212438,0.7429575,0.6407214,0.6853278,0.78226024
quorum_votuporanga_sp,0.5748452,0.7208018,0.70765495,0.66104835,0.8587298,0.71329355,0.89097804,0.7366193,0.6875492,0.6459552,0.8257467,0.70399445,1.0,0.7049048,0.6345036,0.86337006,0.6437747,0.81269854,0.7859169,0.6633293,0.6114043,0.81331086,0.811476,0.58526504,0.7569297,0.8142071,0.84933376,0.75043,0.7160991,0.83573407,0.84020454,0.705241,0.8747885,0.8826201,0.77596855,0.7522243,0.7260646,0.6106679,0.6830984,0.67979765,0.7601392,0.8451654,0.69605464,0.6866174,0.74045455,0.69956535,0.8618034,0.8018006,0.6300218,0.8752749,0.7062931,0.802855,0.7349641,0.84782016,0.8010056,0.6766498,0.6602031,0.86118364,0.8659849,0.7383597,0.8672173,0.8520665,0.8797351,0.5295495,0.7536878,0.8013979,0.75421095,0.5771837,0.74194115,0.6792284,0.7699072,0.662323,0.8246845,0.8633041,0.7839292,0.8227943,0.7076573,0.6775814,0.6318257,0.8394457,0.7125571,0.7516568,0.7079152,0.63639045,0.825016,0.85394543,0.6953199,0.7395084,0.7467173,0.7826506,0.83038175,0.60076183,0.78430057,0.6535327,0.7513342,0.7432666,0.7507158,0.76980674,0.7682452,0.8697481,0.8415724
quorum_ibiuna_sp,0.76434404,0.8157036,0.79334533,0.7917459,0.72582567,0.8434419,0.7159606,0.7923792,0.6377459,0.8242722,0.78271043,0.71079516,0.7049048,1.0000001,0.7793673,0.7522718,0.79861397,0.66802096,0.7723417,0.7332472,0.74717873,0.7770595,0.6768323,0.5688585,0.7609169,0.7469889,0.6698433,0.84948397,0.80200243,0.7842636,0.8055368,0.81813556,0.6836546,0.6873556,0.7061096,0.7927996,0.7679262,0.7260635,0.77589333,0.7957071,0.77782226,0.6885345,0.77014405,0.8548485,0.6731986,0.75691295,0.68831074,0.7672467,0.7770449,0.75922644,0.80814326,0.73716307,0.7899095,0.6953877,0.8187445,0.7600373,0.8139372,0.7468331,0.74229383,0.7926642,0.6927204,0.7753111,0.6657416,0.7195236,0.72075576,0.675987,0.87064195,0.7868035,0.6695922,0.78018373,0.81942016,0.81818944,0.7268413,0.7603748,0.6801511,0.7637497,0.765213,0.8138451,0.6908824,0.7115519,0.80823255,0.8085345,0.8000425,0.72364694,0.79256344,0.6966877,0.7997079,0.7096135,0.8297609,0.78992224,0.66752225,0.7466427,0.77255243,0.69910944,0.80965924,0.7193526,0.8015641,0.800907,0.6391398,0.71415603,0.78366554
quorum_catanduva_sp,0.83475506,0.81756353,0.7665429,0.86235034,0.60039353,0.87404644,0.6006382,0.79464906,0.5148637,0.8687781,0.79071045,0.6004647,0.6345036,0.7793673,1.0000001,0.74160147,0.7689192,0.5943478,0.76270735,0.70421946,0.7287963,0.7290788,0.575947,0.5380109,0.7414307,0.62207454,0.6000052,0.85515296,0.82200944,0.6942808,0.6349266,0.8849895,0.6541341,0.65089285,0.6199086,0.6684068,0.68994886,0.6417633,0.87824464,0.775541,0.6890536,0.6674254,0.8165382,0.8321855,0.6506635,0.7245366,0.59913117,0.72988963,0.7882776,0.6590762,0.79660743,0.6634265,0.770971,0.6158638,0.7399439,0.7370955,0.8079322,0.64941704,0.7162225,0.79391193,0.65150183,0.6788418,0.6152691,0.79691035,0.68000436,0.55363774,0.8116316,0.82845867,0.57377195,0.9109762,0.6884983,0.81025785,0.58890265,0.65298414,0.5804646,0.7825766,0.69246995,0.8232043,0.70289457,0.5956421,0.71573544,0.8311006,0.82366365,0.6260598,0.7336122,0.6406282,0.79162186,0.5958535,0.69158125,0.79405576,0.5739891,0.69420916,0.7066595,0.66669303,0.8058082,0.6222274,0.7443968,0.6888149,0.5468086,0.64273477,0.7048124
quorum_pindamonhangaba_sp,0.689214,0.8178845,0.7525091,0.7613335,0.78034097,0.8013187,0.84532434,0.82065886,0.6546088,0.7799415,0.94470996,0.7234148,0.86337006,0.7522718,0.74160147,1.0,0.746252,0.7673701,0.8601778,0.73584723,0.69087565,0.8253877,0.7760314,0.53667027,0.8326106,0.76428324,0.83620334,0.8355378,0.7985555,0.8429491,0.82270795,0.8259188,0.7878685,0.7747377,0.72677577,0.7955307,0.7064853,0.67054135,0.82316875,0.7727839,0.7558696,0.8553428,0.8082019,0.78182495,0.7773942,0.75593674,0.8372208,0.7707944,0.70732653,0.8284159,0.7809274,0.78267616,0.81445765,0.7852209,0.8752246,0.76998967,0.7791845,0.8243919,0.8371135,0.8206137,0.83420527,0.85582626,0.76712,0.68335974,0.81382155,0.73793817,0.80117625,0.7257215,0.7182353,0.7871187,0.80307764,0.74418366,0.7732921,0.82276136,0.7061472,0.94806445,0.7230586,0.7477616,0.68346506,0.7760898,0.80060565,0.8010495,0.7598042,0.7058476,0.8524339,0.81756115,0.7898643,0.7001554,0.7789214,0.8431483,0.7703626,0.712198,0.81408286,0.6660084,0.8271383,0.712263,0.8341915,0.81332505,0.7618212,0.85267234,0.8380394
quorum_praia_grande_sp,0.7369958,0.7850542,0.77564555,0.78261054,0.68347126,0.8183441,0.6119233,0.736571,0.71445376,0.8330206,0.7713777,0.6139536,0.6437747,0.79861397,0.7689192,0.746252,1.0000002,0.6852219,0.69946134,0.7980548,0.7180226,0.7616283,0.6817884,0.64370257,0.77164865,0.64908564,0.61429155,0.8065226,0.7628391,0.7014782,0.7075997,0.7766079,0.64954114,0.6254964,0.7346116,0.70559204,0.7476305,0.66940737,0.81411994,0.76468635,0.71747595,0.72075725,0.7173143,0.8403555,0.69524616,0.7551202,0.6614748,0.76395136,0.7506129,0.7774867,0.8526287,0.6922661,0.7458453,0.6682026,0.7590903,0.69610995,0.81467474,0.6818618,0.69254625,0.74659705,0.6491099,0.7098235,0.64343935,0.6911247,0.7473304,0.59967315,0.8063647,0.78961134,0.7068751,0.7596744,0.74755025,0.7884224,0.6699844,0.7081308,0.7087008,0.76781124,0.7885145,0.79241776,0.69059324,0.66651815,0.7575434,0.7656077,0.7545208,0.6852213,0.77214193,0.6441742,0.7779211,0.6344219,0.7112553,0.730762,0.68679214,0.7247398,0.7132469,0.7553504,0.7715067,0.7394999,0.80339706,0.6852229,0.65092903,0.7055615,0.776834
quorum_cajamar_sp,0.6023323,0.67974955,0.68658525,0.692926,0.835654,0.6732129,0.81344086,0.6465764,0.8502131,0.66308635,0.7747528,0.6449654,0.81269854,0.66802096,0.5943478,0.7673701,0.6852219,0.99999994,0.69228405,0.7133833,0.64059836,0.8155695,0.94367486,0.646965,0.80703783,0.75065714,0.7395626,0.7253536,0.6380037,0.7400295,0.7812962,0.62944436,0.795025,0.8393195,0.77344745,0.6872101,0.73947,0.64076364,0.68516254,0.60519934,0.7073827,0.83014566,0.6531562,0.666108,0.79997087,0.7595726,0.80673933,0.77541673,0.5678426,0.8486681,0.7184107,0.74279976,0.66963214,0.7343083,0.77096933,0.5720608,0.6326363,0.7971445,0.8213779,0.70506066,0.81762147,0.82223666,0.8422059,0.55888057,0.8696315,0.8643364,0.6944684,0.6391769,0.92839766,0.5945035,0.75105035,0.7534136,0.8687545,0.7486845,0.8498609,0.8082303,0.68889266,0.66552746,0.6217585,0.85731137,0.6686375,0.7069949,0.70613515,0.6923584,0.8092114,0.7986906,0.62751555,0.7907808,0.777751,0.71242446,0.9439124,0.649578,0.7391251,0.7562743,0.69415534,0.7300907,0.7961706,0.67230445,0.80570227,0.87557507,0.8234558
quorum_sumare_sp,0.7263479,0.8948003,0.75323653,0.76920843,0.7332764,0.833516,0.77704763,0.9171407,0.56430566,0.7779568,0.8385265,0.7536272,0.7859169,0.7723417,0.76270735,0.8601778,0.69946134,0.69228405,1.0000001,0.7023792,0.73166424,0.76266533,0.70710075,0.48936617,0.7531745,0.7316747,0.71501744,0.8370006,0.8525956,0.8001964,0.7851789,0.8997477,0.7748248,0.70463365,0.6691518,0.7699362,0.6933896,0.6634822,0.80774736,0.8520749,0.7678558,0.7456616,0.90877485,0.7918781,0.7626628,0.7388759,0.7666313,0.7648842,0.69178456,0.73223746,0.75818825,0.80464125,0.873554,0.75043046,0.8236444,0.91828334,0.7746469,0.76085365,0.8056573,0.90340114,0.7727379,0.7586182,0.7173661,0.6829259,0.7582848,0.67956054,0.8379123,0.7004318,0.63871145,0.8166029,0.76659435,0.7476895,0.7316497,0.7631594,0.6496399,0.8595148,0.7068629,0.758676,0.6813553,0.70141196,0.7562728,0.8086944,0.7513235,0.7201684,0.81902003,0.760995,0.88379014,0.6722788,0.7284253,0.8997482,0.69779056,0.73909295,0.8170082,0.6326502,0.92600185,0.68845785,0.7882708,0.82925814,0.7346403,0.7510088,0.7810626
quorum_sao_jose_dos_campos_sp,0.63202095,0.76601577,0.7011624,0.6659103,0.71330756,0.73996365,0.6051612,0.7174721,0.68422806,0.74283314,0.71809196,0.66027844,0.6633293,0.7332472,0.70421946,0.73584723,0.7980548,0.7133833,0.7023792,0.99999976,0.8214545,0.75283104,0.69168866,0.62224716,0.7795366,0.6954886,0.6277977,0.769606,0.7232419,0.71267354,0.7233253,0.7560129,0.68402326,0.6787372,0.70891535,0.71019375,0.72228634,0.6746058,0.70793146,0.7336067,0.7586683,0.6695211,0.75379676,0.72024155,0.72451067,0.86955047,0.59362674,0.7613823,0.6651652,0.70727944,0.8976035,0.72068256,0.7458865,0.73476434,0.72076297,0.6749047,0.7411749,0.6470281,0.6813168,0.71361464,0.6034088,0.6470625,0.6688518,0.581069,0.7543107,0.6615701,0.7542711,0.68815255,0.74197686,0.6976975,0.7460549,0.75861347,0.7194452,0.68829453,0.74633634,0.7064203,0.77344054,0.75116396,0.7075847,0.7000367,0.75547606,0.69258666,0.70423543,0.7967374,0.79468465,0.6348009,0.72552526,0.6580237,0.7515478,0.7136631,0.6971489,0.84918016,0.7411475,0.7159417,0.73514605,0.71368057,0.85660636,0.70263696,0.6861228,0.7338096,0.7826249
quorum_paulinia_sp,0.660772,0.8002548,0.6996667,0.66205347,0.6886443,0.76974905,0.5727956,0.76996684,0.5770799,0.77071774,0.7206292,0.7334327,0.6114043,0.74717873,0.7287963,0.69087565,0.7180226,0.64059836,0.73166424,0.8214545,1.0,0.72325647,0.6245309,0.5713606,0.6951158,0.67214364,0.6139834,0.81064844,0.7629069,0.7106284,0.7132753,0.8082233,0.6547186,0.6416905,0.6405738,0.7325355,0.6916445,0.69280994,0.70946014,0.7873257,0.7599438,0.6036802,0.8269031,0.7601595,0.70778227,0.7977675,0.54286104,0.71604425,0.71149635,0.6250969,0.8007364,0.71303666,0.77564013,0.6634349,0.73311204,0.74298257,0.7777387,0.6273289,0.6537019,0.7485978,0.5602768,0.59335816,0.6247273,0.6241533,0.7347101,0.61906457,0.7925817,0.7175944,0.67531806,0.7447937,0.75023514,0.7477164,0.6722984,0.6510644,0.6287069,0.6982304,0.75115174,0.7733814,0.74887943,0.6649409,0.8056054,0.71167743,0.73048246,0.7350903,0.7755727,0.5938916,0.7637627,0.6597407,0.7134199,0.73279047,0.61664635,0.8308281,0.75051224,0.6691623,0.7707996,0.68019295,0.7625337,0.73695564,0.6452705,0.6511642,0.7259973
quorum_barueri_sp,0.6490414,0.7494625,0.74818075,0.7153333,0.7793527,0.7800951,0.81845665,0.72870934,0.7106718,0.7464472,0.8514696,0.72452474,0.81331086,0.7770595,0.7290788,0.8253877,0.7616283,0.8155695,0.76266533,0.75283104,0.72325647,0.99999994,0.8047888,0.6121421,0.8403585,0.7653069,0.76978326,0.7997661,0.71798337,0.81943774,0.8296996,0.7480819,0.8234481,0.83354604,0.72764677,0.7755495,0.7230198,0.6467553,0.755674,0.7011667,0.7484505,0.8101596,0.73391646,0.7229253,0.81236887,0.78333163,0.8172584,0.8061016,0.6784422,0.8276432,0.7874909,0.777554,0.736156,0.761471,0.8499547,0.67366135,0.7039351,0.8189402,0.85484266,0.72844607,0.8363505,0.8564137,0.8250741,0.6342687,0.82925814,0.7821635,0.7871416,0.7107748,0.79909885,0.7109021,0.78053904,0.78850734,0.79543906,0.76754916,0.76780784,0.84151113,0.74551207,0.7331134,0.6818299,0.8658031,0.75486296,0.7974228,0.7531956,0.7039144,0.85224783,0.8193089,0.6950055,0.82022256,0.8093475,0.76975745,0.8051287,0.72530687,0.8192419,0.69740385,0.74531794,0.7640662,0.8417798,0.7561037,0.7833694,0.86005276,0.8170884
quorum_sao_sebastiao_sp,0.57161134,0.68673253,0.695339,0.65550506,0.81835574,0.6650547,0.8224589,0.63546276,0.8486588,0.6559552,0.77628386,0.67027175,0.811476,0.6768323,0.575947,0.7760314,0.6817884,0.94367486,0.70710075,0.69168866,0.6245309,0.8047888,0.9999999,0.6270141,0.8089818,0.7256584,0.76002973,0.7269118,0.6307835,0.7437005,0.8155352,0.63419086,0.79716635,0.84935737,0.7890488,0.70850134,0.7415652,0.6411151,0.67598605,0.59673524,0.67116207,0.8475439,0.663119,0.656048,0.81710327,0.72333616,0.82279813,0.78816557,0.54690486,0.8628726,0.6773143,0.7436133,0.6891375,0.7382497,0.7836941,0.58450663,0.63129437,0.81735665,0.81071097,0.6905929,0.81490207,0.8354097,0.8378104,0.5346439,0.8978201,0.87461627,0.69008994,0.59854114,0.93185884,0.59752053,0.7544999,0.75777674,0.8845254,0.75620306,0.8381109,0.7891813,0.6821513,0.6466554,0.6189313,0.8783498,0.6739727,0.6834119,0.70139813,0.65042603,0.8184063,0.79618365,0.63187844,0.7750419,0.77947974,0.7225704,0.962175,0.61006355,0.74182665,0.7438867,0.6838903,0.7448163,0.77425647,0.67824715,0.86559343,0.86164194,0.8149229
quorum_rio_claro_sp,0.55004424,0.5621375,0.5600436,0.66447115,0.63377684,0.60323596,0.53295374,0.5115422,0.5747779,0.6382001,0.5497617,0.52843666,0.58526504,0.5688585,0.5380109,0.53667027,0.64370257,0.646965,0.48936617,0.62224716,0.5713606,0.6121421,0.6270141,1.0,0.5684215,0.6216722,0.51708674,0.592757,0.6020507,0.59546894,0.5816529,0.5156081,0.5296989,0.5791655,0.6301017,0.54718196,0.68880105,0.5656665,0.58624554,0.5487651,0.61650133,0.5675664,0.5554464,0.6139641,0.542444,0.60305953,0.58550125,0.58985007,0.59716743,0.6078295,0.6395011,0.51116526,0.608274,0.5710962,0.53568304,0.4934106,0.6136383,0.5576282,0.59778583,0.6056414,0.5783832,0.550565,0.6061027,0.4606275,0.59011126,0.5805561,0.6542616,0.5786183,0.6245947,0.5226631,0.607708,0.5639641,0.6022731,0.591313,0.5982464,0.54178894,0.6226355,0.5838005,0.5795422,0.5583301,0.5686078,0.5711298,0.5870386,0.48009497,0.63356435,0.5795671,0.52749425,0.53089416,0.5809406,0.53786933,0.6397151,0.49669483,0.582025,0.6787145,0.6045202,0.60726726,0.5840036,0.52573,0.5258143,0.6231812,0.6526033
quorum_cotia_sp,0.68586254,0.7725432,0.77282876,0.745282,0.7623212,0.7881113,0.780569,0.7558745,0.71242565,0.7691196,0.8345676,0.73859537,0.7569297,0.7609169,0.7414307,0.8326106,0.77164865,0.80703783,0.7531745,0.7795366,0.6951158,0.8403585,0.8089818,0.5684215,0.9999999,0.73057604,0.72905546,0.7832059,0.7605533,0.76290697,0.80486995,0.77964777,0.75811505,0.76468503,0.7343417,0.79027617,0.7210019,0.78943723,0.78213537,0.75604045,0.72795904,0.79888666,0.7558453,0.77430546,0.7846758,0.8395672,0.7794202,0.81495357,0.6846888,0.80291677,0.8074595,0.7657013,0.7778621,0.73573714,0.8695982,0.6932772,0.7591822,0.81191486,0.83361244,0.7767348,0.79140925,0.84140784,0.7539761,0.68793756,0.82363963,0.7967379,0.77969146,0.7707107,0.8100797,0.74914324,0.81196725,0.8152595,0.7981981,0.7573639,0.7362447,0.8398521,0.7181208,0.7441808,0.67960113,0.7986332,0.7795108,0.8085229,0.77260184,0.76907253,0.7968217,0.7946312,0.75103414,0.7521827,0.78103656,0.7696872,0.7951608,0.76641023,0.8286946,0.6788298,0.7771267,0.7155748,0.91541743,0.73209345,0.7902098,0.80288935,0.80501026
quorum_guarulhos_sp,0.5884492,0.7604567,0.7345073,0.70848066,0.90869987,0.78762126,0.7960876,0.79672843,0.67636335,0.6807803,0.7615801,0.7911483,0.8142071,0.7469889,0.62207454,0.76428324,0.64908564,0.75065714,0.7316747,0.6954886,0.67214364,0.7653069,0.7256584,0.6216722,0.73057604,0.9999999,0.7926243,0.7509097,0.7590762,0.8144978,0.87600935,0.6915367,0.7570887,0.7397922,0.83068216,0.8199055,0.6940429,0.6633299,0.6927004,0.7493776,0.8915587,0.76839125,0.700058,0.7221623,0.65390605,0.6981735,0.79494643,0.7399948,0.6940362,0.8067421,0.68932146,0.73216105,0.7130897,0.8755884,0.7632341,0.6596798,0.7249806,0.79148954,0.7824997,0.74015504,0.77784705,0.7864479,0.74233335,0.54202497,0.6860473,0.7839995,0.76809496,0.6014122,0.70671016,0.6620401,0.8367956,0.6689683,0.83112955,0.89990026,0.7409838,0.7581691,0.83615386,0.7455873,0.6782929,0.71686995,0.76587635,0.74073046,0.73377305,0.6455922,0.790562,0.8602756,0.7030084,0.6897441,0.795934,0.75100017,0.74586844,0.62506175,0.841726,0.65353566,0.7733717,0.86487806,0.74963564,0.81088305,0.66172266,0.8192534,0.9213778
quorum_assis_sp,0.56645733,0.67851526,0.6672698,0.6406293,0.79255885,0.69214654,0.83130205,0.7096252,0.6348186,0.63365054,0.8098031,0.699155,0.84933376,0.6698433,0.6000052,0.83620334,0.61429155,0.7395626,0.71501744,0.6277977,0.6139834,0.76978326,0.76002973,0.51708674,0.72905546,0.7926243,0.99999994,0.7156255,0.6747574,0.7920594,0.8023221,0.65397966,0.7722895,0.79184735,0.72479796,0.7250608,0.6405674,0.5923885,0.66279393,0.6424862,0.72229636,0.7702997,0.67854375,0.67645115,0.69316024,0.6415123,0.8046734,0.7269254,0.59483707,0.84585285,0.64192635,0.73706824,0.71131265,0.7747489,0.80485904,0.60010976,0.65001994,0.80605334,0.7993948,0.70726544,0.7974226,0.80074835,0.77244395,0.53896594,0.7213299,0.75403154,0.7151372,0.57914054,0.7082143,0.638303,0.7344204,0.622522,0.7496771,0.84181464,0.69483167,0.8114892,0.6631851,0.6601498,0.58200866,0.7835395,0.6830862,0.71120495,0.6806185,0.62906766,0.7997042,0.7887473,0.64088374,0.70489347,0.7722562,0.7227486,0.763677,0.6078745,0.75654316,0.5829786,0.6990772,0.6993213,0.7109306,0.72979826,0.7152781,0.84637856,0.81433517
quorum_osasco_sp,0.79995614,0.9179724,0.81001604,0.8455876,0.76839846,0.876436,0.741745,0.82861644,0.68870884,0.906253,0.842929,0.7182907,0.75043,0.84948397,0.85515296,0.8355378,0.8065226,0.7253536,0.8370006,0.769606,0.81064844,0.7997661,0.7269118,0.592757,0.7832059,0.7509097,0.7156255,0.9999999,0.839559,0.83654433,0.83118355,0.88824356,0.7526957,0.7501457,0.77845746,0.83677757,0.7625052,0.71215713,0.8891463,0.8283044,0.8062403,0.7573934,0.84063673,0.85972,0.7384634,0.7850746,0.720331,0.76586086,0.7785677,0.765692,0.81728625,0.7592268,0.8206966,0.75726545,0.85854167,0.78536355,0.9033551,0.7679383,0.76334524,0.82390314,0.7328395,0.7501428,0.7310715,0.7430959,0.7749386,0.68381584,0.86498475,0.81218386,0.6875146,0.87910736,0.80162746,0.84849674,0.71734333,0.77750534,0.765162,0.8508068,0.82650936,0.8976555,0.7328942,0.73378026,0.8156245,0.8294258,0.8431648,0.70913124,0.889789,0.72538614,0.84786886,0.69932055,0.8409985,0.89246595,0.6913308,0.7543036,0.79612726,0.72792006,0.84358704,0.7717734,0.825505,0.8570462,0.6950855,0.7506938,0.83534485
quorum_taboao_da_serra_sp,0.73773474,0.8990479,0.76167333,0.80970955,0.73790216,0.89452636,0.6520355,0.906025,0.5675718,0.8371668,0.8208815,0.7352445,0.7160991,0.80200243,0.82200944,0.7985555,0.7628391,0.6380037,0.8525956,0.7232419,0.7629069,0.71798337,0.6307835,0.6020507,0.7605533,0.7590762,0.6747574,0.839559,0.9999999,0.7748457,0.7449424,0.89467835,0.6944591,0.64260614,0.7363079,0.76691955,0.74875784,0.7251602,0.8202881,0.9337784,0.80978,0.7274059,0.89020205,0.875072,0.65969217,0.7484683,0.6660435,0.76559025,0.81577754,0.7155956,0.78879464,0.79026526,0.89635676,0.7504009,0.7748729,0.8545326,0.86506784,0.7470086,0.75151277,0.8981389,0.6788923,0.7156621,0.6534588,0.7001389,0.6831247,0.60727674,0.8822916,0.7590999,0.5975944,0.87231123,0.7880972,0.73623294,0.6711382,0.7771549,0.62811196,0.8138379,0.79275566,0.8257035,0.7333554,0.6199368,0.79216146,0.84679615,0.77751184,0.68850505,0.7625034,0.6911786,0.9322629,0.5833684,0.716341,0.8694228,0.6204586,0.70826644,0.7971273,0.6988663,0.9076396,0.7490843,0.7688567,0.78079516,0.6148422,0.6853702,0.7796222
quorum_leme_sp,0.6453793,0.79087293,0.7275229,0.6961715,0.7997697,0.79170173,0.82082975,0.7779767,0.6454097,0.7239504,0.8158904,0.73818755,0.83573407,0.7842636,0.6942808,0.8429491,0.7014782,0.7400295,0.8001964,0.71267354,0.7106284,0.81943774,0.7437005,0.59546894,0.76290697,0.8144978,0.7920594,0.83654433,0.7748457,0.99999976,0.8916911,0.7813478,0.7568236,0.76572156,0.7357276,0.8757521,0.74446905,0.6684346,0.7313909,0.77325094,0.7965967,0.7542851,0.7523096,0.72958875,0.70898855,0.7424075,0.79001313,0.7467102,0.6637578,0.7986174,0.73108494,0.787033,0.7526441,0.7693605,0.80985177,0.72419214,0.7292026,0.8210817,0.79706293,0.76076305,0.79086536,0.7844879,0.74861854,0.6225399,0.7604198,0.7409719,0.7877561,0.6747014,0.71521413,0.73750263,0.80768895,0.71921545,0.77058095,0.8030095,0.7370783,0.8143084,0.7492665,0.7249379,0.66845375,0.75413716,0.79577565,0.79056287,0.7358749,0.6914061,0.82381415,0.8055349,0.76773846,0.72158504,0.7984008,0.80016613,0.7483126,0.6995931,0.8170832,0.6966719,0.7841194,0.7401236,0.79899955,0.8885862,0.709664,0.7943292,0.863394
quorum_limeira_sp,0.6099175,0.78141725,0.7583808,0.6842902,0.888237,0.7665348,0.8621175,0.76225185,0.7375835,0.7184135,0.7919272,0.7822336,0.84020454,0.8055368,0.6349266,0.82270795,0.7075997,0.7812962,0.7851789,0.7233253,0.7132753,0.8296996,0.8155352,0.5816529,0.80486995,0.87600935,0.8023221,0.83118355,0.7449424,0.8916911,1.0,0.7492454,0.784441,0.78770417,0.8493136,0.94289577,0.74977565,0.6797177,0.716858,0.7521627,0.8252659,0.7994437,0.73920727,0.7474325,0.727593,0.7439248,0.8178989,0.7798076,0.6841477,0.8407077,0.72184134,0.7752907,0.7371448,0.8662041,0.84238255,0.6957862,0.7529726,0.8278365,0.80618775,0.73767793,0.7907764,0.8170488,0.766708,0.58388615,0.7886499,0.79809177,0.79386127,0.6383092,0.7746454,0.700113,0.8353889,0.7401217,0.817851,0.8731127,0.7715915,0.7905016,0.83887374,0.7519344,0.66868955,0.82906455,0.78775704,0.7596142,0.733097,0.66603523,0.8157022,0.8210994,0.73256135,0.7624145,0.81386346,0.78705883,0.800586,0.67446417,0.8459859,0.6954769,0.7631792,0.84600633,0.80577636,0.8962672,0.76221657,0.8289695,0.887746
quorum_araras_sp,0.75063056,0.9234401,0.7777309,0.78562826,0.6802129,0.87863684,0.6701298,0.9126194,0.5611845,0.8509234,0.8383981,0.71804357,0.705241,0.81813556,0.8849895,0.8259188,0.7766079,0.62944436,0.8997477,0.7560129,0.8082233,0.7480819,0.63419086,0.5156081,0.77964777,0.6915367,0.65397966,0.88824356,0.89467835,0.7813478,0.7492454,0.99999994,0.7202882,0.68652564,0.67472875,0.7860289,0.7234921,0.70594335,0.844702,0.9026059,0.7707274,0.7097935,0.928583,0.85064256,0.7373579,0.78801847,0.6701399,0.7745991,0.7898655,0.6936326,0.820165,0.76602703,0.8824227,0.7034941,0.8218722,0.88634837,0.85087556,0.7255829,0.7547602,0.88105744,0.6845623,0.6994469,0.65797853,0.733263,0.752461,0.622334,0.87553704,0.784299,0.6063557,0.93070483,0.7757264,0.79678875,0.6707698,0.7284959,0.6345413,0.8326033,0.7460867,0.8186793,0.7314842,0.6518389,0.80726814,0.8363873,0.7713003,0.7348076,0.8055421,0.7050806,0.90534735,0.65112674,0.72330236,0.8944509,0.63171226,0.80706143,0.79157734,0.67287356,0.91054994,0.6880667,0.81131893,0.82929033,0.66324407,0.67132837,0.771502
quorum_marilia_sp,0.58435106,0.7351999,0.72473025,0.6395596,0.80919737,0.7243057,0.8120724,0.72466624,0.69924146,0.6531635,0.80466956,0.68448687,0.8747885,0.6836546,0.6541341,0.7878685,0.64954114,0.795025,0.7748248,0.68402326,0.6547186,0.8234481,0.79716635,0.5296989,0.75811505,0.7570887,0.7722895,0.7526957,0.6944591,0.7568236,0.784441,0.7202882,1.0000002,0.8356898,0.74899894,0.68274593,0.6810508,0.62506133,0.68441546,0.6947423,0.7588333,0.827298,0.71403855,0.6855103,0.7841694,0.7102914,0.8199204,0.861928,0.61516696,0.79940844,0.7112521,0.8030365,0.74249506,0.7901833,0.80119896,0.6659997,0.65692055,0.8777448,0.8588876,0.7247721,0.8231868,0.7809142,0.8800006,0.5237051,0.7819003,0.80128837,0.7529199,0.6334832,0.7510012,0.6614575,0.784458,0.7096485,0.83009386,0.77636814,0.7937778,0.78865206,0.69497937,0.6829544,0.61329794,0.83425033,0.73158884,0.75769126,0.7146274,0.637401,0.81682175,0.84845185,0.70717454,0.782179,0.73309135,0.7714111,0.8053671,0.6390456,0.77877355,0.6201537,0.74212164,0.742123,0.75238323,0.7042114,0.7885809,0.80243194,0.79103285
quorum_caraguatatuba_sp,0.55050284,0.6847166,0.6734285,0.62769455,0.7975407,0.66335034,0.845291,0.64902186,0.7497054,0.63328356,0.79825556,0.6428166,0.8826201,0.6873556,0.65089285,0.7747377,0.6254964,0.8393195,0.70463365,0.6787372,0.6416905,0.83354604,0.84935737,0.5791655,0.76468503,0.7397922,0.79184735,0.7501457,0.64260614,0.76572156,0.78770417,0.68652564,0.8356898,1.0000001,0.7422926,0.7004109,0.70123136,0.6012764,0.66250193,0.6061433,0.699246,0.8299413,0.66458845,0.6187087,0.7810608,0.7170793,0.8153897,0.7748,0.5763663,0.86421645,0.6803061,0.77314955,0.6774916,0.7546197,0.7862965,0.5851299,0.62025535,0.8259331,0.8380633,0.67111284,0.83067703,0.83026534,0.93750435,0.510905,0.78364635,0.8280353,0.69664127,0.58536893,0.80269,0.68237066,0.72209126,0.7339562,0.81639975,0.7694243,0.82339776,0.78589743,0.6610129,0.6585599,0.6226066,0.91922,0.66318184,0.7018212,0.7186889,0.6250635,0.83407706,0.8007927,0.61628896,0.8168485,0.7778194,0.73437095,0.8551687,0.618173,0.7300707,0.6569241,0.6705748,0.7153671,0.74544364,0.6926941,0.7998625,0.85220575,0.7969215
quorum_jundiai_sp,0.59409475,0.76132613,0.69312394,0.6753896,0.89555967,0.72653574,0.7196944,0.6964102,0.84679216,0.693094,0.7357651,0.6605973,0.77596855,0.7061096,0.6199086,0.72677577,0.7346116,0.77344745,0.6691518,0.70891535,0.6405738,0.72764677,0.7890488,0.6301017,0.7343417,0.83068216,0.72479796,0.77845746,0.7363079,0.7357276,0.8493136,0.67472875,0.74899894,0.7422926,0.99999994,0.7898276,0.7709495,0.60259384,0.7100358,0.69846904,0.8099601,0.8330815,0.64436877,0.7445389,0.67465246,0.68960446,0.7397948,0.7618903,0.678192,0.835258,0.7043152,0.7334323,0.6881304,0.89914143,0.74304724,0.5874179,0.7678111,0.76542544,0.7358999,0.6869265,0.7246983,0.74221563,0.7546923,0.5140441,0.7304819,0.73296124,0.7320004,0.6062488,0.7519067,0.6766666,0.74691045,0.73362076,0.7679471,0.8699958,0.8294829,0.7359295,0.906398,0.7829537,0.65454805,0.7476535,0.6931265,0.70241475,0.6748175,0.6030952,0.76069516,0.7394365,0.7104311,0.64555216,0.7611785,0.7533163,0.7883048,0.58604306,0.7605895,0.76097393,0.7182419,0.91657174,0.71928084,0.7073412,0.69357973,0.76171786,0.86909807
quorum_vinhedo_sp,0.6200464,0.7702501,0.7400193,0.6816994,0.80889297,0.7925561,0.7794055,0.7746727,0.6421823,0.74069196,0.77111524,0.7572313,0.7522243,0.7927996,0.6684068,0.7955307,0.70559204,0.6872101,0.7699362,0.71019375,0.7325355,0.7755495,0.70850134,0.54718196,0.79027617,0.8199055,0.7250608,0.83677757,0.76691955,0.8757521,0.94289577,0.7860289,0.68274593,0.7004109,0.7898276,1.0000002,0.7209965,0.6897145,0.7293256,0.78445196,0.82727516,0.7256542,0.72130954,0.75882304,0.6920645,0.7450382,0.71799767,0.7362676,0.69841826,0.7464988,0.72540736,0.7180409,0.72039664,0.80301946,0.81115603,0.71015096,0.78378785,0.7378175,0.71333927,0.71355486,0.6983428,0.7317544,0.6721679,0.5925558,0.7401846,0.7185144,0.7889252,0.66523033,0.67831635,0.74994314,0.8082035,0.71008897,0.7309774,0.8056853,0.6630305,0.7693988,0.8313591,0.7570737,0.69333005,0.7089268,0.80781937,0.760442,0.6890779,0.6532787,0.774903,0.72780585,0.7474922,0.63910604,0.7422979,0.7422048,0.69192636,0.67505455,0.8126383,0.67186,0.7587064,0.8167684,0.79351115,0.93410015,0.6884883,0.72364795,0.8489122
quorum_constituicao,0.6718279,0.74747884,0.73823255,0.7255408,0.7445823,0.7584327,0.67754287,0.69056946,0.7243079,0.72542286,0.70120215,0.6427999,0.7260646,0.7679262,0.68994886,0.7064853,0.7476305,0.73947,0.6933896,0.72228634,0.6916445,0.7230198,0.7415652,0.68880105,0.7210019,0.6940429,0.6405674,0.7625052,0.74875784,0.74446905,0.74977565,0.7234921,0.6810508,0.70123136,0.7709495,0.7209965,0.9999999,0.6907699,0.7276499,0.7261996,0.72250044,0.715088,0.69933873,0.7846164,0.6820574,0.7247119,0.6656894,0.7540927,0.69823635,0.76783,0.75218534,0.73725224,0.71702075,0.7101439,0.7421757,0.6600004,0.7418408,0.745857,0.72769266,0.7346767,0.67745423,0.718076,0.7069077,0.60087985,0.73738575,0.6866572,0.78321755,0.69518095,0.7293896,0.7043818,0.76930165,0.7220232,0.72579265,0.7220867,0.7608314,0.69879085,0.76126146,0.7506693,0.6479441,0.7023672,0.7315512,0.7278651,0.7266644,0.6814201,0.75059843,0.65851456,0.75965714,0.6423687,0.7156572,0.7397907,0.7437767,0.6815002,0.7084462,0.8308929,0.736029,0.73267716,0.7236629,0.68380255,0.6694847,0.7182547,0.77130634
quorum_sao_paulo_sp,0.6147752,0.71061784,0.71403795,0.67428136,0.6457448,0.73154163,0.614169,0.71242607,0.5849188,0.7234161,0.698472,0.7904456,0.6106679,0.7260635,0.6417633,0.67054135,0.66940737,0.64076364,0.6634822,0.6746058,0.69280994,0.6467553,0.6411151,0.5656665,0.78943723,0.6633299,0.5923885,0.71215713,0.7251602,0.6684346,0.6797177,0.70594335,0.62506133,0.6012764,0.60259384,0.6897145,0.6907699,1.0000001,0.6936187,0.7802843,0.7370768,0.6359554,0.7094714,0.7916434,0.6351025,0.68732965,0.6344844,0.67876685,0.7303263,0.620432,0.66630054,0.6511201,0.72954977,0.60897124,0.81332666,0.65489346,0.77463615,0.7630413,0.7154613,0.72314173,0.63869965,0.6556144,0.60057926,0.5992256,0.6630116,0.65819407,0.7782974,0.7388652,0.6339779,0.67287326,0.8516023,0.6889479,0.6807524,0.64304394,0.61194634,0.6986624,0.65074193,0.6921303,0.6930456,0.59459066,0.82053936,0.7093033,0.7180413,0.6948046,0.6900007,0.685629,0.74362516,0.6158819,0.6459367,0.68264854,0.61303616,0.6973099,0.771449,0.62315404,0.7312216,0.60270774,0.7583416,0.69652754,0.6153367,0.6267896,0.70836794
quorum_sao_bernardo_do_campo_sp,0.8257948,0.8550422,0.7841829,0.9106895,0.68116117,0.8893689,0.6904216,0.8135704,0.63979566,0.90641105,0.8493856,0.6780671,0.6830984,0.77589333,0.87824464,0.82316875,0.81411994,0.68516254,0.80774736,0.70793146,0.70946014,0.755674,0.67598605,0.58624554,0.78213537,0.6927004,0.66279393,0.8891463,0.8202881,0.7313909,0.716858,0.844702,0.68441546,0.66250193,0.7100358,0.7293256,0.7276499,0.6936187,1.0,0.7848175,0.758711,0.7491012,0.80458295,0.8659824,0.7198647,0.73581964,0.7228289,0.72797966,0.75676274,0.7244582,0.78319114,0.6539084,0.7912087,0.6756516,0.8277191,0.756755,0.8719716,0.7034139,0.77083844,0.81245136,0.7368872,0.7496436,0.6499813,0.7620591,0.76576173,0.6604099,0.8233068,0.85140014,0.6346582,0.8617168,0.7523534,0.84232974,0.6846074,0.7198354,0.66240513,0.8543669,0.75541246,0.84205174,0.70260274,0.6555146,0.7591676,0.825824,0.82925165,0.64413863,0.812519,0.7244011,0.80963206,0.61716217,0.7488932,0.81380415,0.6542833,0.6720319,0.7846854,0.71672046,0.8317733,0.716474,0.7985243,0.74903905,0.63717604,0.7345385,0.7997496
quorum_tatui_sp,0.696765,0.90360487,0.7877921,0.75663716,0.7203578,0.8853552,0.6335902,0.9051987,0.5624497,0.8248873,0.77530074,0.78526604,0.67979765,0.7957071,0.775541,0.7727839,0.76468635,0.60519934,0.8520749,0.7336067,0.7873257,0.7011667,0.59673524,0.5487651,0.75604045,0.7493776,0.6424862,0.8283044,0.9337784,0.77325094,0.7521627,0.9026059,0.6947423,0.6061433,0.69846904,0.78445196,0.7261996,0.7802843,0.7848175,1.0000001,0.8306873,0.6854464,0.87089795,0.8716788,0.66938645,0.7499069,0.64385307,0.75904554,0.801749,0.6685637,0.77200365,0.7927991,0.89123374,0.7369286,0.78825486,0.8670597,0.8685005,0.7486318,0.7101481,0.8716502,0.64217544,0.6618736,0.6231267,0.6662034,0.6808489,0.60436505,0.89146745,0.7582812,0.57528144,0.8249481,0.82404274,0.72147095,0.668846,0.7450501,0.63071537,0.769603,0.7932485,0.8105074,0.7328195,0.5946382,0.8330716,0.83033043,0.75661314,0.7389194,0.7562126,0.6812208,0.95543516,0.6025057,0.69342244,0.85137534,0.594288,0.7606119,0.8150636,0.66782737,0.9049458,0.7343011,0.7683865,0.79615426,0.6199473,0.64101034,0.7682766
quorum_diadema_sp,0.63994795,0.8109504,0.77749455,0.7380041,0.8600259,0.8489198,0.72710204,0.8242185,0.6454879,0.7619759,0.7827872,0.80125237,0.7601392,0.77782226,0.6890536,0.7558696,0.71747595,0.7073827,0.7678558,0.7586683,0.7599438,0.7484505,0.67116207,0.61650133,0.72795904,0.8915587,0.72229636,0.8062403,0.80978,0.7965967,0.8252659,0.7707274,0.7588333,0.699246,0.8099601,0.82727516,0.72250044,0.7370768,0.758711,0.8306873,1.0,0.7507311,0.7373682,0.8032158,0.6621566,0.7481488,0.7213932,0.75442606,0.7419084,0.7419937,0.7752068,0.73107713,0.7465987,0.8403039,0.796373,0.7206638,0.80428946,0.7598061,0.75807583,0.78335667,0.7101138,0.70770025,0.723959,0.57207453,0.694349,0.7470131,0.85103667,0.72389114,0.654758,0.7337653,0.8362045,0.7047333,0.7848531,0.84469354,0.7024274,0.77754724,0.85519165,0.7851436,0.70600736,0.6718669,0.8256363,0.76489437,0.7360506,0.69807637,0.79516697,0.788886,0.76786906,0.65302455,0.7381704,0.75310075,0.68923783,0.69072384,0.86665714,0.67159,0.83331025,0.8523606,0.77940226,0.83330065,0.62344074,0.7269602,0.8718434
quorum_varzea_paulista_sp,0.6058502,0.7418593,0.7126335,0.6949466,0.83050406,0.7200073,0.84350514,0.71744657,0.796459,0.6794872,0.87820923,0.6974029,0.8451654,0.6885345,0.6674254,0.8553428,0.72075725,0.83014566,0.7456616,0.6695211,0.6036802,0.8101596,0.8475439,0.5675664,0.79888666,0.76839125,0.7702997,0.7573934,0.7274059,0.7542851,0.7994437,0.7097935,0.827298,0.8299413,0.8330815,0.7256542,0.715088,0.6359554,0.7491012,0.6854464,0.7507311,1.0000002,0.6965928,0.70878905,0.7474393,0.67152095,0.8707329,0.77239895,0.6419884,0.8561333,0.68635964,0.798808,0.7207384,0.7992454,0.825762,0.6332517,0.6891942,0.86282575,0.85822093,0.75114954,0.8649695,0.8643854,0.8563911,0.52787673,0.78692555,0.8036727,0.70838964,0.6388824,0.79404724,0.71379334,0.7653437,0.7372584,0.83201885,0.8080684,0.8028985,0.87817085,0.74499035,0.7058203,0.62359333,0.79855543,0.7006652,0.74661994,0.740085,0.62620544,0.77657294,0.8559619,0.7118745,0.72172016,0.7467973,0.7782929,0.852381,0.57908714,0.77937996,0.71985316,0.7453017,0.78864205,0.74199307,0.6978347,0.7604873,0.83721066,0.8269547
quorum_jau_sp,0.74445677,0.91448665,0.73919314,0.77831554,0.6867392,0.8303662,0.6705457,0.9156692,0.5272931,0.8137951,0.8088728,0.724521,0.69605464,0.77014405,0.8165382,0.8082019,0.7173143,0.6531562,0.90877485,0.75379676,0.8269031,0.73391646,0.663119,0.5554464,0.7558453,0.700058,0.67854375,0.84063673,0.89020205,0.7523096,0.73920727,0.928583,0.71403855,0.66458845,0.64436877,0.72130954,0.69933873,0.7094714,0.80458295,0.87089795,0.7373682,0.6965928,1.0,0.819485,0.7180682,0.7583192,0.6750805,0.7406418,0.7575841,0.6825546,0.7817806,0.78080684,0.9133434,0.7064263,0.7957884,0.89072335,0.8099816,0.71987915,0.7824141,0.9230358,0.69563293,0.6952557,0.6628889,0.6978808,0.735209,0.6171375,0.84740424,0.727803,0.6309941,0.84585524,0.7563738,0.76494986,0.6631166,0.7300434,0.6178765,0.8147768,0.7106229,0.7824544,0.7124237,0.6691851,0.7686041,0.80030084,0.7818117,0.7446394,0.79360914,0.711366,0.8890027,0.68161094,0.7327033,0.9079524,0.636446,0.80988216,0.7821125,0.64255834,0.92153865,0.6505159,0.7853259,0.78148913,0.6769833,0.7097126,0.7436265
quorum_sao_caetano_do_sul_sp,0.82407427,0.8523499,0.849758,0.87449193,0.7274918,0.9199571,0.6648903,0.8472011,0.6103103,0.9188237,0.80601513,0.7306485,0.6866174,0.8548485,0.8321855,0.78182495,0.8403555,0.666108,0.7918781,0.72024155,0.7601595,0.7229253,0.656048,0.6139641,0.77430546,0.7221623,0.67645115,0.85972,0.875072,0.72958875,0.7474325,0.85064256,0.6855103,0.6187087,0.7445389,0.75882304,0.7846164,0.7916434,0.8659824,0.8716788,0.8032158,0.70878905,0.819485,1.0,0.67319727,0.7358027,0.68642914,0.74928874,0.87683344,0.7232058,0.8177426,0.704722,0.82968163,0.71917737,0.8178954,0.7819324,0.94213134,0.7497744,0.74918604,0.83859944,0.69767743,0.72709304,0.6363645,0.7658036,0.73374504,0.6450332,0.92987573,0.83652735,0.6434059,0.85501313,0.8145872,0.75797737,0.67825556,0.78181267,0.6308292,0.8132624,0.8095509,0.87540555,0.72037697,0.6343209,0.8161459,0.85583514,0.8244528,0.7042639,0.7816305,0.6810883,0.8694532,0.6064965,0.7020078,0.8168582,0.6341888,0.71922576,0.7804561,0.72036994,0.8720602,0.7425772,0.7708179,0.7575826,0.5976082,0.70554274,0.7794221
quorum_jandira_sp,0.62318826,0.71141946,0.67779636,0.6522271,0.70596826,0.7031963,0.71027195,0.6823199,0.7085289,0.6841448,0.7734272,0.6330969,0.74045455,0.6731986,0.6506635,0.7773942,0.69524616,0.79997087,0.7626628,0.72451067,0.70778227,0.81236887,0.81710327,0.542444,0.7846758,0.65390605,0.69316024,0.7384634,0.65969217,0.70898855,0.727593,0.7373579,0.7841694,0.7810608,0.67465246,0.6920645,0.6820574,0.6351025,0.7198647,0.66938645,0.6621566,0.7474393,0.7180682,0.67319727,0.99999994,0.77799404,0.71604604,0.7841953,0.6051813,0.73998636,0.73557484,0.7261271,0.71047884,0.6850158,0.79412663,0.66758585,0.65645194,0.75726134,0.7578981,0.6998442,0.71900177,0.7249578,0.7928424,0.55832434,0.93723726,0.77046996,0.7199024,0.6557128,0.7751214,0.6680033,0.75024253,0.7694429,0.8017427,0.6626475,0.7437685,0.78069127,0.6847974,0.644533,0.6242098,0.8150608,0.7174653,0.72076523,0.6627563,0.68348503,0.82985115,0.720653,0.68687725,0.74168444,0.7126977,0.7172641,0.823001,0.71413827,0.7195695,0.66214716,0.7103609,0.7297969,0.7912285,0.685824,0.93303275,0.78836,0.77071124
quorum_itapetininga_sp,0.6699387,0.7603782,0.7080816,0.6947656,0.7217163,0.76287025,0.68083155,0.74185514,0.67201656,0.75878656,0.7350162,0.64907056,0.69956535,0.75691295,0.7245366,0.75593674,0.7551202,0.7595726,0.7388759,0.86955047,0.7977675,0.78333163,0.72333616,0.60305953,0.8395672,0.6981735,0.6415123,0.7850746,0.7484683,0.7424075,0.7439248,0.78801847,0.7102914,0.7170793,0.68960446,0.7450382,0.7247119,0.68732965,0.73581964,0.7499069,0.7481488,0.67152095,0.7583192,0.7358027,0.77799404,1.0000002,0.6401256,0.7767669,0.66005063,0.7526713,0.8705435,0.7332391,0.7553677,0.7137028,0.7525888,0.7192919,0.74639505,0.6818545,0.7332859,0.7373474,0.6589728,0.70756817,0.7052753,0.6519816,0.79356796,0.7362443,0.77229273,0.72794706,0.76772964,0.74561006,0.7323193,0.81111604,0.7564257,0.71495605,0.7064406,0.7398747,0.73045754,0.7475662,0.6891025,0.7363484,0.73211104,0.76876974,0.7043222,0.8023301,0.81461316,0.6715437,0.7419869,0.71296567,0.7622719,0.7398318,0.7419392,0.84091634,0.7401246,0.7019944,0.7574475,0.7028753,0.8947296,0.74681646,0.7313484,0.7461772,0.78532624
quorum_aracatuca_sp,0.59781677,0.7111626,0.70491326,0.6934335,0.82585025,0.70556694,0.9236628,0.7158646,0.6933523,0.6550284,0.83240926,0.7129917,0.8618034,0.68831074,0.59913117,0.8372208,0.6614748,0.80673933,0.7666313,0.59362674,0.54286104,0.8172584,0.82279813,0.58550125,0.7794202,0.79494643,0.8046734,0.720331,0.6660435,0.79001313,0.8178989,0.6701399,0.8199204,0.8153897,0.7397948,0.71799767,0.6656894,0.6344844,0.7228289,0.64385307,0.7213932,0.8707329,0.6750805,0.68642914,0.71604604,0.6401256,0.9999999,0.7135221,0.6167934,0.83198094,0.63337576,0.7482512,0.7071003,0.7671707,0.8230752,0.64215255,0.650496,0.87786734,0.8864971,0.72313833,0.955254,0.8855094,0.8176557,0.5695388,0.75118196,0.83722377,0.7167564,0.61932516,0.750117,0.6532382,0.7600994,0.6825515,0.82102,0.82714546,0.7353805,0.8403909,0.6702559,0.6664222,0.5896946,0.7909988,0.6677242,0.7486053,0.7246213,0.61652255,0.7848797,0.9120155,0.6501579,0.7475566,0.7304822,0.76254517,0.8225645,0.56967723,0.7838028,0.6236185,0.7375573,0.71998966,0.745375,0.72918236,0.7575345,0.8536222,0.81414914
quorum_itapecerica_da_serra_sp,0.6382699,0.7679831,0.74213606,0.6873351,0.7641515,0.79845357,0.71716905,0.76235485,0.72243476,0.7173622,0.78896916,0.7026335,0.8018006,0.7672467,0.72988963,0.7707944,0.76395136,0.77541673,0.7648842,0.7613823,0.71604425,0.8061016,0.78816557,0.58985007,0.81495357,0.7399948,0.7269254,0.76586086,0.76559025,0.7467102,0.7798076,0.7745991,0.861928,0.7748,0.7618903,0.7362676,0.7540927,0.67876685,0.72797966,0.75904554,0.75442606,0.77239895,0.7406418,0.74928874,0.7841953,0.7767669,0.7135221,0.99999964,0.6798056,0.8019849,0.7929722,0.77631724,0.79417676,0.760219,0.78786886,0.7357645,0.7104947,0.78412193,0.79609334,0.74906886,0.7184649,0.7770232,0.80364037,0.61607194,0.8136211,0.7301668,0.80255175,0.71363384,0.7782087,0.71901715,0.8032596,0.77246577,0.8238629,0.74993193,0.7458069,0.7592157,0.74847484,0.7287811,0.73627347,0.8075634,0.783111,0.7779803,0.7474217,0.6880269,0.78008187,0.7576788,0.77007544,0.733774,0.74983585,0.7545414,0.8081776,0.7100196,0.80200005,0.7014518,0.77574456,0.7635992,0.7931369,0.7179873,0.7720115,0.7707067,0.80163705
quorum_cruzeiro_sp,0.7293358,0.7739372,0.7687011,0.7744663,0.6750175,0.83596015,0.57837045,0.7770355,0.5111522,0.8254743,0.7562702,0.6592128,0.6300218,0.7770449,0.7882776,0.70732653,0.7506129,0.5678426,0.69178456,0.6651652,0.71149635,0.6784422,0.54690486,0.59716743,0.6846888,0.6940362,0.59483707,0.7785677,0.81577754,0.6637578,0.6841477,0.7898655,0.61516696,0.5763663,0.678192,0.69841826,0.69823635,0.7303263,0.75676274,0.801749,0.7419084,0.6419884,0.7575841,0.87683344,0.6051813,0.66005063,0.6167934,0.6798056,0.9999999,0.6309864,0.75370216,0.63560736,0.7631577,0.6851212,0.7450423,0.71192515,0.85164106,0.6934191,0.66524565,0.7494296,0.6239611,0.65314126,0.576371,0.74531394,0.6278132,0.5414848,0.86287785,0.76962197,0.5384965,0.8019013,0.7756765,0.67381626,0.59214514,0.7214695,0.5533548,0.7311892,0.7668401,0.83364654,0.73565817,0.56459373,0.7736491,0.80997825,0.7718307,0.61697716,0.7012836,0.6247441,0.76522315,0.54081213,0.64182454,0.7604906,0.54484427,0.66343695,0.6973618,0.6640793,0.78145,0.6916886,0.68138397,0.6972195,0.5217736,0.6363697,0.6980985
quorum_caieiras_sp,0.6389031,0.72658277,0.7300775,0.71500576,0.84900194,0.74125993,0.8483678,0.70996475,0.8134988,0.69194376,0.82675904,0.65411687,0.8752749,0.75922644,0.6590762,0.8284159,0.7774867,0.8486681,0.73223746,0.70727944,0.6250969,0.8276432,0.8628726,0.6078295,0.80291677,0.8067421,0.84585285,0.765692,0.7155956,0.7986174,0.8407077,0.6936326,0.79940844,0.86421645,0.835258,0.7464988,0.76783,0.620432,0.7244582,0.6685637,0.7419937,0.8561333,0.6825546,0.7232058,0.73998636,0.7526713,0.83198094,0.8019849,0.6309864,0.99999976,0.746764,0.78738904,0.704092,0.79603946,0.79966474,0.6382362,0.69340086,0.82575977,0.8372638,0.7430863,0.8242531,0.8943455,0.85140264,0.6045467,0.7915744,0.79675347,0.74459517,0.64852214,0.83416235,0.6943251,0.75230753,0.7674279,0.82497656,0.8807445,0.8338154,0.8317823,0.75434434,0.7143958,0.61566126,0.86965567,0.6919226,0.75104487,0.74967635,0.65686107,0.8367647,0.8160659,0.69365156,0.8003569,0.8268932,0.7581873,0.8762511,0.628605,0.77117956,0.7581568,0.7347204,0.7876265,0.7950937,0.72843534,0.77393305,0.90310484,0.8741509
quorum_poa_sp,0.7608411,0.80573285,0.76546586,0.7875627,0.7321919,0.8245538,0.63197607,0.7868509,0.626695,0.8267149,0.7862359,0.64467025,0.7062931,0.80814326,0.79660743,0.7809274,0.8526287,0.7184107,0.75818825,0.8976035,0.8007364,0.7874909,0.6773143,0.6395011,0.8074595,0.68932146,0.64192635,0.81728625,0.78879464,0.73108494,0.72184134,0.820165,0.7112521,0.6803061,0.7043152,0.72540736,0.75218534,0.66630054,0.78319114,0.77200365,0.7752068,0.68635964,0.7817806,0.8177426,0.73557484,0.8705435,0.63337576,0.7929722,0.75370216,0.746764,1.0,0.72105014,0.7936579,0.72871596,0.7516593,0.7492448,0.79907084,0.6796712,0.7245128,0.8070245,0.64468706,0.70954025,0.68446225,0.72029984,0.76251847,0.65034956,0.8419923,0.7965479,0.72092074,0.7867794,0.74896836,0.78065217,0.7101451,0.7357335,0.6886553,0.77446425,0.7640381,0.79442567,0.69459623,0.69740456,0.7733588,0.7892317,0.7627292,0.78142667,0.81810415,0.65628415,0.7662244,0.6540609,0.7507553,0.77555275,0.7021623,0.83453053,0.75071347,0.6910567,0.82318366,0.7075554,0.8744057,0.7344822,0.6771809,0.7413381,0.7654366
quorum_ubatuba_sp,0.62242067,0.7879071,0.68855953,0.6367622,0.7832204,0.7189101,0.7768825,0.7751212,0.69671,0.657067,0.76456094,0.68550205,0.802855,0.73716307,0.6634265,0.78267616,0.6922661,0.74279976,0.80464125,0.72068256,0.71303666,0.777554,0.7436133,0.51116526,0.7657013,0.73216105,0.73706824,0.7592268,0.79026526,0.787033,0.7752907,0.76602703,0.8030365,0.77314955,0.7334323,0.7180409,0.73725224,0.6511201,0.6539084,0.7927991,0.73107713,0.798808,0.78080684,0.704722,0.7261271,0.7332391,0.7482512,0.77631724,0.63560736,0.78738904,0.72105014,1.0000002,0.81348693,0.76407754,0.77830756,0.7114936,0.67171675,0.8477731,0.8240875,0.81166,0.7770307,0.7652651,0.78459185,0.53961676,0.71089363,0.7179836,0.7516151,0.631661,0.7442373,0.7012998,0.75630164,0.7238868,0.7502809,0.74406624,0.7842186,0.76923996,0.71287847,0.7171357,0.6162504,0.7627951,0.70668054,0.78386605,0.72145104,0.7658435,0.77158684,0.7598014,0.83444357,0.7403872,0.7427858,0.8316261,0.75482535,0.7527723,0.74084747,0.6748792,0.80005836,0.7043296,0.7666124,0.7155505,0.76321,0.7476414,0.7768652
quorum_itu_sp,0.69929606,0.9012553,0.74677384,0.76355153,0.7242961,0.82305455,0.67866886,0.8986013,0.59009737,0.8320298,0.81101614,0.7517112,0.7349641,0.7899095,0.770971,0.81445765,0.7458453,0.66963214,0.873554,0.7458865,0.77564013,0.736156,0.6891375,0.608274,0.7778621,0.7130897,0.71131265,0.8206966,0.89635676,0.7526441,0.7371448,0.8824227,0.74249506,0.6774916,0.6881304,0.72039664,0.71702075,0.72954977,0.7912087,0.89123374,0.7465987,0.7207384,0.9133434,0.82968163,0.71047884,0.7553677,0.7071003,0.79417676,0.7631577,0.704092,0.7936579,0.81348693,1.0,0.7364941,0.8162781,0.8619194,0.84521794,0.7618828,0.78953147,0.9134867,0.72274613,0.724449,0.6815836,0.65783995,0.72780967,0.6533072,0.88131917,0.71975803,0.6524541,0.8107493,0.79672027,0.75401056,0.7044102,0.7548504,0.65623975,0.797372,0.718071,0.7877664,0.7156265,0.66674894,0.7936065,0.81080335,0.7598186,0.7597569,0.8114207,0.7131214,0.9056971,0.6375774,0.7637595,0.8931079,0.66936046,0.78021324,0.78964484,0.63822865,0.9170201,0.6757083,0.79695,0.74666893,0.69400805,0.7140234,0.7486962
quorum_mogi_mirim_sp,0.57027876,0.7693398,0.7075404,0.6523036,0.90143526,0.7405273,0.76126546,0.76156396,0.6927786,0.67478657,0.7452632,0.73473775,0.84782016,0.6953877,0.6158638,0.7852209,0.6682026,0.7343083,0.75043046,0.73476434,0.6634349,0.761471,0.7382497,0.5710962,0.73573714,0.8755884,0.7747489,0.75726545,0.7504009,0.7693605,0.8662041,0.7034941,0.7901833,0.7546197,0.89914143,0.80301946,0.7101439,0.60897124,0.6756516,0.7369286,0.8403039,0.7992454,0.7064263,0.71917737,0.6850158,0.7137028,0.7671707,0.760219,0.6851212,0.79603946,0.72871596,0.76407754,0.7364941,0.9999999,0.76050794,0.6558598,0.74008286,0.78942823,0.7698523,0.7195636,0.75297284,0.75422454,0.76784635,0.51270425,0.6830539,0.72470766,0.76746315,0.5680192,0.68002385,0.6801753,0.7594213,0.6601133,0.7673085,0.90626025,0.7684405,0.7559493,0.86635375,0.752872,0.67605,0.7309606,0.71189576,0.71794087,0.6738274,0.6542391,0.78447366,0.76965636,0.71460724,0.6572824,0.74556816,0.78386146,0.7353824,0.64225847,0.8248861,0.6387757,0.7570803,0.8699658,0.7656997,0.76421237,0.7267816,0.7965201,0.8508786
quorum_cubatao_sp,0.66685,0.8397574,0.7755687,0.73890096,0.7800694,0.80111444,0.8268642,0.8055884,0.72107685,0.78789765,0.88972414,0.8170148,0.8010056,0.8187445,0.7399439,0.8752246,0.7590903,0.77096933,0.8236444,0.72076297,0.73311204,0.8499547,0.7836941,0.53568304,0.8695982,0.7632341,0.80485904,0.85854167,0.7748729,0.80985177,0.84238255,0.8218722,0.80119896,0.7862965,0.74304724,0.81115603,0.7421757,0.81332666,0.8277191,0.78825486,0.796373,0.825762,0.7957884,0.8178954,0.79412663,0.7525888,0.8230752,0.78786886,0.7450423,0.79966474,0.7516593,0.77830756,0.8162781,0.76050794,1.0000001,0.75351626,0.8179722,0.88843036,0.8538746,0.80964154,0.8247417,0.8456041,0.76319015,0.6533781,0.8232525,0.78381413,0.841686,0.7717815,0.7245901,0.7772629,0.8915924,0.80531293,0.80646884,0.7934277,0.7690904,0.8906949,0.7511072,0.7870977,0.70105636,0.8029964,0.8725226,0.79972965,0.7811197,0.73072994,0.8633519,0.8416663,0.7915437,0.7836453,0.8200847,0.8373373,0.7713987,0.73883265,0.8784697,0.6828847,0.81135106,0.7376627,0.8432649,0.80519664,0.77982354,0.788654,0.83121634
quorum_hortolandia_sp,0.6746535,0.8913366,0.7123143,0.7210678,0.6351117,0.8117752,0.6480165,0.9064519,0.4703443,0.7614965,0.7670151,0.72022825,0.6766498,0.7600373,0.7370955,0.76998967,0.69610995,0.5720608,0.91828334,0.6749047,0.74298257,0.67366135,0.58450663,0.4934106,0.6932772,0.6596798,0.60010976,0.78536355,0.8545326,0.72419214,0.6957862,0.88634837,0.6659997,0.5851299,0.5874179,0.71015096,0.6600004,0.65489346,0.756755,0.8670597,0.7206638,0.6332517,0.89072335,0.7819324,0.66758585,0.7192919,0.64215255,0.7357645,0.71192515,0.6382362,0.7492448,0.7114936,0.8619194,0.6558598,0.75351626,0.99999964,0.7693901,0.6451443,0.6935171,0.8671211,0.64559966,0.68015474,0.60529757,0.6745508,0.6673933,0.5713842,0.8331026,0.7084781,0.5372849,0.7910609,0.72070694,0.69028383,0.66262925,0.691529,0.55744433,0.76670575,0.66192055,0.73402137,0.6903194,0.59263206,0.74892634,0.7477689,0.7299699,0.68047965,0.7406557,0.6586637,0.8745809,0.585667,0.6519627,0.85310435,0.58551,0.71926385,0.7613671,0.59983355,0.8922693,0.615159,0.724725,0.76808333,0.6279591,0.6309643,0.69797283
quorum_valinhos_sp,0.78567624,0.8829857,0.80101746,0.8389344,0.7293316,0.88851136,0.62817085,0.8317997,0.62594634,0.9335017,0.7973022,0.72643644,0.6602031,0.8139372,0.8079322,0.7791845,0.81467474,0.6326363,0.7746469,0.7411749,0.7777387,0.7039351,0.63129437,0.6136383,0.7591822,0.7249806,0.65001994,0.9033551,0.86506784,0.7292026,0.7529726,0.85087556,0.65692055,0.62025535,0.7678111,0.78378785,0.7418408,0.77463615,0.8719716,0.8685005,0.80428946,0.6891942,0.8099816,0.94213134,0.65645194,0.74639505,0.650496,0.7104947,0.85164106,0.69340086,0.79907084,0.67171675,0.84521794,0.74008286,0.8179722,0.7693901,1.0000001,0.7104264,0.7007768,0.8036224,0.6592401,0.685359,0.61371255,0.73306763,0.7045746,0.6099404,0.9028785,0.8119461,0.6006045,0.8656672,0.7959121,0.7824055,0.6433722,0.7684146,0.664383,0.79611146,0.84197205,0.9157957,0.7273467,0.6156522,0.812706,0.8172525,0.7909914,0.6913079,0.8227462,0.6549627,0.86116266,0.58872914,0.74824595,0.8374772,0.593022,0.72281903,0.7720227,0.7001316,0.8441614,0.7563637,0.78620386,0.7773632,0.5888502,0.68298846,0.7813022
quorum_lins_sp,0.6196619,0.7491603,0.74402905,0.67691386,0.8211387,0.74306417,0.8424089,0.7329149,0.73006094,0.6804153,0.8331692,0.7598079,0.86118364,0.7468331,0.64941704,0.8243919,0.6818618,0.7971445,0.76085365,0.6470281,0.6273289,0.8189402,0.81735665,0.5576282,0.81191486,0.79148954,0.80605334,0.7679383,0.7470086,0.8210817,0.8278365,0.7255829,0.8777448,0.8259331,0.76542544,0.7378175,0.745857,0.7630413,0.7034139,0.7486318,0.7598061,0.86282575,0.71987915,0.7497744,0.75726134,0.6818545,0.87786734,0.78412193,0.6934191,0.82575977,0.6796712,0.8477731,0.7618828,0.78942823,0.88843036,0.6451443,0.7104264,1.0,0.8814275,0.7640342,0.8707378,0.8449165,0.83500415,0.57749575,0.7734741,0.81076217,0.7785244,0.68392295,0.7510165,0.6891,0.8797093,0.7139071,0.8319254,0.8075136,0.8028869,0.82433957,0.7091545,0.70665693,0.6123911,0.81149876,0.7981833,0.7957779,0.7593677,0.67660207,0.8089242,0.89375633,0.7608413,0.79443175,0.76799893,0.808612,0.8133582,0.6468554,0.811262,0.6585135,0.7581786,0.73080343,0.77119386,0.73848295,0.78188,0.8146591,0.8208509
quorum_embu_das_artes_sp,0.6552019,0.7657913,0.72921133,0.7452253,0.8057295,0.763873,0.8531215,0.77483624,0.6937338,0.7141418,0.8492818,0.73600304,0.8659849,0.74229383,0.7162225,0.8371135,0.69254625,0.8213779,0.8056573,0.6813168,0.6537019,0.85484266,0.81071097,0.59778583,0.83361244,0.7824997,0.7993948,0.76334524,0.75151277,0.79706293,0.80618775,0.7547602,0.8588876,0.8380633,0.7358999,0.71333927,0.72769266,0.7154613,0.77083844,0.7101481,0.75807583,0.85822093,0.7824141,0.74918604,0.7578981,0.7332859,0.8864971,0.79609334,0.66524565,0.8372638,0.7245128,0.8240875,0.78953147,0.7698523,0.8538746,0.6935171,0.7007768,0.8814275,1.0,0.8159878,0.9050173,0.86474115,0.84160364,0.59786904,0.78339386,0.8170856,0.7830584,0.68259084,0.7754782,0.72700226,0.78283966,0.7551791,0.8182664,0.8099028,0.7587866,0.8576061,0.68112797,0.7111243,0.62941414,0.82488924,0.7104904,0.81980723,0.7712479,0.7042532,0.8082654,0.89979005,0.73224175,0.79534954,0.76559556,0.8168019,0.8214506,0.6843774,0.83182454,0.6803365,0.8105296,0.7027001,0.8234744,0.73740315,0.7619711,0.85319805,0.8192533
quorum_sao_carlos_sp,0.7692511,0.89553785,0.7739648,0.8405068,0.74472094,0.82935184,0.7082522,0.91219974,0.5927452,0.8086369,0.8183624,0.74147433,0.7383597,0.7926642,0.79391193,0.8206137,0.74659705,0.70506066,0.90340114,0.71361464,0.7485978,0.72844607,0.6905929,0.6056414,0.7767348,0.74015504,0.70726544,0.82390314,0.8981389,0.76076305,0.73767793,0.88105744,0.7247721,0.67111284,0.6869265,0.71355486,0.7346767,0.72314173,0.81245136,0.8716502,0.78335667,0.75114954,0.9230358,0.83859944,0.6998442,0.7373474,0.72313833,0.74906886,0.7494296,0.7430863,0.8070245,0.81166,0.9134867,0.7195636,0.80964154,0.8671211,0.8036224,0.7640342,0.8159878,1.0000001,0.7427787,0.7378046,0.6991899,0.7014959,0.7190857,0.6689912,0.8473343,0.7620443,0.67031115,0.81913924,0.78922063,0.75873715,0.7089882,0.77287996,0.65361845,0.84034055,0.7057233,0.77135384,0.6773505,0.6632203,0.7763512,0.81722444,0.79169536,0.7437048,0.78559476,0.75357336,0.8954121,0.6621175,0.7497043,0.8937841,0.7010383,0.74887955,0.7963166,0.6659962,0.9666796,0.66882265,0.78922987,0.7583229,0.6697262,0.73257005,0.7778159
quorum_mairipora_sp,0.61011696,0.71917295,0.7091191,0.70909685,0.79421437,0.71209013,0.9191059,0.7243259,0.68176895,0.66462743,0.83395225,0.69922817,0.8672173,0.6927204,0.65150183,0.83420527,0.6491099,0.81762147,0.7727379,0.6034088,0.5602768,0.8363505,0.81490207,0.5783832,0.79140925,0.77784705,0.7974226,0.7328395,0.6788923,0.79086536,0.7907764,0.6845623,0.8231868,0.83067703,0.7246983,0.6983428,0.67745423,0.63869965,0.7368872,0.64217544,0.7101138,0.8649695,0.69563293,0.69767743,0.71900177,0.6589728,0.955254,0.7184649,0.6239611,0.8242531,0.64468706,0.7770307,0.72274613,0.75297284,0.8247417,0.64559966,0.6592401,0.8707378,0.9050173,0.7427787,0.9999997,0.89390445,0.83091426,0.5685625,0.7538663,0.84023285,0.72067106,0.62296057,0.7550526,0.6685842,0.748535,0.69465965,0.8047781,0.7972588,0.7434393,0.8528993,0.6496979,0.6821857,0.60079604,0.80424833,0.6653994,0.7623275,0.74004304,0.6288242,0.79784083,0.90770936,0.67196494,0.7368284,0.7463088,0.78818053,0.8065648,0.5981678,0.7609044,0.6249296,0.74630237,0.6890576,0.7459094,0.7017162,0.7447114,0.8581126,0.8070397
quorum_atibaia_sp,0.6469475,0.73160803,0.7333011,0.72945535,0.79393643,0.7647786,0.90041447,0.7301376,0.7199566,0.7089477,0.87109315,0.7228681,0.8520665,0.7753111,0.6788418,0.85582626,0.7098235,0.82223666,0.7586182,0.6470625,0.59335816,0.8564137,0.8354097,0.550565,0.84140784,0.7864479,0.80074835,0.7501428,0.7156621,0.7844879,0.8170488,0.6994469,0.7809142,0.83026534,0.74221563,0.7317544,0.718076,0.6556144,0.7496436,0.6618736,0.70770025,0.8643854,0.6952557,0.72709304,0.7249578,0.70756817,0.8855094,0.7770232,0.65314126,0.8943455,0.70954025,0.7652651,0.724449,0.75422454,0.8456041,0.68015474,0.685359,0.8449165,0.86474115,0.7378046,0.89390445,0.9999999,0.811291,0.6376506,0.77730757,0.81085634,0.7537675,0.67824256,0.8008405,0.69865924,0.76677907,0.7577571,0.8494061,0.8237789,0.7558351,0.862666,0.67813766,0.7105893,0.629256,0.8364481,0.7095422,0.7816691,0.7951944,0.6606885,0.80747247,0.85731137,0.68171775,0.7755157,0.81351125,0.77202666,0.8263782,0.6194875,0.813725,0.68763644,0.7312268,0.708794,0.80191815,0.72003764,0.7549487,0.893986,0.8226359
quorum_bauru_sp,0.5820519,0.6814901,0.6884271,0.64422333,0.80537087,0.67319095,0.8242759,0.6520617,0.74325705,0.61888736,0.77361786,0.6299906,0.8797351,0.6657416,0.6152691,0.76712,0.64343935,0.8422059,0.7173661,0.6688518,0.6247273,0.8250741,0.8378104,0.6061027,0.7539761,0.74233335,0.77244395,0.7310715,0.6534588,0.74861854,0.766708,0.65797853,0.8800006,0.93750435,0.7546923,0.6721679,0.7069077,0.60057926,0.6499813,0.6231267,0.723959,0.8563911,0.6628889,0.6363645,0.7928424,0.7052753,0.8176557,0.80364037,0.576371,0.85140264,0.68446225,0.78459185,0.6815836,0.76784635,0.76319015,0.60529757,0.61371255,0.83500415,0.84160364,0.6991899,0.83091426,0.811291,0.99999964,0.50031984,0.78175926,0.8164107,0.7067702,0.5913321,0.79240173,0.64213836,0.72151196,0.7100201,0.8276184,0.77048373,0.8167141,0.7785681,0.6794677,0.65129113,0.61472446,0.8963131,0.65715283,0.7111509,0.7079904,0.6389893,0.81337535,0.80513847,0.6398028,0.80208904,0.7392584,0.7243674,0.8508694,0.61511457,0.7202812,0.66417366,0.69469583,0.7330726,0.7310065,0.6609548,0.8011232,0.8533724,0.786391
quorum_franca_sp,0.8687358,0.698068,0.6976642,0.8219956,0.54510677,0.79171664,0.5411728,0.6976903,0.4424368,0.8112772,0.71799695,0.521575,0.5295495,0.7195236,0.79691035,0.68335974,0.6911247,0.55888057,0.6829259,0.581069,0.6241533,0.6342687,0.5346439,0.4606275,0.68793756,0.54202497,0.53896594,0.7430959,0.7001389,0.6225399,0.58388615,0.733263,0.5237051,0.510905,0.5140441,0.5925558,0.60087985,0.5992256,0.7620591,0.6662034,0.57207453,0.52787673,0.6978808,0.7658036,0.55832434,0.6519816,0.5695388,0.61607194,0.74531394,0.6045467,0.72029984,0.53961676,0.65783995,0.51270425,0.6533781,0.6745508,0.73306763,0.57749575,0.59786904,0.7014959,0.5685625,0.6376506,0.50031984,1.0,0.6089798,0.4798427,0.7445945,0.8305147,0.54497755,0.748281,0.6146419,0.7403569,0.51890606,0.5992746,0.4799707,0.7193085,0.58961225,0.7494345,0.61438847,0.5407446,0.6347559,0.7580137,0.77828383,0.5932275,0.64715874,0.55779994,0.67063916,0.5792171,0.6191329,0.68433297,0.52529526,0.6513223,0.62696856,0.58205867,0.7105873,0.5081726,0.70894945,0.6215592,0.48808688,0.600448,0.6055136
quorum_guaruja_sp,0.64303815,0.736833,0.7212188,0.6941908,0.74386,0.7449553,0.7429042,0.69448125,0.7879988,0.7347199,0.8173213,0.6766041,0.7536878,0.72075576,0.68000436,0.81382155,0.7473304,0.8696315,0.7582848,0.7543107,0.7347101,0.82925814,0.8978201,0.59011126,0.82363963,0.6860473,0.7213299,0.7749386,0.6831247,0.7604198,0.7886499,0.752461,0.7819003,0.78364635,0.7304819,0.7401846,0.73738575,0.6630116,0.76576173,0.6808489,0.694349,0.78692555,0.735209,0.73374504,0.93723726,0.79356796,0.75118196,0.8136211,0.6278132,0.7915744,0.76251847,0.71089363,0.72780967,0.6830539,0.8232525,0.6673933,0.7045746,0.7734741,0.78339386,0.7190857,0.7538663,0.77730757,0.78175926,0.6089798,0.9999996,0.8197168,0.75313604,0.69673824,0.8630668,0.6875179,0.791934,0.81321555,0.8469944,0.69669485,0.7744047,0.8165889,0.71564287,0.6862713,0.66978925,0.8609791,0.76937485,0.73946327,0.70896006,0.6979885,0.8473436,0.75954926,0.70408785,0.75905704,0.75955755,0.7319013,0.89095867,0.7179484,0.7521248,0.746862,0.7287921,0.7456718,0.8121555,0.71526015,0.87600756,0.8225137,0.81770414
quorum_sao_jose_do_rio_preto_sp,0.5245971,0.64629465,0.7141524,0.6198803,0.805924,0.65826374,0.862803,0.63037074,0.76160055,0.61922735,0.7411294,0.7352773,0.8013979,0.675987,0.55363774,0.73793817,0.59967315,0.8643364,0.67956054,0.6615701,0.61906457,0.7821635,0.87461627,0.5805561,0.7967379,0.7839995,0.75403154,0.68381584,0.60727674,0.7409719,0.79809177,0.622334,0.80128837,0.8280353,0.73296124,0.7185144,0.6866572,0.65819407,0.6604099,0.60436505,0.7470131,0.8036727,0.6171375,0.6450332,0.77046996,0.7362443,0.83722377,0.7301668,0.5414848,0.79675347,0.65034956,0.7179836,0.6533072,0.72470766,0.78381413,0.5713842,0.6099404,0.81076217,0.8170856,0.6689912,0.84023285,0.81085634,0.8164107,0.4798427,0.8197168,0.99999964,0.68092203,0.59397984,0.8435444,0.59066916,0.7887546,0.6960584,0.9348664,0.74117833,0.7745106,0.7432847,0.64327186,0.62633944,0.57718766,0.8173839,0.70826393,0.69839513,0.6963972,0.65401626,0.78824437,0.8517057,0.60157764,0.73403645,0.7407548,0.6592907,0.8677487,0.60191953,0.7699357,0.6632104,0.66147256,0.7241189,0.76032495,0.6797668,0.79351264,0.82423484,0.8382222
quorum_ferraz_de_vasconcelos_sp,0.7650591,0.88014746,0.83882105,0.8330188,0.7639722,0.9176924,0.7124012,0.87237775,0.6032251,0.90482867,0.82846934,0.77997166,0.75421095,0.87064195,0.8116316,0.80117625,0.8063647,0.6944684,0.8379123,0.7542711,0.7925817,0.7871416,0.69008994,0.6542616,0.77969146,0.76809496,0.7151372,0.86498475,0.8822916,0.7877561,0.79386127,0.87553704,0.7529199,0.69664127,0.7320004,0.7889252,0.78321755,0.7782974,0.8233068,0.89146745,0.85103667,0.70838964,0.84740424,0.92987573,0.7199024,0.77229273,0.7167564,0.80255175,0.86287785,0.74459517,0.8419923,0.7516151,0.88131917,0.76746315,0.841686,0.8331026,0.9028785,0.7785244,0.7830584,0.8473343,0.72067106,0.7537675,0.7067702,0.7445945,0.75313604,0.68092203,0.99999994,0.8131165,0.6595415,0.833785,0.8283085,0.7621779,0.73003536,0.8150002,0.6785673,0.8182782,0.8027503,0.85559314,0.7579932,0.6987603,0.8401844,0.8494817,0.8224142,0.73596317,0.83786535,0.7275619,0.86054873,0.6878103,0.73973626,0.85241926,0.67871106,0.764812,0.8389452,0.6949206,0.89095294,0.7522388,0.807947,0.8088815,0.6616653,0.74112284,0.7891464
quorum_votorantim_sp,0.84561336,0.7543032,0.7668768,0.8502383,0.6143092,0.8396963,0.5948851,0.71796453,0.5757627,0.8670933,0.7901209,0.63599336,0.5771837,0.7868035,0.82845867,0.7257215,0.78961134,0.6391769,0.7004318,0.68815255,0.7175944,0.7107748,0.59854114,0.5786183,0.7707107,0.6014122,0.57914054,0.81218386,0.7590999,0.6747014,0.6383092,0.784299,0.6334832,0.58536893,0.6062488,0.66523033,0.69518095,0.7388652,0.85140014,0.7582812,0.72389114,0.6388824,0.727803,0.83652735,0.6557128,0.72794706,0.61932516,0.71363384,0.76962197,0.64852214,0.7965479,0.631661,0.71975803,0.5680192,0.7717815,0.7084781,0.8119461,0.68392295,0.68259084,0.7620443,0.62296057,0.67824256,0.5913321,0.8305147,0.69673824,0.59397984,0.8131165,1.0000004,0.62420225,0.7788526,0.7618174,0.82237476,0.6364347,0.61866105,0.59565884,0.76826435,0.66944087,0.78740275,0.6378569,0.6100283,0.7664336,0.78572106,0.8234154,0.6742396,0.7115524,0.63964534,0.74586976,0.64503145,0.6883363,0.7106208,0.6029762,0.7195249,0.7355113,0.66349757,0.7550123,0.59864247,0.77183473,0.66994417,0.57470655,0.62843573,0.69164014
quorum_mogi_guacu_sp,0.58921194,0.6349619,0.6811757,0.64193475,0.7980536,0.6412224,0.77482563,0.6075241,0.85433424,0.64313966,0.7362229,0.6375113,0.74194115,0.6695922,0.57377195,0.7182353,0.7068751,0.92839766,0.63871145,0.74197686,0.67531806,0.79909885,0.93185884,0.6245947,0.8100797,0.70671016,0.7082143,0.6875146,0.5975944,0.71521413,0.7746454,0.6063557,0.7510012,0.80269,0.7519067,0.67831635,0.7293896,0.6339779,0.6346582,0.57528144,0.654758,0.79404724,0.6309941,0.6434059,0.7751214,0.76772964,0.750117,0.7782087,0.5384965,0.83416235,0.72092074,0.7442373,0.6524541,0.68002385,0.7245901,0.5372849,0.6006045,0.7510165,0.7754782,0.67031115,0.7550526,0.8008405,0.79240173,0.54497755,0.8630668,0.8435444,0.6595415,0.62420225,0.9999999,0.57259804,0.7305444,0.7710431,0.8500353,0.71359247,0.8099381,0.74103534,0.66568583,0.6345613,0.61057836,0.8567408,0.6554806,0.6664106,0.69190955,0.72023237,0.76849043,0.7472113,0.5967997,0.7747396,0.7700001,0.6564884,0.9304763,0.6853238,0.70653784,0.751002,0.6546843,0.7094644,0.7877662,0.6387634,0.8030731,0.8449166,0.80253994
quorum_itanhaem_sp,0.79097354,0.8549035,0.7487376,0.8164621,0.6638299,0.8724878,0.64701676,0.83911735,0.5371994,0.8547532,0.8185372,0.6562458,0.6792284,0.78018373,0.9109762,0.7871187,0.7596744,0.5945035,0.8166029,0.6976975,0.7447937,0.7109021,0.59752053,0.5226631,0.74914324,0.6620401,0.638303,0.87910736,0.87231123,0.73750263,0.700113,0.93070483,0.6614575,0.68237066,0.6766666,0.74994314,0.7043818,0.67287326,0.8617168,0.8249481,0.7337653,0.71379334,0.84585524,0.85501313,0.6680033,0.74561006,0.6532382,0.71901715,0.8019013,0.6943251,0.7867794,0.7012998,0.8107493,0.6801753,0.7772629,0.7910609,0.8656672,0.6891,0.72700226,0.81913924,0.6685842,0.69865924,0.64213836,0.748281,0.6875179,0.59066916,0.833785,0.7788526,0.57259804,0.99999994,0.7118193,0.7802954,0.6217526,0.7245338,0.5975951,0.8139043,0.73958266,0.8376332,0.701793,0.5991047,0.73534983,0.8288461,0.77418506,0.6502952,0.7757875,0.6560315,0.82748616,0.5883057,0.6965151,0.8353832,0.58988404,0.69758284,0.735868,0.6619479,0.8365242,0.68037385,0.7646725,0.78445923,0.59125113,0.66310906,0.7415349
quorum_franco_da_rocha_sp,0.63989335,0.78790236,0.80313385,0.7189156,0.79777884,0.7963778,0.7493137,0.77784276,0.718486,0.7492406,0.8209836,0.8477449,0.7699072,0.81942016,0.6884983,0.80307764,0.74755025,0.75105035,0.76659435,0.7460549,0.75023514,0.78053904,0.7544999,0.607708,0.81196725,0.8367956,0.7344204,0.80162746,0.7880972,0.80768895,0.8353889,0.7757264,0.784458,0.72209126,0.74691045,0.8082035,0.76930165,0.8516023,0.7523534,0.82404274,0.8362045,0.7653437,0.7563738,0.8145872,0.75024253,0.7323193,0.7600994,0.8032596,0.7756765,0.75230753,0.74896836,0.75630164,0.79672027,0.7594213,0.8915924,0.72070694,0.7959121,0.8797093,0.78283966,0.78922063,0.748535,0.76677907,0.72151196,0.6146419,0.791934,0.7887546,0.8283085,0.7618174,0.7305444,0.7118193,1.0,0.7421201,0.8440994,0.77109057,0.7425103,0.7931845,0.76924455,0.75233716,0.71317655,0.74161685,0.93888986,0.77126676,0.7720771,0.72565657,0.8031213,0.82095563,0.8019525,0.711511,0.78743523,0.771097,0.7520092,0.72676945,0.8545331,0.70264494,0.79287624,0.76149714,0.79067653,0.7896409,0.7331042,0.754678,0.87455523
quorum_sao_roque_sp,0.7907107,0.8026163,0.7061933,0.77943265,0.6956205,0.7936594,0.67814493,0.7275753,0.7746152,0.82234657,0.7850224,0.6463479,0.662323,0.81818944,0.81025785,0.74418366,0.7884224,0.7534136,0.7476895,0.75861347,0.7477164,0.78850734,0.75777674,0.5639641,0.8152595,0.6689683,0.622522,0.84849674,0.73623294,0.71921545,0.7401217,0.79678875,0.7096485,0.7339562,0.73362076,0.71008897,0.7220232,0.6889479,0.84232974,0.72147095,0.7047333,0.7372584,0.76494986,0.75797737,0.7694429,0.81111604,0.6825515,0.77246577,0.67381626,0.7674279,0.78065217,0.7238868,0.75401056,0.6601133,0.80531293,0.69028383,0.7824055,0.7139071,0.7551791,0.75873715,0.69465965,0.7577571,0.7100201,0.7403569,0.81321555,0.6960584,0.7621779,0.82237476,0.7710431,0.7802954,0.7421201,0.99999994,0.7402093,0.676002,0.7785965,0.77411944,0.7469952,0.79781073,0.6808076,0.7685037,0.73394924,0.7802296,0.7987592,0.7177414,0.80945516,0.71167564,0.758008,0.764925,0.8374398,0.77779454,0.7477808,0.75535965,0.75482035,0.7584914,0.7512322,0.7029999,0.8484615,0.7021435,0.72028553,0.73670715,0.7925652
quorum_sao_joao_da_boa_vista_sp,0.5526981,0.7155646,0.727023,0.64094085,0.8267721,0.727043,0.8215809,0.69539076,0.783448,0.6499281,0.7796509,0.7833944,0.8246845,0.7268413,0.58890265,0.7732921,0.6699844,0.8687545,0.7316497,0.7194452,0.6722984,0.79543906,0.8845254,0.6022731,0.7981981,0.83112955,0.7496771,0.71734333,0.6711382,0.77058095,0.817851,0.6707698,0.83009386,0.81639975,0.7679471,0.7309774,0.72579265,0.6807524,0.6846074,0.668846,0.7848531,0.83201885,0.6631166,0.67825556,0.8017427,0.7564257,0.82102,0.8238629,0.59214514,0.82497656,0.7101451,0.7502809,0.7044102,0.7673085,0.80646884,0.66262925,0.6433722,0.8319254,0.8182664,0.7089882,0.8047781,0.8494061,0.8276184,0.51890606,0.8469944,0.9348664,0.73003536,0.6364347,0.8500353,0.6217526,0.8440994,0.7402093,0.99999976,0.7703594,0.8149743,0.76828,0.69792145,0.664313,0.6411482,0.8212205,0.7794948,0.71873343,0.75551116,0.6733941,0.8118663,0.8668458,0.66856074,0.75200087,0.7781197,0.7087012,0.8982821,0.63585943,0.8300968,0.7088573,0.70887554,0.76550555,0.7848137,0.7071368,0.81974435,0.84049994,0.8793274
quorum_ourinhos_sp,0.64015216,0.78706723,0.7570863,0.73201233,0.9070653,0.7837967,0.8144274,0.8076999,0.6743508,0.7222295,0.80900884,0.7220135,0.8633041,0.7603748,0.65298414,0.82276136,0.7081308,0.7486845,0.7631594,0.68829453,0.6510644,0.76754916,0.75620306,0.591313,0.7573639,0.89990026,0.84181464,0.77750534,0.7771549,0.8030095,0.8731127,0.7284959,0.77636814,0.7694243,0.8699958,0.8056853,0.7220867,0.64304394,0.7198354,0.7450501,0.84469354,0.8080684,0.7300434,0.78181267,0.6626475,0.71495605,0.82714546,0.74993193,0.7214695,0.8807445,0.7357335,0.74406624,0.7548504,0.90626025,0.7934277,0.691529,0.7684146,0.8075136,0.8099028,0.77287996,0.7972588,0.8237789,0.77048373,0.5992746,0.69669485,0.74117833,0.8150002,0.61866105,0.71359247,0.7245338,0.77109057,0.676002,0.7703594,1.0000004,0.7288085,0.8200319,0.82988644,0.76191354,0.6606989,0.7417846,0.714697,0.74590766,0.7187756,0.6674063,0.8147981,0.80883026,0.7157418,0.69240946,0.77822185,0.80098015,0.76681155,0.62914044,0.81782746,0.660093,0.8046246,0.8418044,0.76839054,0.79818153,0.68697083,0.84380543,0.8672936
quorum_botucatu_sp,0.5580314,0.7377169,0.64995915,0.61353934,0.8013852,0.6498511,0.7378612,0.6094079,0.90733373,0.6465919,0.70263153,0.6410229,0.7839292,0.6801511,0.5804646,0.7061472,0.7087008,0.8498609,0.6496399,0.74633634,0.6287069,0.76780784,0.8381109,0.5982464,0.7362447,0.7409838,0.69483167,0.765162,0.62811196,0.7370783,0.7715915,0.6345413,0.7937778,0.82339776,0.8294829,0.6630305,0.7608314,0.61194634,0.66240513,0.63071537,0.7024274,0.8028985,0.6178765,0.6308292,0.7437685,0.7064406,0.7353805,0.7458069,0.5533548,0.8338154,0.6886553,0.7842186,0.65623975,0.7684405,0.7690904,0.55744433,0.664383,0.8028869,0.7587866,0.65361845,0.7434393,0.7558351,0.8167141,0.4799707,0.7744047,0.7745106,0.6785673,0.59565884,0.8099381,0.5975951,0.7425103,0.7785965,0.8149743,0.7288085,1.0,0.7121597,0.7581265,0.7247917,0.5970636,0.8206415,0.6852776,0.6606339,0.7038088,0.6635294,0.8415221,0.75931,0.6794194,0.7961324,0.8206586,0.75288075,0.842381,0.6442642,0.7264918,0.76713705,0.6454625,0.76623225,0.7602697,0.63794184,0.764887,0.79056025,0.8356375
quorum_santana_de_parnaiba_sp,0.73029673,0.83134073,0.7638215,0.81408894,0.78009415,0.82703424,0.83379483,0.8350002,0.66968066,0.803825,0.97286296,0.7177057,0.8227943,0.7637497,0.7825766,0.94806445,0.76781124,0.8082303,0.8595148,0.7064203,0.6982304,0.84151113,0.7891813,0.54178894,0.8398521,0.7581691,0.8114892,0.8508068,0.8138379,0.8143084,0.7905016,0.8326033,0.78865206,0.78589743,0.7359295,0.7693988,0.69879085,0.6986624,0.8543669,0.769603,0.77754724,0.87817085,0.8147768,0.8132624,0.78069127,0.7398747,0.8403909,0.7592157,0.7311892,0.8317823,0.77446425,0.76923996,0.797372,0.7559493,0.8906949,0.76670575,0.79611146,0.82433957,0.8576061,0.84034055,0.8528993,0.862666,0.7785681,0.7193085,0.8165889,0.7432847,0.8182782,0.76826435,0.74103534,0.8139043,0.7931845,0.77411944,0.76828,0.8200319,0.7121597,0.9999999,0.7256324,0.77420336,0.6932264,0.7755454,0.7795631,0.8180691,0.77587634,0.7030162,0.85501444,0.8312663,0.7821231,0.7163669,0.7839327,0.8502704,0.77680504,0.69945276,0.8231392,0.68877566,0.84778464,0.7254621,0.8298299,0.79688126,0.74624425,0.838086,0.83430916
quorum_suzano_sp,0.6725539,0.80395,0.75239,0.7234865,0.87609065,0.81195986,0.6584427,0.75523734,0.7407876,0.77396697,0.72649425,0.7028292,0.7076573,0.765213,0.69246995,0.7230586,0.7885145,0.68889266,0.7068629,0.77344054,0.75115174,0.74551207,0.6821513,0.6226355,0.7181208,0.83615386,0.6631851,0.82650936,0.79275566,0.7492665,0.83887374,0.7460867,0.69497937,0.6610129,0.906398,0.8313591,0.76126146,0.65074193,0.75541246,0.7932485,0.85519165,0.74499035,0.7106229,0.8095509,0.6847974,0.73045754,0.6702559,0.74847484,0.7668401,0.75434434,0.7640381,0.71287847,0.718071,0.86635375,0.7511072,0.66192055,0.84197205,0.7091545,0.68112797,0.7057233,0.6496979,0.67813766,0.6794677,0.58961225,0.71564287,0.64327186,0.8027503,0.66944087,0.66568583,0.73958266,0.76924455,0.7469952,0.69792145,0.82988644,0.7581265,0.7256324,0.99999964,0.84983194,0.7208128,0.6723306,0.75106996,0.74650127,0.70137465,0.65253973,0.7730793,0.6773401,0.7712034,0.63895035,0.735324,0.7535986,0.67649907,0.68049717,0.78917664,0.7486284,0.75629014,0.94485575,0.7586766,0.77512693,0.6484057,0.7253811,0.84660184
quorum_sertaozinho_sp,0.8136229,0.87374943,0.7945937,0.823231,0.75295615,0.8762891,0.65978044,0.80609137,0.6480315,0.8808198,0.7732791,0.68633556,0.6775814,0.8138451,0.8232043,0.7477616,0.79241776,0.66552746,0.758676,0.75116396,0.7733814,0.7331134,0.6466554,0.5838005,0.7441808,0.7455873,0.6601498,0.8976555,0.8257035,0.7249379,0.7519344,0.8186793,0.6829544,0.6585599,0.7829537,0.7570737,0.7506693,0.6921303,0.84205174,0.8105074,0.7851436,0.7058203,0.7824544,0.87540555,0.644533,0.7475662,0.6664222,0.7287811,0.83364654,0.7143958,0.79442567,0.7171357,0.7877664,0.752872,0.7870977,0.73402137,0.9157957,0.70665693,0.7111243,0.77135384,0.6821857,0.7105893,0.65129113,0.7494345,0.6862713,0.62633944,0.85559314,0.78740275,0.6345613,0.8376332,0.75233716,0.79781073,0.664313,0.76191354,0.7247917,0.77420336,0.84983194,0.9999999,0.76088333,0.6478583,0.75167024,0.8487549,0.8293379,0.704156,0.82850814,0.66639566,0.83008087,0.62414163,0.7811477,0.85371673,0.6242726,0.7393527,0.7478249,0.7407342,0.8043699,0.77188724,0.77489394,0.7492362,0.5912961,0.70060503,0.78695905
quorum_taubate_sp,0.5959258,0.7412658,0.63562983,0.66957545,0.6591121,0.7577027,0.5835789,0.742159,0.5735937,0.70823133,0.7086776,0.6821017,0.6318257,0.6908824,0.70289457,0.68346506,0.69059324,0.6217585,0.6813553,0.7075847,0.74887943,0.6818299,0.6189313,0.5795422,0.67960113,0.6782929,0.58200866,0.7328942,0.7333554,0.66845375,0.66868955,0.7314842,0.61329794,0.6226066,0.65454805,0.69333005,0.6479441,0.6930456,0.70260274,0.7328195,0.70600736,0.62359333,0.7124237,0.72037697,0.6242098,0.6891025,0.5896946,0.73627347,0.73565817,0.61566126,0.69459623,0.6162504,0.7156265,0.67605,0.70105636,0.6903194,0.7273467,0.6123911,0.62941414,0.6773505,0.60079604,0.629256,0.61472446,0.61438847,0.66978925,0.57718766,0.7579932,0.6378569,0.61057836,0.701793,0.71317655,0.6808076,0.6411482,0.6606989,0.5970636,0.6932264,0.7208128,0.76088333,0.9999998,0.60586566,0.7714226,0.6823813,0.6816923,0.5984505,0.69977796,0.61280286,0.70917565,0.5423926,0.63752836,0.697281,0.61654645,0.65471154,0.72567636,0.66243345,0.7264274,0.67894816,0.6968673,0.68994987,0.56761956,0.6345333,0.7153933
quorum_cacapava_sp,0.559146,0.6695909,0.6846732,0.6127753,0.7780186,0.6500597,0.824126,0.62376237,0.80293214,0.62988293,0.78949594,0.65070784,0.8394457,0.7115519,0.5956421,0.7760898,0.66651815,0.85731137,0.70141196,0.7000367,0.6649409,0.8658031,0.8783498,0.5583301,0.7986332,0.71686995,0.7835395,0.73378026,0.6199368,0.75413716,0.82906455,0.6518389,0.83425033,0.91922,0.7476535,0.7089268,0.7023672,0.59459066,0.6555146,0.5946382,0.6718669,0.79855543,0.6691851,0.6343209,0.8150608,0.7363484,0.7909988,0.8075634,0.56459373,0.86965567,0.69740456,0.7627951,0.66674894,0.7309606,0.8029964,0.59263206,0.6156522,0.81149876,0.82488924,0.6632203,0.80424833,0.8364481,0.8963131,0.5407446,0.8609791,0.8173839,0.6987603,0.6100283,0.8567408,0.5991047,0.74161685,0.7685037,0.8212205,0.7417846,0.8206415,0.7755454,0.6723306,0.6478583,0.60586566,1.0000004,0.69612443,0.6920155,0.7098165,0.6492629,0.8264539,0.7923711,0.6208718,0.86946774,0.8029948,0.71461004,0.8736839,0.6627171,0.73408663,0.6712901,0.65811706,0.7196581,0.7656271,0.6700143,0.83505607,0.8648571,0.78910685
quorum_indaiatuba_sp,0.6335279,0.8051191,0.7575616,0.7008068,0.7193602,0.8128983,0.6742166,0.78991294,0.64838696,0.77555376,0.8182492,0.8208381,0.7125571,0.80823255,0.71573544,0.80060565,0.7575434,0.6686375,0.7562728,0.75547606,0.8056054,0.75486296,0.6739727,0.5686078,0.7795108,0.76587635,0.6830862,0.8156245,0.79216146,0.79577565,0.78775704,0.80726814,0.73158884,0.66318184,0.6931265,0.80781937,0.7315512,0.82053936,0.7591676,0.8330716,0.8256363,0.7006652,0.7686041,0.8161459,0.7174653,0.73211104,0.6677242,0.783111,0.7736491,0.6919226,0.7733588,0.70668054,0.7936065,0.71189576,0.8725226,0.74892634,0.812706,0.7981833,0.7104904,0.7763512,0.6653994,0.7095422,0.65715283,0.6347559,0.76937485,0.70826393,0.8401844,0.7664336,0.6554806,0.73534983,0.93888986,0.73394924,0.7794948,0.714697,0.6852776,0.7795631,0.75106996,0.75167024,0.7714226,0.69612443,0.9999999,0.7454606,0.7580972,0.69447005,0.7977405,0.7506319,0.80710316,0.67016876,0.74991095,0.75555253,0.6695833,0.73443687,0.84268785,0.66462624,0.7952414,0.7207,0.7733854,0.7861565,0.6692939,0.68475854,0.8229712
quorum_sorocaba_sp,0.8087374,0.81210077,0.8198417,0.824191,0.7323056,0.8961985,0.73818135,0.82021576,0.59246993,0.84727156,0.81691015,0.70828617,0.7516568,0.8085345,0.8311006,0.8010495,0.7656077,0.7069949,0.8086944,0.69258666,0.71167743,0.7974228,0.6834119,0.5711298,0.8085229,0.74073046,0.71120495,0.8294258,0.84679615,0.79056287,0.7596142,0.8363873,0.75769126,0.7018212,0.70241475,0.760442,0.7278651,0.7093033,0.825824,0.83033043,0.76489437,0.74661994,0.80030084,0.85583514,0.72076523,0.76876974,0.7486053,0.7779803,0.80997825,0.75104487,0.7892317,0.78386605,0.81080335,0.71794087,0.79972965,0.7477689,0.8172525,0.7957779,0.81980723,0.81722444,0.7623275,0.7816691,0.7111509,0.7580137,0.73946327,0.69839513,0.8494817,0.78572106,0.6664106,0.8288461,0.77126676,0.7802296,0.71873343,0.74590766,0.6606339,0.8180691,0.74650127,0.8487549,0.6823813,0.6920155,0.7454606,1.0000001,0.83281255,0.69159585,0.7878418,0.76540494,0.84273577,0.66608113,0.7384783,0.82483655,0.68403935,0.707919,0.7838952,0.7115679,0.84005934,0.71537596,0.8052726,0.77320766,0.6593501,0.7481783,0.78834665
quorum_bebedouro_sp,0.80067265,0.8150812,0.8268116,0.8357542,0.711148,0.8718188,0.70901424,0.7858638,0.6225916,0.86562455,0.7976242,0.70254266,0.7079152,0.8000425,0.82366365,0.7598042,0.7545208,0.70613515,0.7513235,0.70423543,0.73048246,0.7531956,0.70139813,0.5870386,0.77260184,0.73377305,0.6806185,0.8431648,0.77751184,0.7358749,0.733097,0.7713003,0.7146274,0.7186889,0.6748175,0.6890779,0.7266644,0.7180413,0.82925165,0.75661314,0.7360506,0.740085,0.7818117,0.8244528,0.6627563,0.7043222,0.7246213,0.7474217,0.7718307,0.74967635,0.7627292,0.72145104,0.7598186,0.6738274,0.7811197,0.7299699,0.7909914,0.7593677,0.7712479,0.79169536,0.74004304,0.7951944,0.7079904,0.77828383,0.70896006,0.6963972,0.8224142,0.8234154,0.69190955,0.77418506,0.7720771,0.7987592,0.75551116,0.7187756,0.7038088,0.77587634,0.70137465,0.8293379,0.6816923,0.7098165,0.7580972,0.83281255,1.0,0.63169825,0.7787605,0.73925227,0.78054583,0.7111486,0.7656583,0.80300975,0.6922787,0.6726971,0.76685375,0.6550151,0.78755903,0.66593945,0.7573558,0.68819004,0.63199455,0.7651686,0.7634194
quorum_santos_sp,0.63917327,0.74059594,0.6689065,0.63700765,0.67881143,0.6856315,0.6414318,0.72771925,0.6066227,0.6825486,0.6892961,0.6524912,0.63639045,0.72364694,0.6260598,0.7058476,0.6852213,0.6923584,0.7201684,0.7967374,0.7350903,0.7039144,0.65042603,0.48009497,0.76907253,0.6455922,0.62906766,0.70913124,0.68850505,0.6914061,0.66603523,0.7348076,0.637401,0.6250635,0.6030952,0.6532787,0.6814201,0.6948046,0.64413863,0.7389194,0.69807637,0.62620544,0.7446394,0.7042639,0.68348503,0.8023301,0.61652255,0.6880269,0.61697716,0.65686107,0.78142667,0.7658435,0.7597569,0.6542391,0.73072994,0.68047965,0.6913079,0.67660207,0.7042532,0.7437048,0.6288242,0.6606885,0.6389893,0.5932275,0.6979885,0.65401626,0.73596317,0.6742396,0.72023237,0.6502952,0.72565657,0.7177414,0.6733941,0.6674063,0.6635294,0.7030162,0.65253973,0.704156,0.5984505,0.6492629,0.69447005,0.69159585,0.63169825,0.99999994,0.7412965,0.6208479,0.7353798,0.6797475,0.72215223,0.7337532,0.6512426,0.9272154,0.70404977,0.6502121,0.7497611,0.59877723,0.819875,0.67432195,0.66237617,0.67695767,0.6981914
quorum_carapicuiba_sp,0.705956,0.8571385,0.7594588,0.7600249,0.7939489,0.8236176,0.7923689,0.7970788,0.72798014,0.8159878,0.8509675,0.7226132,0.825016,0.79256344,0.7336122,0.8524339,0.77214193,0.8092114,0.81902003,0.79468465,0.7755727,0.85224783,0.8184063,0.63356435,0.7968217,0.790562,0.7997042,0.889789,0.7625034,0.82381415,0.8157022,0.8055421,0.81682175,0.83407706,0.76069516,0.774903,0.75059843,0.6900007,0.812519,0.7562126,0.79516697,0.77657294,0.79360914,0.7816305,0.82985115,0.81461316,0.7848797,0.78008187,0.7012836,0.8367647,0.81810415,0.77158684,0.8114207,0.78447366,0.8633519,0.7406557,0.8227462,0.8089242,0.8082654,0.78559476,0.79784083,0.80747247,0.81337535,0.64715874,0.8473436,0.78824437,0.83786535,0.7115524,0.76849043,0.7757875,0.8031213,0.80945516,0.8118663,0.8147981,0.8415221,0.85501444,0.7730793,0.82850814,0.69977796,0.8264539,0.7977405,0.7878418,0.7787605,0.7412965,1.0000002,0.7858631,0.7736384,0.76740223,0.88412327,0.8577008,0.79391503,0.76078165,0.79268426,0.70882094,0.81163514,0.7758675,0.84921455,0.80246586,0.79789543,0.8561813,0.8660151
quorum_itatiba_sp,0.5839538,0.73086715,0.70397925,0.69004077,0.8164278,0.7313561,0.86890477,0.7544211,0.69229555,0.647409,0.8329764,0.77099144,0.85394543,0.6966877,0.6406282,0.81756115,0.6441742,0.7986906,0.760995,0.6348009,0.5938916,0.8193089,0.79618365,0.5795671,0.7946312,0.8602756,0.7887473,0.72538614,0.6911786,0.8055349,0.8210994,0.7050806,0.84845185,0.8007927,0.7394365,0.72780585,0.65851456,0.685629,0.7244011,0.6812208,0.788886,0.8559619,0.711366,0.6810883,0.720653,0.6715437,0.9120155,0.7576788,0.6247441,0.8160659,0.65628415,0.7598014,0.7131214,0.76965636,0.8416663,0.6586637,0.6549627,0.89375633,0.89979005,0.75357336,0.90770936,0.85731137,0.80513847,0.55779994,0.75954926,0.8517057,0.7275619,0.63964534,0.7472113,0.6560315,0.82095563,0.71167564,0.8668458,0.80883026,0.75931,0.8312663,0.6773401,0.66639566,0.61280286,0.7923711,0.7506319,0.76540494,0.73925227,0.6208479,0.7858631,1.0,0.67469347,0.7782273,0.7605747,0.77217036,0.81983525,0.6060888,0.838227,0.63331413,0.76112926,0.7261752,0.76399606,0.7524326,0.7387845,0.8259027,0.8704231
quorum_itaquaquecetuba_sp,0.7336949,0.9240979,0.7838546,0.7596946,0.694824,0.86405575,0.6403332,0.90225494,0.61599344,0.8266779,0.775373,0.73947245,0.6953199,0.7997079,0.79162186,0.7898643,0.7779211,0.62751555,0.88379014,0.72552526,0.7637627,0.6950055,0.63187844,0.52749425,0.75103414,0.7030084,0.64088374,0.84786886,0.9322629,0.76773846,0.73256135,0.90534735,0.70717454,0.61628896,0.7104311,0.7474922,0.75965714,0.74362516,0.80963206,0.95543516,0.76786906,0.7118745,0.8890027,0.8694532,0.68687725,0.7419869,0.6501579,0.77007544,0.76522315,0.69365156,0.7662244,0.83444357,0.9056971,0.71460724,0.7915437,0.8745809,0.86116266,0.7608413,0.73224175,0.8954121,0.67196494,0.68171775,0.6398028,0.67063916,0.70408785,0.60157764,0.86054873,0.74586976,0.5967997,0.82748616,0.8019525,0.758008,0.66856074,0.7157418,0.6794194,0.7821231,0.7712034,0.83008087,0.70917565,0.6208718,0.80710316,0.84273577,0.78054583,0.7353798,0.7736384,0.67469347,1.0000002,0.6047356,0.7187461,0.90039396,0.61882544,0.7586746,0.770427,0.7003245,0.91567755,0.7083316,0.76564884,0.7616382,0.6449723,0.652629,0.7670506
quorum_avare_sp,0.60598564,0.6593772,0.6528859,0.6156874,0.7330947,0.63832086,0.76776004,0.6097719,0.7330549,0.619418,0.7213454,0.63475364,0.7395084,0.7096135,0.5958535,0.7001554,0.6344219,0.7907808,0.6722788,0.6580237,0.6597407,0.82022256,0.7750419,0.53089416,0.7521827,0.6897441,0.70489347,0.69932055,0.5833684,0.72158504,0.7624145,0.65112674,0.782179,0.8168485,0.64555216,0.63910604,0.6423687,0.6158819,0.61716217,0.6025057,0.65302455,0.72172016,0.68161094,0.6064965,0.74168444,0.71296567,0.7475566,0.733774,0.54081213,0.8003569,0.6540609,0.7403872,0.6375774,0.6572824,0.7836453,0.585667,0.58872914,0.79443175,0.79534954,0.6621175,0.7368284,0.7755157,0.80208904,0.5792171,0.75905704,0.73403645,0.6878103,0.64503145,0.7747396,0.5883057,0.711511,0.764925,0.75200087,0.69240946,0.7961324,0.7163669,0.63895035,0.62414163,0.5423926,0.86946774,0.67016876,0.66608113,0.7111486,0.6797475,0.76740223,0.7782273,0.6047356,0.99999994,0.76220155,0.6960317,0.787356,0.6983019,0.7415124,0.62265664,0.6486886,0.6357638,0.763403,0.645544,0.74615175,0.7849752,0.72260785
quorum_araraquara_sp,0.6634759,0.81171983,0.68345404,0.71808374,0.7829702,0.7475076,0.76073337,0.73043,0.745725,0.74075234,0.7929788,0.6900458,0.7467173,0.8297609,0.69158125,0.7789214,0.7112553,0.777751,0.7284253,0.7515478,0.7134199,0.8093475,0.77947974,0.5809406,0.78103656,0.795934,0.7722562,0.8409985,0.716341,0.7984008,0.81386346,0.72330236,0.73309135,0.7778194,0.7611785,0.7422979,0.7156572,0.6459367,0.7488932,0.69342244,0.7381704,0.7467973,0.7327033,0.7020078,0.7126977,0.7622719,0.7304822,0.74983585,0.64182454,0.8268932,0.7507553,0.7427858,0.7637595,0.74556816,0.8200847,0.6519627,0.74824595,0.76799893,0.76559556,0.7497043,0.7463088,0.81351125,0.7392584,0.6191329,0.75955755,0.7407548,0.73973626,0.6883363,0.7700001,0.6965151,0.78743523,0.8374398,0.7781197,0.77822185,0.8206586,0.7839327,0.735324,0.7811477,0.63752836,0.8029948,0.74991095,0.7384783,0.7656583,0.72215223,0.88412327,0.7605747,0.7187461,0.76220155,0.9999999,0.8127216,0.7613322,0.7369412,0.77460307,0.68027747,0.7408766,0.7332466,0.8104924,0.73926634,0.7233508,0.8237904,0.83539146
quorum_ribeirao_pires_sp,0.72918713,0.9539925,0.7517876,0.7770647,0.7639051,0.82348716,0.7404715,0.9001035,0.6335745,0.8139077,0.8347865,0.7179326,0.7826506,0.78992224,0.79405576,0.8431483,0.730762,0.71242446,0.8997482,0.7136631,0.73279047,0.76975745,0.7225704,0.53786933,0.7696872,0.75100017,0.7227486,0.89246595,0.8694228,0.80016613,0.78705883,0.8944509,0.7714111,0.73437095,0.7533163,0.7422048,0.7397907,0.68264854,0.81380415,0.85137534,0.75310075,0.7782929,0.9079524,0.8168582,0.7172641,0.7398318,0.76254517,0.7545414,0.7604906,0.7581873,0.77555275,0.8316261,0.8931079,0.78386146,0.8373373,0.85310435,0.8374772,0.808612,0.8168019,0.8937841,0.78818053,0.77202666,0.7243674,0.68433297,0.7319013,0.6592907,0.85241926,0.7106208,0.6564884,0.8353832,0.771097,0.77779454,0.7087012,0.80098015,0.75288075,0.8502704,0.7535986,0.85371673,0.697281,0.71461004,0.75555253,0.82483655,0.80300975,0.7337532,0.8577008,0.77217036,0.90039396,0.6960317,0.8127216,0.9999997,0.7035239,0.76194584,0.7719422,0.660507,0.90574324,0.71675205,0.78039646,0.7863493,0.70234424,0.74641955,0.7884796
quorum_campo_limpo_paulista_sp,0.56491375,0.6661609,0.67233807,0.64728683,0.8322531,0.65180904,0.81650674,0.64071697,0.8548038,0.61954534,0.7711735,0.6582928,0.83038175,0.66752225,0.5739891,0.7703626,0.68679214,0.9439124,0.69779056,0.6971489,0.61664635,0.8051287,0.962175,0.6397151,0.7951608,0.74586844,0.763677,0.6913308,0.6204586,0.7483126,0.800586,0.63171226,0.8053671,0.8551687,0.7883048,0.69192636,0.7437767,0.61303616,0.6542833,0.594288,0.68923783,0.852381,0.636446,0.6341888,0.823001,0.7419392,0.8225645,0.8081776,0.54484427,0.8762511,0.7021623,0.75482535,0.66936046,0.7353824,0.7713987,0.58551,0.593022,0.8133582,0.8214506,0.7010383,0.8065648,0.8263782,0.8508694,0.52529526,0.89095867,0.8677487,0.67871106,0.6029762,0.9304763,0.58988404,0.7520092,0.7477808,0.8982821,0.76681155,0.842381,0.77680504,0.67649907,0.6242726,0.61654645,0.8736839,0.6695833,0.68403935,0.6922787,0.6512426,0.79391503,0.81983525,0.61882544,0.787356,0.7613322,0.7035239,1.0,0.61542654,0.73881006,0.7456045,0.69150686,0.74785817,0.75925505,0.66706765,0.8460845,0.858508,0.8313781
quorum_piracicaba_sp,0.67288285,0.7792801,0.6747368,0.6458824,0.64503926,0.71722776,0.5959767,0.7566737,0.56981796,0.7188048,0.7014234,0.645786,0.60076183,0.7466427,0.69420916,0.712198,0.7247398,0.649578,0.73909295,0.84918016,0.8308281,0.72530687,0.61006355,0.49669483,0.76641023,0.62506175,0.6078745,0.7543036,0.70826644,0.6995931,0.67446417,0.80706143,0.6390456,0.618173,0.58604306,0.67505455,0.6815002,0.6973099,0.6720319,0.7606119,0.69072384,0.57908714,0.80988216,0.71922576,0.71413827,0.84091634,0.56967723,0.7100196,0.66343695,0.628605,0.83453053,0.7527723,0.78021324,0.64225847,0.73883265,0.71926385,0.72281903,0.6468554,0.6843774,0.74887955,0.5981678,0.6194875,0.61511457,0.6513223,0.7179484,0.60191953,0.764812,0.7195249,0.6853238,0.69758284,0.72676945,0.75535965,0.63585943,0.62914044,0.6442642,0.69945276,0.68049717,0.7393527,0.65471154,0.6627171,0.73443687,0.707919,0.6726971,0.9272154,0.76078165,0.6060888,0.7586746,0.6983019,0.7369412,0.76194584,0.61542654,1.0000002,0.70410705,0.615692,0.7614351,0.60229224,0.83298683,0.6997025,0.6738783,0.65691686,0.6928672
quorum_barretos_sp,0.630893,0.820867,0.76730704,0.72905785,0.8222564,0.8365563,0.78118205,0.8152077,0.6688428,0.7605479,0.83243275,0.9112419,0.78430057,0.77255243,0.7066595,0.81408286,0.7132469,0.7391251,0.8170082,0.7411475,0.75051224,0.8192419,0.74182665,0.582025,0.8286946,0.841726,0.75654316,0.79612726,0.7971273,0.8170832,0.8459859,0.79157734,0.77877355,0.7300707,0.7605895,0.8126383,0.7084462,0.771449,0.7846854,0.8150636,0.86665714,0.77937996,0.7821125,0.7804561,0.7195695,0.7401246,0.7838028,0.80200005,0.6973618,0.77117956,0.75071347,0.74084747,0.78964484,0.8248861,0.8784697,0.7613671,0.7720227,0.811262,0.83182454,0.7963166,0.7609044,0.813725,0.7202812,0.62696856,0.7521248,0.7699357,0.8389452,0.7355113,0.70653784,0.735868,0.8545331,0.75482035,0.8300968,0.81782746,0.7264918,0.8231392,0.78917664,0.7478249,0.72567636,0.73408663,0.84268785,0.7838952,0.76685375,0.70404977,0.79268426,0.838227,0.770427,0.7415124,0.77460307,0.7719422,0.73881006,0.70410705,0.99999976,0.6810609,0.8233761,0.7806816,0.8401427,0.8072108,0.7237786,0.77996206,0.8542173
quorum_francisco_morato_sp,0.64435595,0.68449694,0.67414665,0.70045364,0.6899954,0.7154516,0.6343797,0.6104211,0.7859731,0.7040466,0.680547,0.60500276,0.6535327,0.69910944,0.66669303,0.6660084,0.7553504,0.7562743,0.6326502,0.7159417,0.6691623,0.69740385,0.7438867,0.6787145,0.6788298,0.65353566,0.5829786,0.72792006,0.6988663,0.6966719,0.6954769,0.67287356,0.6201537,0.6569241,0.76097393,0.67186,0.8308929,0.62315404,0.71672046,0.66782737,0.67159,0.71985316,0.64255834,0.72036994,0.66214716,0.7019944,0.6236185,0.7014518,0.6640793,0.7581568,0.6910567,0.6748792,0.63822865,0.6387757,0.6828847,0.59983355,0.7001316,0.6585135,0.6803365,0.6659962,0.6249296,0.68763644,0.66417366,0.58205867,0.746862,0.6632104,0.6949206,0.66349757,0.751002,0.6619479,0.70264494,0.7584914,0.7088573,0.660093,0.76713705,0.68877566,0.7486284,0.7407342,0.66243345,0.6712901,0.66462624,0.7115679,0.6550151,0.6502121,0.70882094,0.63331413,0.7003245,0.62265664,0.68027747,0.660507,0.7456045,0.615692,0.6810609,0.9999997,0.66107684,0.7112101,0.7071665,0.643157,0.61535096,0.6957688,0.7808666
quorum_ribeirao_preto_sp,0.7672454,0.92640656,0.7991139,0.8394294,0.76783836,0.8816519,0.710335,0.95830387,0.5815457,0.8385773,0.83253634,0.7555793,0.7513342,0.80965924,0.8058082,0.8271383,0.7715067,0.69415534,0.92600185,0.73514605,0.7707996,0.74531794,0.6838903,0.6045202,0.7771267,0.7733717,0.6990772,0.84358704,0.9076396,0.7841194,0.7631792,0.91054994,0.74212164,0.6705748,0.7182419,0.7587064,0.736029,0.7312216,0.8317733,0.9049458,0.83331025,0.7453017,0.92153865,0.8720602,0.7103609,0.7574475,0.7375573,0.77574456,0.78145,0.7347204,0.82318366,0.80005836,0.9170201,0.7570803,0.81135106,0.8922693,0.8441614,0.7581786,0.8105296,0.9666796,0.74630237,0.7312268,0.69469583,0.7105873,0.7287921,0.66147256,0.89095294,0.7550123,0.6546843,0.8365242,0.79287624,0.7512322,0.70887554,0.8046246,0.6454625,0.84778464,0.75629014,0.8043699,0.7264274,0.65811706,0.7952414,0.84005934,0.78755903,0.7497611,0.81163514,0.76112926,0.91567755,0.6486886,0.7408766,0.90574324,0.69150686,0.7614351,0.8233761,0.66107684,0.99999976,0.7243793,0.80016315,0.8092431,0.66329855,0.7312387,0.7978567
quorum_americana_sp,0.5840064,0.7565038,0.7208155,0.6771954,0.89657384,0.7783361,0.70497227,0.73387957,0.76545346,0.7045509,0.73501265,0.698337,0.7432666,0.7193526,0.6222274,0.712263,0.7394999,0.7300907,0.68845785,0.71368057,0.68019295,0.7640662,0.7448163,0.60726726,0.7155748,0.86487806,0.6993213,0.7717734,0.7490843,0.7401236,0.84600633,0.6880667,0.742123,0.7153671,0.91657174,0.8167684,0.73267716,0.60270774,0.716474,0.7343011,0.8523606,0.78864205,0.6505159,0.7425772,0.7297969,0.7028753,0.71998966,0.7635992,0.6916886,0.7876265,0.7075554,0.7043296,0.6757083,0.8699658,0.7376627,0.615159,0.7563637,0.73080343,0.7027001,0.66882265,0.6890576,0.708794,0.7330726,0.5081726,0.7456718,0.7241189,0.7522388,0.59864247,0.7094644,0.68037385,0.76149714,0.7029999,0.76550555,0.8418044,0.76623225,0.7254621,0.94485575,0.77188724,0.67894816,0.7196581,0.7207,0.71537596,0.66593945,0.59877723,0.7758675,0.7261752,0.7083316,0.6357638,0.7332466,0.71675205,0.74785817,0.60229224,0.7806816,0.7112101,0.7243793,0.9999999,0.71895784,0.76071507,0.7161287,0.7455205,0.86603767
quorum_itapevi_sp,0.71711886,0.8033198,0.7618272,0.751073,0.7733959,0.80968785,0.7461114,0.7798577,0.70538014,0.8057298,0.8153992,0.7212438,0.7507158,0.8015641,0.7443968,0.8341915,0.80339706,0.7961706,0.7882708,0.85660636,0.7625337,0.8417798,0.77425647,0.5840036,0.91541743,0.74963564,0.7109306,0.825505,0.7688567,0.79899955,0.80577636,0.81131893,0.75238323,0.74544364,0.71928084,0.79351115,0.7236629,0.7583416,0.7985243,0.7683865,0.77940226,0.74199307,0.7853259,0.7708179,0.7912285,0.8947296,0.745375,0.7931369,0.68138397,0.7950937,0.8744057,0.7666124,0.79695,0.7656997,0.8432649,0.724725,0.78620386,0.77119386,0.8234744,0.78922987,0.7459094,0.80191815,0.7310065,0.70894945,0.8121555,0.76032495,0.807947,0.77183473,0.7877662,0.7646725,0.79067653,0.8484615,0.7848137,0.76839054,0.7602697,0.8298299,0.7586766,0.77489394,0.6968673,0.7656271,0.7733854,0.8052726,0.7573558,0.819875,0.84921455,0.76399606,0.76564884,0.763403,0.8104924,0.78039646,0.75925505,0.83298683,0.8401427,0.7071665,0.80016315,0.71895784,1.0,0.7976801,0.7819277,0.8110872,0.8275528
quorum_presidente_prudente_sp,0.6510128,0.7976304,0.7226177,0.71004474,0.78075504,0.8112412,0.787168,0.8364967,0.5736984,0.75320846,0.79664755,0.7429575,0.76980674,0.800907,0.6888149,0.81332505,0.6852229,0.67230445,0.82925814,0.70263696,0.73695564,0.7561037,0.67824715,0.52573,0.73209345,0.81088305,0.72979826,0.8570462,0.78079516,0.8885862,0.8962672,0.82929033,0.7042114,0.6926941,0.7073412,0.93410015,0.68380255,0.69652754,0.74903905,0.79615426,0.83330065,0.6978347,0.78148913,0.7575826,0.685824,0.74681646,0.72918236,0.7179873,0.6972195,0.72843534,0.7344822,0.7155505,0.74666893,0.76421237,0.80519664,0.76808333,0.7773632,0.73848295,0.73740315,0.7583229,0.7017162,0.72003764,0.6609548,0.6215592,0.71526015,0.6797668,0.8088815,0.66994417,0.6387634,0.78445923,0.7896409,0.7021435,0.7071368,0.79818153,0.63794184,0.79688126,0.77512693,0.7492362,0.68994987,0.6700143,0.7861565,0.77320766,0.68819004,0.67432195,0.80246586,0.7524326,0.7616382,0.645544,0.73926634,0.7863493,0.66706765,0.6997025,0.8072108,0.643157,0.8092431,0.76071507,0.7976801,0.99999964,0.66458774,0.72320795,0.8424034
quorum_jacarei_sp,0.53584087,0.6797856,0.64520746,0.5690948,0.73909956,0.62557495,0.7574178,0.63666147,0.72099954,0.5986689,0.73025703,0.6407214,0.7682452,0.6391398,0.5468086,0.7618212,0.65092903,0.80570227,0.7346403,0.6861228,0.6452705,0.7833694,0.86559343,0.5258143,0.7902098,0.66172266,0.7152781,0.6950855,0.6148422,0.709664,0.76221657,0.66324407,0.7885809,0.7998625,0.69357973,0.6884883,0.6694847,0.6153367,0.63717604,0.6199473,0.62344074,0.7604873,0.6769833,0.5976082,0.93303275,0.7313484,0.7575345,0.7720115,0.5217736,0.77393305,0.6771809,0.76321,0.69400805,0.7267816,0.77982354,0.6279591,0.5888502,0.78188,0.7619711,0.6697262,0.7447114,0.7549487,0.8011232,0.48808688,0.87600756,0.79351264,0.6616653,0.57470655,0.8030731,0.59125113,0.7331042,0.72028553,0.81974435,0.68697083,0.764887,0.74624425,0.6484057,0.5912961,0.56761956,0.83505607,0.6692939,0.6593501,0.63199455,0.66237617,0.79789543,0.7387845,0.6449723,0.74615175,0.7233508,0.70234424,0.8460845,0.6738783,0.7237786,0.61535096,0.66329855,0.7161287,0.7819277,0.66458774,1.0,0.77439934,0.7548015
quorum_matao_sp,0.64790744,0.7080819,0.7186056,0.7337389,0.8331711,0.73740315,0.8652699,0.7086295,0.7476697,0.7067367,0.8355905,0.6853278,0.8697481,0.71415603,0.64273477,0.85267234,0.7055615,0.87557507,0.7510088,0.7338096,0.6511642,0.86005276,0.86164194,0.6231812,0.80288935,0.8192534,0.84637856,0.7506938,0.6853702,0.7943292,0.8289695,0.67132837,0.80243194,0.85220575,0.76171786,0.72364795,0.7182547,0.6267896,0.7345385,0.64101034,0.7269602,0.83721066,0.7097126,0.70554274,0.78836,0.7461772,0.8536222,0.7707067,0.6363697,0.90310484,0.7413381,0.7476414,0.7140234,0.7965201,0.788654,0.6309643,0.68298846,0.8146591,0.85319805,0.73257005,0.8581126,0.893986,0.8533724,0.600448,0.8225137,0.82423484,0.74112284,0.62843573,0.8449166,0.66310906,0.754678,0.73670715,0.84049994,0.84380543,0.79056025,0.838086,0.7253811,0.70060503,0.6345333,0.8648571,0.68475854,0.7481783,0.7651686,0.67695767,0.8561813,0.8259027,0.652629,0.7849752,0.8237904,0.74641955,0.858508,0.65691686,0.77996206,0.6957688,0.7312387,0.7455205,0.8110872,0.72320795,0.77439934,0.9999999,0.8584026
quorum_santa_barbara_doeste_sp,0.6652716,0.80275136,0.76553786,0.75842124,0.870731,0.81500876,0.826589,0.7926518,0.8058655,0.7561937,0.8318533,0.78226024,0.8415724,0.78366554,0.7048124,0.8380394,0.776834,0.8234558,0.7810626,0.7826249,0.7259973,0.8170884,0.8149229,0.6526033,0.80501026,0.9213778,0.81433517,0.83534485,0.7796222,0.863394,0.887746,0.771502,0.79103285,0.7969215,0.86909807,0.8489122,0.77130634,0.70836794,0.7997496,0.7682766,0.8718434,0.8269547,0.7436265,0.7794221,0.77071124,0.78532624,0.81414914,0.80163705,0.6980985,0.8741509,0.7654366,0.7768652,0.7486962,0.8508786,0.83121634,0.69797283,0.7813022,0.8208509,0.8192533,0.7778159,0.8070397,0.8226359,0.786391,0.6055136,0.81770414,0.8382222,0.7891464,0.69164014,0.80253994,0.7415349,0.87455523,0.7925652,0.8793274,0.8672936,0.8356375,0.83430916,0.84660184,0.78695905,0.7153933,0.78910685,0.8229712,0.78834665,0.7634194,0.6981914,0.8660151,0.8704231,0.7670506,0.72260785,0.83539146,0.7884796,0.8313781,0.6928672,0.8542173,0.7808666,0.7978567,0.86603767,0.8275528,0.8424034,0.7548015,0.8584026,0.99999976
