,quorum_campinas_sp,quorum_birigui_sp,quorum_mogi_das_cruzes_sp,quorum_santo_andre_sp,quorum_maua_sp,quorum_sao_vicente_sp,quorum_aruja_sp,quorum_itapeva_sp,quorum_braganca_paulista_sp,quorum_lorena_sp,quorum_salto_sp,quorum_guaratingueta_sp,quorum_votuporanga_sp,quorum_ibiuna_sp,quorum_catanduva_sp,quorum_pindamonhangaba_sp,quorum_praia_grande_sp,quorum_cajamar_sp,quorum_sumare_sp,quorum_sao_jose_dos_campos_sp,quorum_paulinia_sp,quorum_barueri_sp,quorum_sao_sebastiao_sp,quorum_rio_claro_sp,quorum_cotia_sp,quorum_guarulhos_sp,quorum_assis_sp,quorum_osasco_sp,quorum_taboao_da_serra_sp,quorum_leme_sp,quorum_limeira_sp,quorum_araras_sp,quorum_marilia_sp,quorum_caraguatatuba_sp,quorum_jundiai_sp,quorum_vinhedo_sp,quorum_constituicao,quorum_sao_paulo_sp,quorum_sao_bernardo_do_campo_sp,quorum_tatui_sp,quorum_diadema_sp,quorum_varzea_paulista_sp,quorum_jau_sp,quorum_sao_caetano_do_sul_sp,quorum_jandira_sp,quorum_itapetininga_sp,quorum_aracatuca_sp,quorum_itapecerica_da_serra_sp,quorum_cruzeiro_sp,quorum_caieiras_sp,quorum_poa_sp,quorum_ubatuba_sp,quorum_itu_sp,quorum_mogi_mirim_sp,quorum_cubatao_sp,quorum_hortolandia_sp,quorum_valinhos_sp,quorum_lins_sp,quorum_embu_das_artes_sp,quorum_sao_carlos_sp,quorum_mairipora_sp,quorum_atibaia_sp,quorum_bauru_sp,quorum_franca_sp,quorum_guaruja_sp,quorum_sao_jose_do_rio_preto_sp,quorum_ferraz_de_vasconcelos_sp,quorum_votorantim_sp,quorum_mogi_guacu_sp,quorum_itanhaem_sp,quorum_franco_da_rocha_sp,quorum_sao_roque_sp,quorum_sao_joao_da_boa_vista_sp,quorum_ourinhos_sp,quorum_botucatu_sp,quorum_santana_de_parnaiba_sp,quorum_suzano_sp,quorum_sertaozinho_sp,quorum_taubate_sp,quorum_cacapava_sp,quorum_indaiatuba_sp,quorum_sorocaba_sp,quorum_bebedouro_sp,quorum_santos_sp,quorum_carapicuiba_sp,quorum_itatiba_sp,quorum_itaquaquecetuba_sp,quorum_avare_sp,quorum_araraquara_sp,quorum_ribeirao_pires_sp,quorum_campo_limpo_paulista_sp,quorum_piracicaba_sp,quorum_barretos_sp,quorum_francisco_morato_sp,quorum_ribeirao_preto_sp,quorum_americana_sp,quorum_itapevi_sp,quorum_presidente_prudente_sp,quorum_jacarei_sp,quorum_matao_sp,quorum_santa_barbara_doeste_sp
quorum_campinas_sp,1.0000002,0.6640444,0.67752016,0.82912207,0.6038073,0.7474891,0.592661,0.6819135,0.4492014,0.79113734,0.62795573,0.5730011,0.5571299,0.7057409,0.774644,0.6260276,0.6384425,0.5321617,0.71225965,0.578357,0.6184507,0.5491807,0.5108667,0.5006908,0.6529486,0.61190474,0.60216343,0.76926994,0.67480093,0.5944985,0.6219167,0.707023,0.57064974,0.5257424,0.60871685,0.69057137,0.6756238,0.61868,0.7461759,0.6277461,0.61136484,0.5758013,0.6723583,0.791927,0.5678886,0.56238365,0.616424,0.6054194,0.7208977,0.5840157,0.6609582,0.5818427,0.6412157,0.5826698,0.6436192,0.6346818,0.70853144,0.57674,0.60220975,0.7143814,0.5572164,0.56932735,0.58627355,0.8157226,0.5868484,0.5291453,0.69919944,0.8429967,0.5036861,0.72960234,0.64260185,0.744774,0.5553308,0.618971,0.5031849,0.64514244,0.71201813,0.7758853,0.55676734,0.5234094,0.62680286,0.7884688,0.7087964,0.481144,0.6228428,0.5216399,0.7006134,0.546853,0.612322,0.6670301,0.52454925,0.53269297,0.5927102,0.6655896,0.6935768,0.61001116,0.6554294,0.6692837,0.48854387,0.5617398,0.61929595
quorum_birigui_sp,0.6640444,0.99999994,0.68693435,0.8138253,0.72200155,0.9163125,0.678039,0.9635343,0.5814227,0.8911773,0.7797475,0.75170684,0.65549374,0.7979504,0.8648776,0.7614395,0.7156841,0.63996387,0.8965668,0.76663816,0.798471,0.6995512,0.6772777,0.5506635,0.7511238,0.7362206,0.6896776,0.87312746,0.92720735,0.72032976,0.77171314,0.92820966,0.7381083,0.707881,0.7614761,0.80112916,0.74752367,0.74953794,0.8455583,0.911804,0.78621596,0.714212,0.92309356,0.85198224,0.75138056,0.7012764,0.70655775,0.7590424,0.79819334,0.64487225,0.7780479,0.7823993,0.9005357,0.73132503,0.79757166,0.9207242,0.8529353,0.7426751,0.7235547,0.8736298,0.63890713,0.67534673,0.7207023,0.7024851,0.7468804,0.6834922,0.889406,0.76696074,0.6168344,0.8618401,0.7982488,0.78613925,0.741854,0.7044449,0.6860652,0.76553375,0.801074,0.80807954,0.7297778,0.6674958,0.81769216,0.81680113,0.7315314,0.65899134,0.7783858,0.6949545,0.9083985,0.6501236,0.7208389,0.9209763,0.68334883,0.7093179,0.8246357,0.7095822,0.93738043,0.75639987,0.7403307,0.8174117,0.6782348,0.6266741,0.7493609
quorum_mogi_das_cruzes_sp,0.67752016,0.68693435,0.99999976,0.7308804,0.70157313,0.774353,0.6799622,0.73138964,0.64671135,0.8051548,0.74858356,0.80373037,0.68714166,0.67305744,0.702657,0.72683096,0.7327,0.6897676,0.7424829,0.6888025,0.6436193,0.7071139,0.7109913,0.6080029,0.7572801,0.7846376,0.7045077,0.7766196,0.6699822,0.6582733,0.7666731,0.68454754,0.6767584,0.6891197,0.732502,0.780297,0.71124196,0.74340147,0.7773505,0.6815512,0.75655806,0.72449917,0.6542532,0.7855148,0.7034055,0.63774467,0.72081316,0.6863953,0.7202762,0.7079579,0.68348646,0.64585686,0.6746063,0.7146316,0.7583513,0.6236342,0.7606789,0.6971719,0.68506014,0.72862947,0.7140118,0.6739067,0.7484249,0.6152318,0.7141436,0.75772846,0.7612406,0.7056353,0.64742637,0.70049024,0.81958055,0.6853552,0.78209305,0.73047435,0.6604316,0.7644596,0.75078934,0.75641334,0.6378808,0.72418326,0.7774093,0.81247807,0.84728336,0.5458176,0.6969488,0.76597494,0.7370048,0.63039225,0.6931673,0.66033685,0.7106244,0.5981712,0.7583856,0.663957,0.740231,0.74163806,0.69093645,0.6873844,0.67699605,0.6998886,0.80682886
quorum_santo_andre_sp,0.82912207,0.8138253,0.7308804,1.0000005,0.68773746,0.8693346,0.6643506,0.81519246,0.54368484,0.8950792,0.75687206,0.68389034,0.6563242,0.8234414,0.88335973,0.7429185,0.7396765,0.64750385,0.8270477,0.6888459,0.6815654,0.6517873,0.63757485,0.5986231,0.73058546,0.69660485,0.69870126,0.85481364,0.83150744,0.62925494,0.7304965,0.8340471,0.66582817,0.66477764,0.7101082,0.7751093,0.72394574,0.68139005,0.871472,0.7661737,0.74224067,0.70759326,0.82912785,0.9094238,0.68991745,0.6537919,0.6866188,0.7483858,0.80785525,0.6751132,0.78066456,0.67440796,0.7848084,0.6900771,0.7600695,0.78229135,0.8092797,0.6536342,0.6653327,0.8733479,0.6336132,0.65924984,0.70259416,0.7728225,0.70065236,0.63702226,0.8261814,0.83691555,0.607915,0.81616753,0.73338753,0.78693044,0.66622216,0.7064891,0.6186378,0.77432454,0.7762673,0.8287583,0.67930114,0.65605533,0.7204689,0.8322331,0.7829411,0.54256505,0.73280656,0.63784254,0.80941904,0.5945429,0.7043004,0.7803633,0.6479591,0.60801184,0.71960616,0.71912014,0.85072243,0.71998113,0.70508504,0.7648027,0.6127451,0.639663,0.70930314
quorum_maua_sp,0.6038073,0.72200155,0.70157313,0.68773746,1.0,0.75978076,0.82732856,0.71992254,0.7025691,0.6907011,0.7932893,0.72716874,0.8220569,0.7546766,0.6635098,0.7826725,0.6604014,0.84351784,0.7158134,0.714766,0.66769636,0.8426547,0.8316431,0.5722301,0.8374204,0.84823895,0.78423953,0.7744229,0.7174746,0.7712827,0.89028823,0.6880151,0.83472174,0.7733244,0.92058736,0.85978675,0.74037737,0.6375049,0.70437765,0.6905761,0.85415554,0.84160674,0.68330836,0.75982493,0.7296051,0.7346051,0.8273128,0.7967473,0.65432703,0.84094197,0.7187413,0.80875826,0.69900995,0.87931144,0.78305924,0.6278782,0.729792,0.79998577,0.77104414,0.74492204,0.79698133,0.8123108,0.830642,0.56339717,0.7732011,0.8303686,0.7376994,0.61111593,0.82104945,0.69056565,0.7397343,0.74542445,0.8425701,0.86520594,0.78627324,0.79137397,0.8783803,0.7099488,0.6476367,0.8109517,0.71452045,0.7530158,0.66503865,0.65418106,0.76417327,0.80445206,0.6631872,0.7585219,0.7913289,0.68878233,0.81172884,0.6928822,0.82195115,0.677818,0.76524603,0.8891207,0.7953554,0.75245315,0.79393375,0.8143162,0.8071657
quorum_sao_vicente_sp,0.7474891,0.9163125,0.774353,0.8693346,0.75978076,0.99999994,0.70073736,0.9193505,0.58533096,0.93778145,0.800146,0.7776048,0.6935276,0.8289516,0.8802463,0.7768132,0.75440586,0.6680075,0.8541348,0.76525724,0.77767575,0.7287906,0.6887165,0.59135,0.762267,0.8083857,0.73653424,0.8862531,0.8945655,0.7234391,0.798506,0.87867105,0.7296847,0.74132425,0.7965745,0.8405367,0.7569862,0.770074,0.90027416,0.8774326,0.86211497,0.7396055,0.8330009,0.90744007,0.72876763,0.70401645,0.7298808,0.7619853,0.8444671,0.7290474,0.79176164,0.72157764,0.83231807,0.77584386,0.79289806,0.8066007,0.8964571,0.7208921,0.7359834,0.84186256,0.6751565,0.70406365,0.7436609,0.71720874,0.75471413,0.7001659,0.90476227,0.7871213,0.6254973,0.85481143,0.81707025,0.80201185,0.7593569,0.7732954,0.66680133,0.79511213,0.8490832,0.86674714,0.7390598,0.7015642,0.82190645,0.85967934,0.7959844,0.6111038,0.7947226,0.70781815,0.8522856,0.640273,0.76374906,0.84027195,0.69472826,0.66382587,0.83394945,0.7564875,0.90249383,0.8197587,0.75629437,0.83030224,0.6554932,0.7047447,0.78474665
quorum_aruja_sp,0.592661,0.678039,0.6799622,0.6643506,0.82732856,0.70073736,0.9999999,0.6647868,0.6417211,0.6824626,0.89630485,0.7525977,0.8914431,0.7416742,0.6931535,0.91611683,0.62972784,0.76512605,0.7355341,0.63413835,0.5654998,0.85297465,0.7936656,0.49740088,0.81474715,0.85378885,0.886447,0.77562445,0.6351756,0.8773749,0.85155797,0.6918332,0.82240415,0.79575205,0.7838218,0.82190424,0.7196843,0.6459626,0.7331363,0.61902046,0.7546639,0.85718954,0.6376587,0.70550394,0.70424914,0.6439855,0.93403345,0.7403833,0.6275493,0.8364773,0.62907463,0.83073556,0.6468954,0.8032274,0.83268595,0.6044637,0.64780223,0.8462489,0.80132794,0.6729144,0.9074272,0.91776586,0.8169019,0.5927098,0.7359022,0.81298584,0.7346407,0.60354304,0.7447119,0.68132174,0.791229,0.6904346,0.8208777,0.85935426,0.77706087,0.88889027,0.73784083,0.69002616,0.61467135,0.8053788,0.76913416,0.7274837,0.67939013,0.61243737,0.8223588,0.85840863,0.62329906,0.7734036,0.83659,0.7152931,0.7864783,0.6430219,0.80910724,0.62564176,0.6810181,0.7549687,0.7564603,0.79024947,0.7595577,0.8638624,0.85338455
quorum_itapeva_sp,0.6819135,0.9635343,0.73138964,0.81519246,0.71992254,0.9193505,0.6647868,0.9999999,0.59939325,0.8941543,0.77115846,0.77713895,0.6488639,0.7911713,0.83700955,0.7415158,0.72368115,0.6349914,0.91446185,0.7515674,0.79931015,0.6834357,0.6702222,0.54481524,0.725456,0.7540047,0.69648266,0.85294485,0.92446756,0.69445336,0.7523,0.9020939,0.71983033,0.713107,0.75685203,0.7867197,0.736925,0.77903163,0.8300263,0.9229633,0.78947085,0.70200443,0.89972246,0.8692615,0.73209584,0.66994554,0.69490457,0.7325871,0.8059596,0.6492708,0.7483946,0.776683,0.9226761,0.73461735,0.7967849,0.90166765,0.87457776,0.75074065,0.72409654,0.88673705,0.65015477,0.6642045,0.72548187,0.70274115,0.7185017,0.6878097,0.90129983,0.74948823,0.60399365,0.85313976,0.8174677,0.76186347,0.7446869,0.72234005,0.67939466,0.7595364,0.7964637,0.83041096,0.7215637,0.66156745,0.83282995,0.82518315,0.75028753,0.66543305,0.77539325,0.6927544,0.9368119,0.6366296,0.7218671,0.9168419,0.672042,0.68207467,0.7982836,0.70539486,0.9420363,0.76071227,0.7079968,0.79316473,0.6508181,0.61787516,0.74383795
quorum_braganca_paulista_sp,0.4492014,0.5814227,0.64671135,0.54368484,0.7025691,0.58533096,0.6417211,0.59939325,1.0000002,0.5496714,0.6528751,0.6767619,0.6452596,0.60655797,0.5673262,0.60375863,0.67588216,0.8664402,0.5942878,0.6648178,0.572043,0.7175372,0.8342386,0.5191873,0.69533706,0.62118834,0.58581406,0.6324493,0.5460961,0.5556211,0.77929366,0.53657264,0.66037005,0.7212279,0.7693658,0.7085587,0.72844106,0.63879824,0.57334113,0.5776517,0.57639754,0.78621554,0.57004434,0.5987223,0.70906985,0.662136,0.6292049,0.72509634,0.49314898,0.7806972,0.61969817,0.74589336,0.6096059,0.6564427,0.6967145,0.50049293,0.5660718,0.700616,0.656417,0.6254368,0.64654374,0.7258142,0.7313745,0.4036487,0.7674693,0.82026327,0.5838976,0.49052405,0.87407154,0.55796605,0.68346673,0.68124115,0.82438886,0.6202979,0.8743223,0.64154387,0.68880326,0.57112014,0.62965846,0.8250272,0.67476165,0.6059914,0.67010605,0.56177396,0.6250277,0.6897994,0.61420316,0.69140434,0.6755172,0.57075095,0.80598843,0.58823943,0.6594765,0.77396226,0.6240854,0.71055907,0.6531096,0.5478343,0.71788746,0.70726335,0.73032707
quorum_lorena_sp,0.79113734,0.8911773,0.8051548,0.8950792,0.6907011,0.93778145,0.6824626,0.8941543,0.5496714,0.99999964,0.8097893,0.77524006,0.66049397,0.81985724,0.8891827,0.78675944,0.7718688,0.6233208,0.8400036,0.73722875,0.760423,0.6929065,0.6516011,0.6004204,0.7590253,0.7504263,0.72339904,0.9070337,0.8622024,0.7106732,0.75764376,0.8883469,0.68848056,0.69235516,0.7195118,0.8059678,0.7365533,0.7832246,0.9115071,0.8588977,0.7948613,0.7120511,0.8421812,0.90910316,0.7293254,0.68461704,0.7107066,0.7210983,0.8675776,0.67605174,0.77684724,0.692342,0.8214618,0.7035553,0.8142827,0.82454973,0.89519244,0.70412445,0.6830528,0.8427411,0.6495466,0.6806374,0.713068,0.78580165,0.7415893,0.6632335,0.91052294,0.8634167,0.5802817,0.8643993,0.8153435,0.81057316,0.71327114,0.7231494,0.6294435,0.80908436,0.80449075,0.87847996,0.72003245,0.66878283,0.82440865,0.86183447,0.8468565,0.5861926,0.7714813,0.68814623,0.8733543,0.6454359,0.7418668,0.8457379,0.6670037,0.6575149,0.8040594,0.7333107,0.88657415,0.73658633,0.7447417,0.8176583,0.6454116,0.67443097,0.7675552
quorum_salto_sp,0.62795573,0.7797475,0.74858356,0.75687206,0.7932893,0.800146,0.89630485,0.77115846,0.6528751,0.8097893,1.0,0.7849955,0.84634805,0.8098708,0.7869587,0.94963676,0.74253535,0.7659488,0.795351,0.7465678,0.6871606,0.8501879,0.81388104,0.5578175,0.83272266,0.8468802,0.8791151,0.8499508,0.7469531,0.8469771,0.85299706,0.80371594,0.8362305,0.84407485,0.80385435,0.8438885,0.73457336,0.7152501,0.83784854,0.72445095,0.8074466,0.89505416,0.74790716,0.7891644,0.80139565,0.71761245,0.88798165,0.797299,0.71015275,0.82628936,0.75152093,0.82103574,0.73767745,0.77735674,0.86433727,0.68953,0.74702704,0.83794856,0.79285705,0.74888074,0.8471484,0.8692745,0.8564048,0.6547568,0.8252156,0.8096316,0.825862,0.68743753,0.73218274,0.771252,0.82930344,0.76811135,0.84356785,0.8523768,0.7799834,0.98559904,0.7778493,0.7736405,0.70802325,0.84547615,0.8517338,0.7905091,0.73696685,0.6277462,0.8932852,0.8630013,0.71469414,0.7620059,0.8345105,0.787539,0.8085741,0.69640875,0.82905126,0.6845932,0.7928051,0.78210914,0.7782723,0.8414496,0.7784493,0.8515067,0.8832303
quorum_guaratingueta_sp,0.5730011,0.75170684,0.80373037,0.68389034,0.72716874,0.7776048,0.7525977,0.77713895,0.6767619,0.77524006,0.7849955,0.9999999,0.7037375,0.72264713,0.71015215,0.75609046,0.7175523,0.70255375,0.7730883,0.6885103,0.7149773,0.76874566,0.73305285,0.5893822,0.79961765,0.8154216,0.7460585,0.7683851,0.7132611,0.7145455,0.7847905,0.7274395,0.69206506,0.72081196,0.72381353,0.78895485,0.75822115,0.84784585,0.7786307,0.76866704,0.78637755,0.7704715,0.7047088,0.77600706,0.75584966,0.6590507,0.7928042,0.7223141,0.7043972,0.724467,0.67183006,0.750674,0.7434454,0.75360084,0.84039867,0.687517,0.76523846,0.7835275,0.7613864,0.7521693,0.7887043,0.7557771,0.74734956,0.5459083,0.7535687,0.8003764,0.8182967,0.6452478,0.67772263,0.72123444,0.87201756,0.72249067,0.8223058,0.7307955,0.7208791,0.7920795,0.76014197,0.7348765,0.7160647,0.72396564,0.8369661,0.79025924,0.76873255,0.625256,0.7272898,0.8085299,0.7714456,0.6999768,0.74426275,0.741343,0.7363112,0.6628268,0.87134975,0.663185,0.7822406,0.75484425,0.75696826,0.7288471,0.74819636,0.70647436,0.81487215
quorum_votuporanga_sp,0.5571299,0.65549374,0.68714166,0.6563242,0.8220569,0.6935276,0.8914431,0.6488639,0.6452596,0.66049397,0.84634805,0.7037375,0.9999999,0.72439104,0.6843412,0.86937165,0.6470233,0.78968334,0.7042905,0.67153615,0.55812556,0.84289944,0.8205642,0.51356477,0.80528057,0.82394135,0.85431945,0.76437557,0.6302466,0.849282,0.83740485,0.6858686,0.8611229,0.87411,0.81374437,0.7836821,0.68742466,0.62279135,0.73745775,0.6115041,0.7656766,0.8284275,0.6266047,0.7011963,0.7494252,0.6938968,0.84767866,0.76926875,0.6121842,0.8579786,0.67194533,0.78600645,0.61388636,0.86735255,0.7823979,0.5806578,0.64566207,0.825312,0.80320656,0.65188634,0.8385451,0.815418,0.8961689,0.5270694,0.7519606,0.7974225,0.72294474,0.55233026,0.7436782,0.6790365,0.7301267,0.6987956,0.81054693,0.85439193,0.7831875,0.8467045,0.7408527,0.6789638,0.6005258,0.8702409,0.7226924,0.7256515,0.6493238,0.6089687,0.8379936,0.8432081,0.61432767,0.75785434,0.80734265,0.6999773,0.8115348,0.65240455,0.76990867,0.6303973,0.6730145,0.78147936,0.72811395,0.77809983,0.792352,0.85581225,0.83838964
quorum_ibiuna_sp,0.7057409,0.7979504,0.67305744,0.8234414,0.7546766,0.8289516,0.7416742,0.7911713,0.60655797,0.81985724,0.8098708,0.72264713,0.72439104,0.9999998,0.8372203,0.7994165,0.76459795,0.676245,0.7822702,0.78331614,0.7945584,0.76418406,0.7150279,0.53430885,0.74436474,0.746472,0.756382,0.87838006,0.79543424,0.7695856,0.8061554,0.85141766,0.7655792,0.72972393,0.7498776,0.8209449,0.72260606,0.7103667,0.79823637,0.8001733,0.78603435,0.73443115,0.7838932,0.8490062,0.7462598,0.75551486,0.7064297,0.8131325,0.7582886,0.72042036,0.8292657,0.8104011,0.7687026,0.752208,0.8120053,0.72658205,0.82259077,0.7587267,0.71009004,0.77904266,0.6674551,0.72184736,0.7334961,0.64629626,0.7415938,0.68403614,0.8483488,0.72153604,0.68284,0.81211317,0.7748796,0.81976706,0.70729804,0.781482,0.70607746,0.80075437,0.8056788,0.8168144,0.72628546,0.720384,0.799929,0.8027458,0.691221,0.71323097,0.8143342,0.69297254,0.7631918,0.7179184,0.8339374,0.7827959,0.71476054,0.7561395,0.7671267,0.7156886,0.8387066,0.74850893,0.7925839,0.87027127,0.7061151,0.6796696,0.76908374
quorum_catanduva_sp,0.774644,0.8648776,0.702657,0.88335973,0.6635098,0.8802463,0.6931535,0.83700955,0.5673262,0.8891827,0.7869587,0.71015215,0.6843412,0.8372203,1.0000002,0.7781824,0.7603855,0.64027095,0.81906664,0.772923,0.76492685,0.71666634,0.66499126,0.5964606,0.7328589,0.70589626,0.74288625,0.87464786,0.8657134,0.73830557,0.7391112,0.88347197,0.7166139,0.7161907,0.70872176,0.763008,0.79143137,0.7161646,0.89331055,0.8161773,0.7153057,0.7324661,0.8688144,0.8699502,0.7351582,0.7262263,0.6855446,0.7729904,0.83083975,0.70853233,0.82598543,0.74945104,0.82629263,0.7156645,0.7747367,0.82059777,0.83276093,0.73276496,0.71651745,0.8437471,0.6399493,0.69109786,0.6914407,0.73711705,0.7471562,0.6540929,0.84770876,0.8044341,0.6274129,0.8770119,0.7713824,0.82146645,0.6930882,0.71693736,0.69532,0.7771188,0.77153885,0.8363038,0.72034305,0.6624794,0.789492,0.83788246,0.7800268,0.6285308,0.79636884,0.66446555,0.8374912,0.6216126,0.7570908,0.8567023,0.68247455,0.6897017,0.752002,0.78758466,0.8397565,0.6991902,0.73170424,0.7994472,0.64997727,0.67299414,0.7465435
quorum_pindamonhangaba_sp,0.6260276,0.7614395,0.72683096,0.7429185,0.7826725,0.7768132,0.91611683,0.7415158,0.60375863,0.78675944,0.94963676,0.75609046,0.86937165,0.7994165,0.7781824,0.9999996,0.6988568,0.710889,0.7983955,0.72180164,0.64275277,0.8166027,0.76958585,0.5110192,0.8268907,0.83444655,0.880975,0.8565971,0.72578436,0.86752367,0.8521785,0.80990005,0.83283126,0.78473395,0.78613317,0.8542573,0.722697,0.6745733,0.81850314,0.69751966,0.76813376,0.86173403,0.7267797,0.78313327,0.76382506,0.69519866,0.88090056,0.77840126,0.7012837,0.7965431,0.74199307,0.81062317,0.7117547,0.80717754,0.83224744,0.6925246,0.728159,0.8240169,0.7889196,0.73151577,0.8368113,0.8576702,0.8242303,0.6396375,0.7793827,0.75190145,0.81135917,0.66247195,0.67807317,0.7646067,0.8032638,0.71746075,0.78797776,0.8431766,0.739738,0.94227076,0.77426195,0.7417846,0.67370087,0.7905556,0.81880176,0.77152336,0.702483,0.63543224,0.86125803,0.82810056,0.70218885,0.7289159,0.82590306,0.7807125,0.76856995,0.7044633,0.81926477,0.6376113,0.77262247,0.767228,0.79143095,0.86384535,0.7637085,0.81656647,0.8606744
quorum_praia_grande_sp,0.6384425,0.7156841,0.7327,0.7396765,0.6604014,0.75440586,0.62972784,0.72368115,0.67588216,0.7718688,0.74253535,0.7175523,0.6470233,0.76459795,0.7603855,0.6988568,1.0000001,0.68390965,0.6800673,0.8173778,0.77070045,0.7179688,0.6923591,0.59334654,0.7261082,0.6572529,0.679962,0.7930268,0.6923717,0.651529,0.73693,0.7123962,0.6161797,0.7007083,0.6760918,0.76235354,0.72964025,0.7556099,0.7869657,0.73213166,0.69997,0.69777334,0.70118237,0.78072166,0.77789545,0.732198,0.63647044,0.7559323,0.732527,0.72182477,0.81393397,0.67880094,0.6846031,0.63472676,0.7535222,0.6294693,0.7790922,0.66075206,0.6398362,0.6896883,0.62000597,0.65398836,0.7046802,0.5920069,0.76516485,0.68114316,0.7652984,0.6924629,0.69708586,0.7428735,0.7725811,0.7543497,0.7017035,0.653781,0.67275566,0.742391,0.78514457,0.77941513,0.7368285,0.7159511,0.7795013,0.74642634,0.70580757,0.6265012,0.7258985,0.63129896,0.7079729,0.6298311,0.69878465,0.65137655,0.70894337,0.70978224,0.7096976,0.7327801,0.73490787,0.6837027,0.735367,0.7310273,0.7118467,0.6876116,0.766132
quorum_cajamar_sp,0.5321617,0.63996387,0.6897676,0.64750385,0.84351784,0.6680075,0.76512605,0.6349914,0.8664402,0.6233208,0.7659488,0.70255375,0.78968334,0.676245,0.64027095,0.710889,0.68390965,1.0000002,0.68058115,0.71794534,0.6009165,0.83310694,0.905517,0.57137,0.82372534,0.70850277,0.7056209,0.7094638,0.60231054,0.6491139,0.86656606,0.5993295,0.7818631,0.8074808,0.8376791,0.8086652,0.7613597,0.6466184,0.6878551,0.60294175,0.7241777,0.85591614,0.64531636,0.67942476,0.75542265,0.73731166,0.7368596,0.8019735,0.56280184,0.85201037,0.7195778,0.77229404,0.62385905,0.760355,0.7751895,0.57330424,0.6136158,0.74391025,0.75668716,0.7037361,0.7543839,0.815889,0.83241224,0.45585543,0.8477384,0.91060054,0.6368073,0.5644084,0.9437321,0.5950997,0.7000576,0.750369,0.90918565,0.71495724,0.8807131,0.7803668,0.7352817,0.64309263,0.66772306,0.90995103,0.68325424,0.70280325,0.6989615,0.5881542,0.7145413,0.7751602,0.62995154,0.7281184,0.7477822,0.62511796,0.87860644,0.6337739,0.74712276,0.75728637,0.6991006,0.7685133,0.74987376,0.6481253,0.7765672,0.83182824,0.78364396
quorum_sumare_sp,0.71225965,0.8965668,0.7424829,0.8270477,0.7158134,0.8541348,0.7355341,0.91446185,0.5942878,0.8400036,0.795351,0.7730883,0.7042905,0.7822702,0.81906664,0.7983955,0.6800673,0.68058115,1.0000002,0.7198851,0.73058426,0.6940393,0.67219514,0.490111,0.75499237,0.73758245,0.705202,0.8652911,0.850997,0.7106863,0.7870153,0.8851435,0.74101955,0.69716465,0.75756025,0.83557326,0.7537918,0.7247797,0.8164912,0.83071876,0.77714646,0.74132687,0.8699765,0.8650995,0.73812807,0.65296584,0.749889,0.7373371,0.7372631,0.6407138,0.73643947,0.782617,0.84182465,0.7606683,0.8096937,0.886317,0.80500007,0.7427222,0.7634616,0.8845309,0.72904444,0.69965863,0.7495194,0.65116173,0.72908103,0.71627724,0.85010386,0.73041874,0.6146898,0.8222531,0.7940803,0.72786975,0.76039284,0.71181095,0.67935556,0.81653863,0.7790331,0.7989656,0.6810844,0.6839754,0.7935504,0.8277672,0.7107794,0.6420622,0.7752304,0.719012,0.89822733,0.59804827,0.7168182,0.90578675,0.66771,0.66727746,0.77744365,0.68261164,0.9084254,0.7498193,0.7273693,0.82059944,0.6582971,0.63088703,0.7664832
quorum_sao_jose_dos_campos_sp,0.578357,0.76663816,0.6888025,0.6888459,0.714766,0.76525724,0.63413835,0.7515674,0.6648178,0.73722875,0.7465678,0.6885103,0.67153615,0.78331614,0.772923,0.72180164,0.8173778,0.71794534,0.7198851,0.9999999,0.81564873,0.7108031,0.72737306,0.5674641,0.75306976,0.6703379,0.6692949,0.7909734,0.7233433,0.66494036,0.779263,0.75117075,0.6771257,0.7179436,0.7229309,0.77777064,0.74663436,0.7174821,0.7693764,0.7772838,0.7377082,0.6926053,0.7517833,0.7401017,0.79506385,0.84760046,0.6211674,0.7584511,0.6964341,0.7046544,0.91490847,0.7237169,0.71690726,0.72922623,0.72560835,0.6811192,0.77111703,0.66758746,0.6595514,0.6934757,0.5903146,0.6474848,0.69043505,0.5209371,0.79753447,0.7067328,0.7472539,0.65312386,0.7257943,0.7320767,0.7545925,0.77750146,0.73853594,0.65400934,0.7140157,0.74216735,0.79557693,0.7505415,0.72299623,0.7229713,0.76402813,0.71809447,0.66102076,0.7462298,0.7640054,0.6560719,0.7260209,0.6281507,0.73546815,0.69142884,0.73012275,0.8145563,0.7181394,0.74527127,0.7633575,0.72702754,0.79758644,0.7653694,0.7519978,0.66049457,0.7607946
quorum_paulinia_sp,0.6184507,0.798471,0.6436193,0.6815654,0.66769636,0.77767575,0.5654998,0.79931015,0.572043,0.760423,0.6871606,0.7149773,0.55812556,0.7945584,0.76492685,0.64275277,0.77070045,0.6009165,0.73058426,0.81564873,1.0000001,0.6460388,0.61778784,0.51020336,0.6681222,0.6318933,0.6384319,0.79893696,0.7866013,0.64635795,0.70223033,0.7974863,0.6176413,0.64768374,0.650378,0.7320995,0.7088294,0.7296593,0.7289246,0.84138906,0.716997,0.5921869,0.78195584,0.75080925,0.7318724,0.76258445,0.55265784,0.72314155,0.7210579,0.6144434,0.81085515,0.7404429,0.79030275,0.63099974,0.7107445,0.72817254,0.81061566,0.64518654,0.5982727,0.7419808,0.5241445,0.57115,0.61631584,0.5956451,0.6910584,0.61655396,0.7984284,0.6772271,0.65835404,0.770455,0.732598,0.7824486,0.64972883,0.60777,0.6350855,0.67504907,0.76535183,0.7589842,0.7245951,0.6205234,0.7792609,0.7410623,0.6310674,0.7449216,0.7164389,0.56901586,0.7844213,0.66381437,0.70793927,0.7347307,0.62317663,0.78362185,0.687971,0.72047347,0.80075085,0.65803045,0.7494972,0.75120974,0.65535045,0.5584982,0.68122065
quorum_barueri_sp,0.5491807,0.6995512,0.7071139,0.6517873,0.8426547,0.7287906,0.85297465,0.6834357,0.7175372,0.6929065,0.8501879,0.76874566,0.84289944,0.76418406,0.71666634,0.8166027,0.7179688,0.83310694,0.6940393,0.7108031,0.6460388,1.0,0.8320142,0.55663407,0.83955693,0.804508,0.8300744,0.7611829,0.65750456,0.8135051,0.85792387,0.66796756,0.8480102,0.8164822,0.8037429,0.78902256,0.7209112,0.6821052,0.7437233,0.6518049,0.7902806,0.8664968,0.67240095,0.6932355,0.75050557,0.71677893,0.842535,0.82387704,0.6503935,0.8492676,0.7047559,0.8345545,0.6592481,0.8013755,0.8277166,0.5916944,0.6607969,0.8149133,0.8429467,0.67696595,0.843385,0.8784863,0.8598202,0.5482284,0.77181125,0.8190979,0.7222918,0.60296327,0.83123595,0.6575695,0.76099205,0.77307224,0.8317602,0.82109463,0.8325489,0.84884536,0.7635136,0.7011628,0.6739553,0.87144387,0.76495624,0.77139175,0.7152493,0.65531874,0.80778015,0.8494357,0.6355251,0.7859025,0.8296458,0.71263874,0.82010823,0.708681,0.8095745,0.68033767,0.7141815,0.7793003,0.7840409,0.73632133,0.78911245,0.8763788,0.84206057
quorum_sao_sebastiao_sp,0.5108667,0.6772777,0.7109913,0.63757485,0.8316431,0.6887165,0.7936656,0.6702222,0.8342386,0.6516011,0.81388104,0.73305285,0.8205642,0.7150279,0.66499126,0.76958585,0.6923591,0.905517,0.67219514,0.72737306,0.61778784,0.8320142,1.0000001,0.5903156,0.83122915,0.7595676,0.7727194,0.7343365,0.6217963,0.7416414,0.87694836,0.65869445,0.82404184,0.8536182,0.8452761,0.8142688,0.7537374,0.655527,0.72340643,0.62146705,0.7240209,0.8709539,0.6626172,0.6803427,0.86008626,0.74696267,0.7877291,0.7873344,0.5800033,0.8870779,0.7172472,0.82681763,0.67310345,0.75551367,0.8073679,0.5690959,0.63247395,0.8329965,0.7822626,0.70237184,0.778243,0.80220836,0.863543,0.49582934,0.9248214,0.9150801,0.6956879,0.5532677,0.90968883,0.64527327,0.7578599,0.76654506,0.90680647,0.8057435,0.8787794,0.7991216,0.7180474,0.66125584,0.66058457,0.9126196,0.75131404,0.72410357,0.7052254,0.61531055,0.79426396,0.83972436,0.6410618,0.7794901,0.7675347,0.67060065,0.98297834,0.65305066,0.7560828,0.74285936,0.7250434,0.7834061,0.74009216,0.7206962,0.8955316,0.82038784,0.83986926
quorum_rio_claro_sp,0.5006908,0.5506635,0.6080029,0.5986231,0.5722301,0.59135,0.49740088,0.54481524,0.5191873,0.6004204,0.5578175,0.5893822,0.51356477,0.53430885,0.5964606,0.5110192,0.59334654,0.57137,0.490111,0.5674641,0.51020336,0.55663407,0.5903156,1.0000002,0.5778783,0.60657775,0.5240046,0.56231654,0.587906,0.5105254,0.61402595,0.5517466,0.46567446,0.5524138,0.6231042,0.62096685,0.68352544,0.5683824,0.6296247,0.5380668,0.59151596,0.5821783,0.58125407,0.59734654,0.54708016,0.5184998,0.5517136,0.5944056,0.64673626,0.6079602,0.5720387,0.51922107,0.54717,0.55206746,0.58015347,0.50591177,0.5690731,0.50384426,0.514014,0.6034758,0.5170341,0.4713562,0.56218976,0.47782552,0.59984404,0.5791106,0.6212647,0.5478145,0.5796776,0.554192,0.6235573,0.5727954,0.59821653,0.5762282,0.5349818,0.544178,0.6113143,0.530639,0.5641309,0.55438745,0.5611402,0.6052702,0.62375635,0.3482378,0.51100427,0.5732539,0.5132489,0.48977637,0.53568125,0.48969576,0.6253826,0.44666392,0.5894182,0.66005534,0.61398935,0.61588013,0.5008645,0.5300695,0.54185,0.5544284,0.6240659
quorum_cotia_sp,0.6529486,0.7511238,0.7572801,0.73058546,0.8374204,0.762267,0.81474715,0.725456,0.69533706,0.7590253,0.83272266,0.79961765,0.80528057,0.74436474,0.7328589,0.8268907,0.7261082,0.82372534,0.75499237,0.75306976,0.6681222,0.83955693,0.83122915,0.5778783,1.0000002,0.7623645,0.77313244,0.8016441,0.68431497,0.7528882,0.84783417,0.7325026,0.81098056,0.7402533,0.79713404,0.8490989,0.77713907,0.7855155,0.8048596,0.68945897,0.78108,0.8437001,0.70794064,0.75721526,0.77276576,0.78468764,0.8266263,0.79748213,0.65350324,0.7993717,0.7638797,0.7908269,0.6901474,0.7786383,0.8728435,0.67052114,0.6885035,0.8143234,0.81911576,0.74772155,0.8058977,0.8242816,0.8075127,0.6181239,0.8170646,0.8403274,0.74415517,0.7241267,0.8046519,0.71000755,0.8034841,0.79442966,0.8349984,0.7594243,0.77057457,0.84403205,0.770781,0.72395366,0.64953375,0.8154933,0.79555714,0.81625295,0.7513058,0.6660759,0.76101327,0.8304564,0.7046795,0.76716125,0.77169466,0.70807236,0.8250142,0.7406335,0.86180085,0.70998,0.7888205,0.7506434,0.8806684,0.7448024,0.8176924,0.7824645,0.8232295
quorum_guarulhos_sp,0.61190474,0.7362206,0.7846376,0.69660485,0.84823895,0.8083857,0.85378885,0.7540047,0.62118834,0.7504263,0.8468802,0.8154216,0.82394135,0.746472,0.70589626,0.83444655,0.6572529,0.70850277,0.73758245,0.6703379,0.6318933,0.804508,0.7595676,0.60657775,0.7623645,0.99999976,0.87824094,0.7618537,0.71621364,0.8210473,0.83075833,0.6982821,0.79525214,0.8032821,0.85735106,0.8174468,0.7018788,0.69149727,0.78287625,0.70648545,0.8652426,0.79998076,0.64563036,0.7778718,0.7157496,0.64135534,0.88243365,0.73933136,0.69896656,0.84495735,0.63422596,0.74448067,0.6915785,0.8678689,0.771479,0.60609007,0.74785125,0.8129753,0.75735414,0.700678,0.8405509,0.80480266,0.82789767,0.60797733,0.7278925,0.8125624,0.79787815,0.6145032,0.6685729,0.7011261,0.84989697,0.6916797,0.8472343,0.91458124,0.73268914,0.837147,0.83090353,0.72943234,0.66307443,0.771239,0.78834987,0.7506808,0.72526777,0.57904226,0.8427112,0.87160933,0.6683675,0.72242707,0.84423935,0.70208657,0.7615994,0.5827694,0.8430877,0.6490486,0.7507979,0.8899487,0.71260387,0.75821406,0.728974,0.8432778,0.9030658
quorum_assis_sp,0.60216343,0.6896776,0.7045077,0.69870126,0.78423953,0.73653424,0.886447,0.69648266,0.58581406,0.72339904,0.8791151,0.7460585,0.85431945,0.756382,0.74288625,0.880975,0.679962,0.7056209,0.705202,0.6692949,0.6384319,0.8300744,0.7727194,0.5240046,0.77313244,0.87824094,0.99999994,0.74707186,0.67847705,0.85203195,0.7909786,0.69296074,0.8121602,0.7858491,0.76194584,0.75910735,0.69682944,0.6738148,0.7973808,0.6524724,0.7508093,0.7781565,0.67833745,0.7344235,0.7446188,0.64506996,0.8584194,0.7607111,0.6647781,0.8697217,0.65108657,0.7727852,0.6966551,0.78204554,0.820589,0.58740795,0.6865905,0.82779783,0.7875179,0.70293325,0.8148988,0.8359099,0.80699325,0.59927744,0.74136764,0.7551379,0.76323557,0.6321988,0.7091247,0.6792991,0.78145814,0.73567474,0.77448297,0.89387393,0.7471232,0.87108517,0.7376434,0.7096933,0.638026,0.79130733,0.77201396,0.7423022,0.6610492,0.629241,0.87812936,0.80582345,0.640311,0.73049897,0.8787364,0.6952907,0.7819295,0.64838153,0.78505677,0.6379211,0.70128024,0.7590905,0.73361194,0.76342034,0.7513405,0.8801325,0.8590375
quorum_osasco_sp,0.76926994,0.87312746,0.7766196,0.85481364,0.7744229,0.8862531,0.77562445,0.85294485,0.6324493,0.9070337,0.8499508,0.7683851,0.76437557,0.87838006,0.87464786,0.8565971,0.7930268,0.7094638,0.8652911,0.7909734,0.79893696,0.7611829,0.7343365,0.56231654,0.8016441,0.7618537,0.74707186,1.0,0.8347934,0.80261904,0.8577064,0.922353,0.78045774,0.7600487,0.7822737,0.89867175,0.77687645,0.74500084,0.8651302,0.83321774,0.803895,0.7725816,0.84552914,0.8898672,0.7852631,0.7685267,0.7647213,0.7983116,0.8063103,0.72001165,0.8445721,0.78672206,0.7989749,0.7657423,0.84022623,0.8160567,0.87729657,0.77117604,0.73562217,0.8233019,0.72075176,0.72742164,0.7884482,0.7271327,0.8018644,0.7336613,0.8937795,0.7797668,0.6824657,0.9118029,0.8263861,0.8212812,0.7654766,0.75859296,0.7251469,0.8497369,0.8404061,0.8750174,0.7474998,0.7427696,0.8435105,0.8606734,0.80299044,0.68254316,0.8247285,0.7447854,0.8398216,0.72964835,0.78092015,0.850773,0.7382628,0.7546276,0.8021686,0.7505055,0.8744019,0.76275706,0.8096713,0.91769195,0.72634935,0.70257735,0.8216543
quorum_taboao_da_serra_sp,0.67480093,0.92720735,0.6699822,0.83150744,0.7174746,0.8945655,0.6351756,0.92446756,0.5460961,0.8622024,0.7469531,0.7132611,0.6302466,0.79543424,0.8657134,0.72578436,0.6923717,0.60231054,0.850997,0.7233433,0.7866013,0.65750456,0.6217963,0.587906,0.68431497,0.71621364,0.67847705,0.8347934,0.9999998,0.68034035,0.7409956,0.9069605,0.6955673,0.67716783,0.7555752,0.7659129,0.7571113,0.69750035,0.80120194,0.9058274,0.7594552,0.6909605,0.9238304,0.86753476,0.66951275,0.6843589,0.64870524,0.76014584,0.8145658,0.65250576,0.7611611,0.74823785,0.933605,0.7248938,0.74408174,0.8954663,0.8696138,0.6990504,0.6586163,0.9181434,0.58180237,0.63668966,0.6799066,0.6907537,0.67641646,0.61900246,0.86861557,0.7409912,0.5914505,0.86938536,0.7624219,0.74489236,0.67813265,0.7083006,0.64117676,0.7280886,0.79438907,0.79976,0.7101012,0.6312176,0.7663712,0.80625105,0.7023008,0.62711525,0.7387812,0.62380993,0.895591,0.59837747,0.6941103,0.8922452,0.6294496,0.672459,0.7602452,0.7251482,0.9062598,0.7378596,0.6878995,0.773542,0.601594,0.6087945,0.7000911
quorum_leme_sp,0.5944985,0.72032976,0.6582733,0.62925494,0.7712827,0.7234391,0.8773749,0.69445336,0.5556211,0.7106732,0.8469771,0.7145455,0.849282,0.7695856,0.73830557,0.86752367,0.651529,0.6491139,0.7106863,0.66494036,0.64635795,0.8135051,0.7416414,0.5105254,0.7528882,0.8210473,0.85203195,0.80261904,0.68034035,0.9999999,0.8399036,0.7512896,0.8256059,0.77390724,0.7452998,0.8026323,0.70449996,0.6478821,0.7618073,0.66722226,0.71236134,0.76036376,0.6591849,0.690378,0.7217678,0.63950807,0.85714674,0.7364625,0.65137637,0.7743645,0.6682568,0.8225441,0.6743065,0.7578104,0.7799763,0.62766224,0.68635166,0.86865497,0.7703786,0.6447609,0.81211007,0.78705597,0.7775543,0.6325812,0.7247577,0.7246027,0.7642001,0.6226571,0.6713027,0.720242,0.7838204,0.7194799,0.755035,0.8343636,0.74334097,0.8159578,0.7140686,0.6969637,0.6191381,0.7472924,0.7948633,0.7331749,0.64519304,0.65684575,0.84984046,0.8141993,0.6393516,0.76806796,0.8313701,0.7443166,0.74033076,0.6828019,0.79292727,0.6273993,0.7127532,0.71936506,0.73636043,0.85492337,0.74731517,0.8020871,0.8403666
quorum_limeira_sp,0.6219167,0.77171314,0.7666731,0.7304965,0.89028823,0.798506,0.85155797,0.7523,0.77929366,0.75764376,0.85299706,0.7847905,0.83740485,0.8061554,0.7391112,0.8521785,0.73693,0.86656606,0.7870153,0.779263,0.70223033,0.85792387,0.87694836,0.61402595,0.84783417,0.83075833,0.7909786,0.8577064,0.7409956,0.8399036,1.0,0.7734765,0.8438424,0.8138054,0.90397596,0.94585127,0.79335874,0.7109127,0.78417265,0.7401851,0.8206034,0.87133324,0.7323201,0.785853,0.79995096,0.7758039,0.8318404,0.8318167,0.68655497,0.8558891,0.7862493,0.83863544,0.7307631,0.83638084,0.8367698,0.687657,0.75427616,0.8287343,0.7894597,0.76139426,0.7965771,0.82515,0.8515425,0.5928977,0.85540855,0.86739504,0.7910231,0.6677443,0.8624939,0.7404088,0.84021115,0.79201835,0.8979119,0.82854074,0.84347254,0.84683484,0.84166,0.74787056,0.7088202,0.8815236,0.8137087,0.7935755,0.74407744,0.68328065,0.8105017,0.8362011,0.7192029,0.7742584,0.82868236,0.74270207,0.8650014,0.7353231,0.8573691,0.74700487,0.81130683,0.8571276,0.823859,0.86516523,0.81128585,0.82794404,0.897545
quorum_araras_sp,0.707023,0.92820966,0.68454754,0.8340471,0.6880151,0.87867105,0.6918332,0.9020939,0.53657264,0.8883469,0.80371594,0.7274395,0.6858686,0.85141766,0.88347197,0.80990005,0.7123962,0.5993295,0.8851435,0.75117075,0.7974863,0.66796756,0.65869445,0.5517466,0.7325026,0.6982821,0.69296074,0.922353,0.9069605,0.7512896,0.7734765,0.9999998,0.74086463,0.7009974,0.7285522,0.8177727,0.75477517,0.72762275,0.8344662,0.88109124,0.74185294,0.7010195,0.91219574,0.8635109,0.7466438,0.718883,0.69538474,0.7553797,0.8087482,0.6252477,0.8042937,0.7785977,0.8734443,0.7136047,0.79976416,0.89587677,0.8592602,0.7518434,0.69812953,0.8662066,0.6273924,0.6472978,0.7133885,0.7210813,0.7443925,0.64461315,0.8939598,0.7775254,0.5858803,0.9146377,0.79106987,0.77952254,0.68964934,0.7000792,0.661585,0.79238445,0.77929866,0.8325471,0.70324475,0.65072715,0.8281081,0.82737195,0.7181107,0.6737391,0.79314935,0.6837173,0.89405525,0.6610565,0.7193629,0.91229606,0.66409475,0.75719786,0.7707307,0.7165804,0.9052569,0.70094067,0.7448787,0.88555235,0.657045,0.5952058,0.74090004
quorum_marilia_sp,0.57064974,0.7381083,0.6767584,0.66582817,0.83472174,0.7296847,0.82240415,0.71983033,0.66037005,0.68848056,0.8362305,0.69206506,0.8611229,0.7655792,0.7166139,0.83283126,0.6161797,0.7818631,0.74101955,0.6771257,0.6176413,0.8480102,0.82404184,0.46567446,0.81098056,0.79525214,0.8121602,0.78045774,0.6955673,0.8256059,0.8438424,0.74086463,0.99999994,0.80445254,0.8308952,0.7773192,0.67266047,0.64134526,0.718588,0.666814,0.7624828,0.835114,0.7054876,0.70077574,0.7828779,0.6939131,0.8150401,0.8555176,0.61707604,0.79222965,0.6949529,0.8402345,0.70212907,0.8243048,0.79001856,0.6604644,0.65230215,0.8775846,0.81506944,0.7081007,0.7728086,0.8054497,0.8946313,0.57229644,0.7812309,0.7829183,0.7434377,0.6128082,0.75228786,0.68237144,0.7327348,0.7564008,0.8201065,0.82502556,0.83881867,0.82765085,0.7463651,0.694807,0.5935683,0.8311951,0.7634668,0.74536026,0.6528349,0.6407398,0.84019166,0.8435904,0.6701819,0.794696,0.80507237,0.76350486,0.8056335,0.6857177,0.7837541,0.62319934,0.7332147,0.7829864,0.7500449,0.78068423,0.78604364,0.7893995,0.8037292
quorum_caraguatatuba_sp,0.5257424,0.707881,0.6891197,0.66477764,0.7733244,0.74132425,0.79575205,0.713107,0.7212279,0.69235516,0.84407485,0.72081196,0.87411,0.72972393,0.7161907,0.78473395,0.7007083,0.8074808,0.69716465,0.7179436,0.64768374,0.8164822,0.8536182,0.5524138,0.7402533,0.8032821,0.7858491,0.7600487,0.67716783,0.77390724,0.8138054,0.7009974,0.80445254,0.9999997,0.80058503,0.7634046,0.69405794,0.64651316,0.72626984,0.6759281,0.753406,0.815972,0.653492,0.6986569,0.79866517,0.6958817,0.7878504,0.7522824,0.64926445,0.8396008,0.6798843,0.8064186,0.6681906,0.7820813,0.7629295,0.57883364,0.6794975,0.81160176,0.7525413,0.6621127,0.79915845,0.7579024,0.9095513,0.53741264,0.798917,0.8363162,0.750348,0.54117465,0.7767205,0.7321549,0.75056374,0.7264715,0.8436146,0.7900389,0.8412552,0.81996036,0.74340785,0.7129532,0.66634053,0.90076435,0.7548237,0.7104366,0.73061085,0.5535088,0.85284543,0.8196207,0.65884674,0.7903176,0.7883247,0.7205605,0.83615625,0.60172987,0.71567607,0.70561284,0.70409876,0.80157655,0.6594721,0.73801124,0.7886945,0.8205635,0.8319595
quorum_jundiai_sp,0.60871685,0.7614761,0.732502,0.7101082,0.92058736,0.7965745,0.7838218,0.75685203,0.7693658,0.7195118,0.80385435,0.72381353,0.81374437,0.7498776,0.70872176,0.78613317,0.6760918,0.8376791,0.75756025,0.7229309,0.650378,0.8037429,0.8452761,0.6231042,0.79713404,0.85735106,0.76194584,0.7822737,0.7555752,0.7452998,0.90397596,0.7285522,0.8308952,0.80058503,1.0000001,0.8887106,0.7717375,0.64299524,0.7479089,0.71503377,0.8551354,0.87533367,0.7132886,0.8021279,0.7556875,0.7144809,0.8051677,0.8153918,0.6636551,0.86221075,0.71750045,0.7971673,0.7245503,0.8981781,0.7575468,0.65526474,0.7436892,0.79332054,0.76775837,0.7642449,0.7666954,0.77654743,0.850174,0.55476785,0.80906403,0.8485153,0.76830935,0.5958223,0.79425275,0.7247519,0.75633055,0.7299932,0.8794712,0.879645,0.7975733,0.8041084,0.8895508,0.7115618,0.6588457,0.83524173,0.7315471,0.7551149,0.6719296,0.59434706,0.78080714,0.81807244,0.7002677,0.6821449,0.7632855,0.72669446,0.8299075,0.6238301,0.82792634,0.7534981,0.80665207,0.9338949,0.71865404,0.7675816,0.76518226,0.79030097,0.85728914
quorum_vinhedo_sp,0.69057137,0.80112916,0.780297,0.7751093,0.85978675,0.8405367,0.82190424,0.7867197,0.7085587,0.8059678,0.8438885,0.78895485,0.7836821,0.8209449,0.763008,0.8542573,0.76235354,0.8086652,0.83557326,0.77777064,0.7320995,0.78902256,0.8142688,0.62096685,0.8490989,0.8174468,0.75910735,0.89867175,0.7659129,0.8026323,0.94585127,0.8177727,0.7773192,0.7634046,0.8887106,1.0000001,0.8130886,0.7290313,0.8223744,0.7675432,0.8365743,0.84515715,0.75004804,0.8491746,0.77562535,0.75420016,0.81661046,0.8079399,0.72570103,0.79574054,0.7979474,0.79572904,0.73807037,0.8144433,0.82806695,0.72910815,0.802452,0.7749301,0.7672396,0.77744925,0.7782616,0.77264404,0.8005887,0.6242517,0.83913517,0.84200054,0.8245237,0.6879715,0.77787185,0.7991719,0.8408824,0.7564242,0.8610785,0.8012848,0.74113536,0.851398,0.8679167,0.7887369,0.7494395,0.80046743,0.81590486,0.81673527,0.7379645,0.63706565,0.7827238,0.7909517,0.7534433,0.68993956,0.7701075,0.750698,0.81063646,0.7035113,0.8422413,0.75679225,0.84679246,0.85072553,0.80457115,0.8978361,0.77337,0.75727487,0.8790139
quorum_constituicao,0.6756238,0.74752367,0.71124196,0.72394574,0.74037737,0.7569862,0.7196843,0.736925,0.72844106,0.7365533,0.73457336,0.75822115,0.68742466,0.72260606,0.79143137,0.722697,0.72964025,0.7613597,0.7537918,0.74663436,0.7088294,0.7209112,0.7537374,0.68352544,0.77713907,0.7018788,0.69682944,0.77687645,0.7571113,0.70449996,0.79335874,0.75477517,0.67266047,0.69405794,0.7717375,0.8130886,1.0000001,0.7394003,0.7752408,0.739256,0.68700373,0.7721113,0.7733526,0.77281713,0.72046167,0.7364103,0.71741486,0.75289214,0.72031397,0.7705571,0.75830764,0.78036916,0.7545974,0.7193421,0.78486645,0.6974181,0.7427138,0.74187726,0.6993133,0.7870884,0.69255793,0.7279769,0.68973184,0.5823729,0.7964212,0.7585581,0.75303113,0.68663365,0.7658329,0.76397055,0.7894859,0.75159,0.77353203,0.70714104,0.75185144,0.7310968,0.7903756,0.73472065,0.70254123,0.70622146,0.75652945,0.77703387,0.7363887,0.64692354,0.71541655,0.69250363,0.7606882,0.6409924,0.7126918,0.7427029,0.762691,0.7025626,0.74803144,0.8566595,0.77344096,0.7364859,0.7252964,0.7233235,0.7064297,0.7033466,0.77516156
quorum_sao_paulo_sp,0.61868,0.74953794,0.74340147,0.68139005,0.6375049,0.770074,0.6459626,0.77903163,0.63879824,0.7832246,0.7152501,0.84784585,0.62279135,0.7103667,0.7161646,0.6745733,0.7556099,0.6466184,0.7247797,0.7174821,0.7296593,0.6821052,0.655527,0.5683824,0.7855155,0.69149727,0.6738148,0.74500084,0.69750035,0.6478821,0.7109127,0.72762275,0.64134526,0.64651316,0.64299524,0.7290313,0.7394003,1.0,0.778263,0.8158986,0.6969106,0.66232467,0.6966772,0.76868224,0.7078291,0.66898286,0.6596067,0.67774665,0.7376157,0.66252965,0.6838043,0.6899437,0.7433296,0.6277969,0.8567074,0.6894686,0.80185306,0.7751057,0.7268607,0.70613605,0.64356387,0.66128296,0.66908836,0.5926546,0.6983019,0.71306646,0.80123806,0.7401154,0.63882506,0.71208215,0.8854703,0.74411416,0.7313509,0.6234829,0.6559582,0.7079787,0.71790254,0.7375206,0.6430207,0.6532998,0.860572,0.7782159,0.7452736,0.6541958,0.6502601,0.69300085,0.7916323,0.6669691,0.69381726,0.7077327,0.67183864,0.7068998,0.80560505,0.69477594,0.7664289,0.64697355,0.7570487,0.6961788,0.66076195,0.63169,0.7164382
quorum_sao_bernardo_do_campo_sp,0.7461759,0.8455583,0.7773505,0.871472,0.70437765,0.90027416,0.7331363,0.8300263,0.57334113,0.9115071,0.83784854,0.7786307,0.73745775,0.79823637,0.89331055,0.81850314,0.7869657,0.6878551,0.8164912,0.7693764,0.7289246,0.7437233,0.72340643,0.6296247,0.8048596,0.78287625,0.7973808,0.8651302,0.80120194,0.7618073,0.78417265,0.8344662,0.718588,0.72626984,0.7479089,0.8223744,0.7752408,0.778263,1.0,0.77952135,0.8043926,0.76198584,0.8052281,0.87411714,0.77725387,0.69475734,0.7726841,0.76205826,0.78869975,0.7597251,0.7981093,0.6939292,0.7622098,0.7366471,0.82301295,0.7682791,0.82945514,0.74368876,0.7616068,0.80973595,0.71961725,0.7115519,0.7490455,0.71205515,0.80297744,0.7302191,0.85861516,0.8076903,0.6441966,0.82008374,0.81983805,0.8277411,0.76749176,0.7602064,0.66473526,0.84783185,0.7824955,0.8129716,0.7235388,0.7138606,0.8086295,0.8490416,0.7751589,0.59949666,0.8163667,0.75581,0.7896835,0.61443305,0.7732861,0.7842951,0.741218,0.65203726,0.8265052,0.7508167,0.86194533,0.7556472,0.7741494,0.8301474,0.70826733,0.7431711,0.8245263
quorum_tatui_sp,0.6277461,0.911804,0.6815512,0.7661737,0.6905761,0.8774326,0.61902046,0.9229633,0.5776517,0.8588977,0.72445095,0.76866704,0.6115041,0.8001733,0.8161773,0.69751966,0.73213166,0.60294175,0.83071876,0.7772838,0.84138906,0.6518049,0.62146705,0.5380668,0.68945897,0.70648545,0.6524724,0.83321774,0.9058274,0.66722226,0.7401851,0.88109124,0.666814,0.6759281,0.71503377,0.7675432,0.739256,0.8158986,0.77952135,1.0000002,0.7683256,0.64646953,0.86635697,0.87028533,0.70564175,0.7253058,0.61273146,0.7232958,0.845146,0.6320776,0.77771795,0.7475904,0.8930205,0.7045357,0.77828914,0.8587996,0.9297716,0.71649396,0.63285947,0.8354114,0.5688328,0.6203538,0.65416896,0.65290785,0.6878344,0.6389189,0.9008624,0.72952425,0.60192215,0.8437582,0.82296765,0.74265754,0.684332,0.6711409,0.64770436,0.7105153,0.8006228,0.82774353,0.7288427,0.63052654,0.83596045,0.77701676,0.7100131,0.7021477,0.7259451,0.62157995,0.9205549,0.6296065,0.7084749,0.86208934,0.6300528,0.74826366,0.76265323,0.71509755,0.896029,0.72628653,0.7074754,0.7727586,0.62897813,0.5817872,0.6990252
quorum_diadema_sp,0.61136484,0.78621596,0.75655806,0.74224067,0.85415554,0.86211497,0.7546639,0.78947085,0.57639754,0.7948613,0.8074466,0.78637755,0.7656766,0.78603435,0.7153057,0.76813376,0.69997,0.7241777,0.77714646,0.7377082,0.716997,0.7902806,0.7240209,0.59151596,0.78108,0.8652426,0.7508093,0.803895,0.7594552,0.71236134,0.8206034,0.74185294,0.7624828,0.753406,0.8551354,0.8365743,0.68700373,0.6969106,0.8043926,0.7683256,0.99999994,0.7727953,0.71182394,0.8308936,0.71651006,0.70251787,0.7875209,0.76579607,0.7210783,0.76024294,0.73031175,0.71925694,0.6906642,0.85500324,0.79657173,0.67318714,0.8114559,0.70806617,0.75130266,0.7532463,0.76557636,0.71246094,0.7952572,0.5636722,0.7337676,0.77231383,0.828328,0.6481365,0.66037905,0.7297617,0.7712722,0.7295619,0.80042094,0.83460796,0.6574853,0.83047605,0.8666228,0.7796602,0.685068,0.74763346,0.7547386,0.78553164,0.6773604,0.60301936,0.7864541,0.7991036,0.709754,0.6418659,0.73947495,0.7180245,0.71590626,0.6284598,0.8526041,0.6465286,0.8254496,0.8805416,0.7745756,0.79136753,0.71486485,0.73752403,0.8337143
quorum_varzea_paulista_sp,0.5758013,0.714212,0.72449917,0.70759326,0.84160674,0.7396055,0.85718954,0.70200443,0.78621554,0.7120511,0.89505416,0.7704715,0.8284275,0.73443115,0.7324661,0.86173403,0.69777334,0.85591614,0.74132687,0.6926053,0.5921869,0.8664968,0.8709539,0.5821783,0.8437001,0.79998076,0.7781565,0.7725816,0.6909605,0.76036376,0.87133324,0.7010195,0.835114,0.815972,0.87533367,0.84515715,0.7721113,0.66232467,0.76198584,0.64646953,0.7727953,1.0000001,0.68944216,0.74704003,0.77919674,0.7076113,0.8608217,0.8140228,0.6372756,0.85615057,0.70479935,0.8406078,0.6834898,0.7952706,0.8132001,0.63218606,0.66172975,0.81893194,0.8205287,0.73475736,0.84121406,0.87390226,0.8590032,0.55179095,0.8346193,0.86712354,0.7184214,0.5917249,0.8138433,0.70817375,0.77109385,0.728399,0.8915329,0.81529325,0.8258429,0.88967574,0.790993,0.6845,0.6849877,0.85214853,0.7596898,0.7721218,0.72733736,0.5528057,0.7745973,0.8670145,0.67208254,0.72081727,0.75290775,0.7404547,0.84632885,0.6269206,0.81436455,0.7361955,0.7498319,0.82935727,0.7292557,0.74747884,0.7996737,0.8272846,0.855566
quorum_jau_sp,0.6723583,0.92309356,0.6542532,0.82912785,0.68330836,0.8330009,0.6376587,0.89972246,0.57004434,0.8421812,0.74790716,0.7047088,0.6266047,0.7838932,0.8688144,0.7267797,0.70118237,0.64531636,0.8699765,0.7517833,0.78195584,0.67240095,0.6626172,0.58125407,0.70794064,0.64563036,0.67833745,0.84552914,0.9238304,0.6591849,0.7323201,0.91219574,0.7054876,0.653492,0.7132886,0.75004804,0.7733526,0.6966772,0.8052281,0.86635697,0.71182394,0.68944216,1.0000002,0.83152443,0.72851723,0.7181978,0.63638735,0.76990664,0.77971864,0.6309783,0.80210257,0.77023107,0.9242815,0.69219923,0.7838172,0.9217047,0.82275546,0.7037741,0.6938185,0.932775,0.5763774,0.6342856,0.68612444,0.66656995,0.7386379,0.6459319,0.8431308,0.75406504,0.63241863,0.85487825,0.7337916,0.7832965,0.68700194,0.6625525,0.680282,0.7481813,0.754742,0.77453697,0.6906136,0.6436933,0.76593,0.7938447,0.6950024,0.67412126,0.7536234,0.63630617,0.9023736,0.5988716,0.6856752,0.9096744,0.67155874,0.72539604,0.7374136,0.72523093,0.9034548,0.677493,0.72396857,0.779111,0.64728916,0.5865843,0.6996467
quorum_sao_caetano_do_sul_sp,0.791927,0.85198224,0.7855148,0.9094238,0.75982493,0.90744007,0.70550394,0.8692615,0.5987223,0.90910316,0.7891644,0.77600706,0.7011963,0.8490062,0.8699502,0.78313327,0.78072166,0.67942476,0.8650995,0.7401017,0.75080925,0.6932355,0.6803427,0.59734654,0.75721526,0.7778718,0.7344235,0.8898672,0.86753476,0.690378,0.785853,0.8635109,0.70077574,0.6986569,0.8021279,0.8491746,0.77281713,0.76868224,0.87411714,0.87028533,0.8308936,0.74704003,0.83152443,0.9999999,0.72592676,0.705518,0.7168955,0.7642188,0.8590955,0.73677,0.7994733,0.72544783,0.82384074,0.77844584,0.8161261,0.7939863,0.9348896,0.72795796,0.70003194,0.8862642,0.6942333,0.6796149,0.7251369,0.7214712,0.7378063,0.71444076,0.91555643,0.7935866,0.63119245,0.87529963,0.81761885,0.78029287,0.73395324,0.7906595,0.64973676,0.8085278,0.8631164,0.86578643,0.71952736,0.6884415,0.804964,0.8552439,0.7584313,0.6127792,0.76532865,0.6940721,0.8683155,0.60914624,0.7408743,0.8194345,0.6937642,0.6602081,0.7850878,0.7472355,0.9038246,0.8049089,0.7270316,0.80564314,0.6552142,0.6666049,0.765909
quorum_jandira_sp,0.5678886,0.75138056,0.7034055,0.68991745,0.7296051,0.72876763,0.70424914,0.73209584,0.70906985,0.7293254,0.80139565,0.75584966,0.7494252,0.7462598,0.7351582,0.76382506,0.77789545,0.75542265,0.73812807,0.79506385,0.7318724,0.75050557,0.86008626,0.54708016,0.77276576,0.7157496,0.7446188,0.7852631,0.66951275,0.7217678,0.79995096,0.7466438,0.7828779,0.79866517,0.7556875,0.77562535,0.72046167,0.7078291,0.77725387,0.70564175,0.71651006,0.77919674,0.72851723,0.72592676,1.0000001,0.770397,0.72511286,0.7568096,0.65830404,0.75763875,0.78058136,0.77962124,0.69742584,0.7157696,0.7906345,0.65849495,0.71359825,0.7919965,0.7148297,0.69917506,0.6913118,0.70875937,0.8307332,0.53661776,0.93542236,0.7917722,0.7592244,0.63258123,0.7449701,0.7172998,0.77916,0.7868602,0.8135465,0.7213434,0.79239035,0.79897356,0.7645421,0.7127701,0.67767465,0.8085067,0.8024664,0.72421384,0.6618844,0.6482605,0.8375037,0.7642902,0.70604163,0.71805036,0.75392985,0.7218223,0.8675487,0.720716,0.7455529,0.70248246,0.74389577,0.7679657,0.7401537,0.7789383,0.92767763,0.7170239,0.8231399
quorum_itapetininga_sp,0.56238365,0.7012764,0.63774467,0.6537919,0.7346051,0.70401645,0.6439855,0.66994554,0.662136,0.68461704,0.71761245,0.6590507,0.6938968,0.75551486,0.7262263,0.69519866,0.732198,0.73731166,0.65296584,0.84760046,0.76258445,0.71677893,0.74696267,0.5184998,0.78468764,0.64135534,0.64506996,0.7685267,0.6843589,0.63950807,0.7758039,0.718883,0.6939131,0.6958817,0.7144809,0.75420016,0.7364103,0.66898286,0.69475734,0.7253058,0.70251787,0.7076113,0.7181978,0.705518,0.770397,1.0000001,0.6184423,0.7372276,0.64097124,0.7395266,0.8623849,0.7166266,0.68201184,0.71679175,0.7291638,0.6290771,0.7214196,0.6873567,0.645092,0.6837913,0.5816921,0.66590834,0.6757965,0.49821573,0.78568447,0.7339933,0.6883315,0.62207353,0.75439924,0.7160383,0.7219131,0.78731894,0.7384472,0.6634121,0.7180051,0.71109986,0.74764574,0.7215566,0.6599543,0.72120535,0.72714823,0.72405237,0.6489724,0.732145,0.74479043,0.65748346,0.6831436,0.69263387,0.7249901,0.66585445,0.7504314,0.81115234,0.6785357,0.7407043,0.7065939,0.67297655,0.8138728,0.7242834,0.7656234,0.6595743,0.75396574
quorum_aracatuca_sp,0.616424,0.70655775,0.72081316,0.6866188,0.8273128,0.7298808,0.93403345,0.69490457,0.6292049,0.7107066,0.88798165,0.7928042,0.84767866,0.7064297,0.6855446,0.88090056,0.63647044,0.7368596,0.749889,0.6211674,0.55265784,0.842535,0.7877291,0.5517136,0.8266263,0.88243365,0.8584194,0.7647213,0.64870524,0.85714674,0.8318404,0.69538474,0.8150401,0.7878504,0.8051677,0.81661046,0.71741486,0.6596067,0.7726841,0.61273146,0.7875209,0.8608217,0.63638735,0.7168955,0.72511286,0.6184423,1.0,0.74412096,0.62463427,0.8251056,0.61649,0.7930275,0.64659476,0.7892808,0.8154327,0.6065005,0.6419807,0.848734,0.8392889,0.6826941,0.9460405,0.88388526,0.83809173,0.61824286,0.7478495,0.818221,0.73342156,0.63004196,0.6976193,0.6758472,0.7918422,0.70191824,0.8353412,0.8644726,0.74756783,0.8842132,0.7562941,0.6988468,0.6147496,0.7876287,0.7468351,0.77093375,0.6981778,0.56303173,0.81931883,0.90493894,0.636687,0.76423436,0.79425496,0.72351843,0.776878,0.606861,0.8273448,0.62043905,0.7189543,0.80164367,0.74841064,0.7719089,0.7669488,0.84821343,0.8730202
quorum_itapecerica_da_serra_sp,0.6054194,0.7590424,0.6863953,0.7483858,0.7967473,0.7619853,0.7403833,0.7325871,0.72509634,0.7210983,0.797299,0.7223141,0.76926875,0.8131325,0.7729904,0.77840126,0.7559323,0.8019735,0.7373371,0.7584511,0.72314155,0.82387704,0.7873344,0.5944056,0.79748213,0.73933136,0.7607111,0.7983116,0.76014584,0.7364625,0.8318167,0.7553797,0.8555176,0.7522824,0.8153918,0.8079399,0.75289214,0.67774665,0.76205826,0.7232958,0.76579607,0.8140228,0.76990664,0.7642188,0.7568096,0.7372276,0.74412096,0.9999999,0.6720777,0.79217005,0.78192997,0.8134811,0.75534695,0.7802543,0.7754216,0.6981943,0.7096276,0.7510611,0.7667616,0.77302986,0.703961,0.761845,0.8338169,0.56752896,0.7770947,0.7592603,0.76417613,0.6513206,0.8003094,0.72114944,0.7230958,0.78595555,0.79497254,0.757576,0.7904688,0.7948142,0.8019409,0.7385546,0.77478516,0.8173312,0.73662156,0.7752229,0.67092156,0.6636195,0.75503385,0.74179214,0.710551,0.7349785,0.76327497,0.73956865,0.7796703,0.72998875,0.7838837,0.71952,0.7833936,0.78335756,0.7763663,0.759467,0.7471247,0.7561434,0.78527224
quorum_cruzeiro_sp,0.7208977,0.79819334,0.7202762,0.80785525,0.65432703,0.8444671,0.6275493,0.8059596,0.49314898,0.8675776,0.71015275,0.7043972,0.6121842,0.7582886,0.83083975,0.7012837,0.732527,0.56280184,0.7372631,0.6964341,0.7210579,0.6503935,0.5800033,0.64673626,0.65350324,0.69896656,0.6647781,0.8063103,0.8145658,0.65137637,0.68655497,0.8087482,0.61707604,0.64926445,0.6636551,0.72570103,0.72031397,0.7376157,0.78869975,0.845146,0.7210783,0.6372756,0.77971864,0.8590955,0.65830404,0.64097124,0.62463427,0.6720777,0.9999999,0.638299,0.73111904,0.65869886,0.77497184,0.66775835,0.738876,0.7459583,0.87501764,0.6500844,0.6133098,0.76290405,0.59201777,0.6072195,0.64896846,0.7376278,0.6426639,0.5737112,0.86321515,0.77679014,0.5518347,0.8210542,0.77218175,0.72728074,0.61492836,0.6904153,0.58269495,0.702906,0.7906724,0.8292927,0.681207,0.59718996,0.77159214,0.79317296,0.75251174,0.58250856,0.67777634,0.600343,0.80441284,0.6067662,0.6870228,0.7659968,0.60747075,0.6676952,0.6932409,0.69167733,0.78331465,0.6969729,0.6604297,0.7326962,0.57893574,0.6168617,0.6734829
quorum_caieiras_sp,0.5840157,0.64487225,0.7079579,0.6751132,0.84094197,0.7290474,0.8364773,0.6492708,0.7806972,0.67605174,0.82628936,0.724467,0.8579786,0.72042036,0.70853233,0.7965431,0.72182477,0.85201037,0.6407138,0.7046544,0.6144434,0.8492676,0.8870779,0.6079602,0.7993717,0.84495735,0.8697217,0.72001165,0.65250576,0.7743645,0.8558891,0.6252477,0.79222965,0.8396008,0.86221075,0.79574054,0.7705571,0.66252965,0.7597251,0.6320776,0.76024294,0.85615057,0.6309783,0.73677,0.75763875,0.7395266,0.8251056,0.79217005,0.638299,1.0000001,0.702441,0.7797869,0.65508467,0.8067068,0.7765186,0.51610684,0.67940605,0.8091394,0.77044713,0.6946758,0.7989782,0.84697837,0.8321727,0.5481857,0.8155307,0.85101855,0.7074046,0.58871067,0.8592592,0.66258526,0.7617956,0.7786992,0.85201526,0.89010596,0.82972646,0.81485903,0.77886784,0.6809635,0.64296037,0.89040095,0.7312015,0.73601174,0.7003264,0.57254404,0.82625514,0.8105891,0.6129277,0.7643637,0.8376974,0.64680916,0.8906334,0.612049,0.76123154,0.77412724,0.69273996,0.83365136,0.7313117,0.6942557,0.78735524,0.9119314,0.86822295
quorum_poa_sp,0.6609582,0.7780479,0.68348646,0.78066456,0.7187413,0.79176164,0.62907463,0.7483946,0.61969817,0.77684724,0.75152093,0.67183006,0.67194533,0.8292657,0.82598543,0.74199307,0.81393397,0.7195778,0.73643947,0.91490847,0.81085515,0.7047559,0.7172472,0.5720387,0.7638797,0.63422596,0.65108657,0.8445721,0.7611611,0.6682568,0.7862493,0.8042937,0.6949529,0.6798843,0.71750045,0.7979474,0.75830764,0.6838043,0.7981093,0.77771795,0.73031175,0.70479935,0.80210257,0.7994733,0.78058136,0.8623849,0.61649,0.78192997,0.73111904,0.702441,1.0000004,0.70879304,0.7309034,0.7203905,0.73579085,0.7217169,0.7965624,0.66716135,0.6496369,0.7596507,0.5758355,0.64676166,0.67478514,0.59112763,0.81058747,0.6836813,0.7666185,0.7079128,0.7132014,0.7737464,0.72255266,0.80066025,0.71123546,0.66141105,0.70101345,0.75453055,0.7867719,0.7816325,0.7245102,0.7014274,0.7496226,0.75998485,0.6797931,0.7262312,0.7663777,0.62616944,0.7403585,0.629925,0.72214544,0.7295392,0.7218052,0.8154438,0.7177181,0.74611896,0.800873,0.6984373,0.8225856,0.80824375,0.7141989,0.63711965,0.7264648
quorum_ubatuba_sp,0.5818427,0.7823993,0.64585686,0.67440796,0.80875826,0.72157764,0.83073556,0.776683,0.74589336,0.692342,0.82103574,0.750674,0.78600645,0.8104011,0.74945104,0.81062317,0.67880094,0.77229404,0.782617,0.7237169,0.7404429,0.8345545,0.82681763,0.51922107,0.7908269,0.74448067,0.7727852,0.78672206,0.74823785,0.8225441,0.83863544,0.7785977,0.8402345,0.8064186,0.7971673,0.79572904,0.78036916,0.6899437,0.6939292,0.7475904,0.71925694,0.8406078,0.77023107,0.72544783,0.77962124,0.7166266,0.7930275,0.8134811,0.65869886,0.7797869,0.70879304,0.99999976,0.8050821,0.7609733,0.82108647,0.70071816,0.68970776,0.87258863,0.8111257,0.7785692,0.78468597,0.8178431,0.8082109,0.582827,0.77308697,0.79396236,0.78018713,0.61921674,0.8134793,0.7345346,0.7741872,0.7764628,0.80244946,0.778486,0.853546,0.7951721,0.75062513,0.7043247,0.679381,0.80769587,0.79749286,0.7680117,0.69588023,0.7124127,0.7914015,0.81576717,0.7605124,0.8144143,0.79590535,0.8328105,0.8145018,0.7568624,0.7678355,0.70956326,0.80064934,0.7464458,0.7558547,0.76627254,0.80886173,0.7336483,0.797912
quorum_itu_sp,0.6412157,0.9005357,0.6746063,0.7848084,0.69900995,0.83231807,0.6468954,0.9226761,0.6096059,0.8214618,0.73767745,0.7434454,0.61388636,0.7687026,0.82629263,0.7117547,0.6846031,0.62385905,0.84182465,0.71690726,0.79030275,0.6592481,0.67310345,0.54717,0.6901474,0.6915785,0.6966551,0.7989749,0.933605,0.6743065,0.7307631,0.8734443,0.70212907,0.6681906,0.7245503,0.73807037,0.7545974,0.7433296,0.7622098,0.8930205,0.6906642,0.6834898,0.9242815,0.82384074,0.69742584,0.68201184,0.64659476,0.75534695,0.77497184,0.65508467,0.7309034,0.8050821,1.0,0.6822194,0.778612,0.87205344,0.8362192,0.75893927,0.69183636,0.92277277,0.58940136,0.650422,0.6806684,0.66496027,0.6981391,0.65488935,0.8603796,0.7258213,0.6378921,0.83360124,0.78631526,0.7668676,0.7015666,0.69578695,0.6861982,0.7141488,0.74319845,0.78542686,0.70708835,0.6425425,0.80000174,0.7953646,0.7101379,0.680568,0.7230035,0.65434754,0.9162611,0.6460508,0.7101923,0.89222765,0.6819754,0.70943415,0.74353683,0.6947433,0.8901488,0.6853467,0.6897173,0.73954487,0.6435363,0.5851472,0.6979023
quorum_mogi_mirim_sp,0.5826698,0.73132503,0.7146316,0.6900771,0.87931144,0.77584386,0.8032274,0.73461735,0.6564427,0.7035553,0.77735674,0.75360084,0.86735255,0.752208,0.7156645,0.80717754,0.63472676,0.760355,0.7606683,0.72922623,0.63099974,0.8013755,0.75551367,0.55206746,0.7786383,0.8678689,0.78204554,0.7657423,0.7248938,0.7578104,0.83638084,0.7136047,0.8243048,0.7820813,0.8981781,0.8144433,0.7193421,0.6277969,0.7366471,0.7045357,0.85500324,0.7952706,0.69219923,0.77844584,0.7157696,0.71679175,0.7892808,0.7802543,0.66775835,0.8067068,0.7203905,0.7609733,0.6822194,0.9999999,0.73210347,0.6532787,0.7314121,0.76397276,0.7615547,0.7289658,0.76902676,0.7654318,0.81919944,0.5086212,0.72258186,0.7662522,0.77074224,0.5559714,0.7005104,0.696635,0.72611064,0.6803185,0.79652524,0.86464715,0.7664248,0.79106665,0.8675995,0.71755445,0.6462003,0.7846003,0.71742415,0.72767174,0.6439317,0.6376445,0.808905,0.78371716,0.69507813,0.66098464,0.79286593,0.7305599,0.75467,0.65748024,0.8124032,0.660221,0.75327563,0.89106387,0.7574246,0.7488901,0.75132847,0.771854,0.8132694
quorum_cubatao_sp,0.6436192,0.79757166,0.7583513,0.7600695,0.78305924,0.79289806,0.83268595,0.7967849,0.6967145,0.8142827,0.86433727,0.84039867,0.7823979,0.8120053,0.7747367,0.83224744,0.7535222,0.7751895,0.8096937,0.72560835,0.7107445,0.8277166,0.8073679,0.58015347,0.8728435,0.771479,0.820589,0.84022623,0.74408174,0.7799763,0.8367698,0.79976416,0.79001856,0.7629295,0.7575468,0.82806695,0.78486645,0.8567074,0.82301295,0.77828914,0.79657173,0.8132001,0.7838172,0.8161261,0.7906345,0.7291638,0.8154327,0.7754216,0.738876,0.7765186,0.73579085,0.82108647,0.778612,0.73210347,1.0,0.7310065,0.7971385,0.8808881,0.8193396,0.79659843,0.79633224,0.79167366,0.79671794,0.6510656,0.811773,0.82980514,0.83943814,0.75654376,0.75494415,0.78401566,0.89229715,0.8118298,0.824074,0.7747588,0.778005,0.86698306,0.77096754,0.79038334,0.6915804,0.78996706,0.8851591,0.83379495,0.7547419,0.6812077,0.7929888,0.82635427,0.7944623,0.7549492,0.7967883,0.78819466,0.8075739,0.73979706,0.8599239,0.7219784,0.82036877,0.728631,0.82749844,0.80957174,0.78659594,0.7570318,0.834972
quorum_hortolandia_sp,0.6346818,0.9207242,0.6236342,0.78229135,0.6278782,0.8066007,0.6044637,0.90166765,0.50049293,0.82454973,0.68953,0.687517,0.5806578,0.72658205,0.82059777,0.6925246,0.6294693,0.57330424,0.886317,0.6811192,0.72817254,0.5916944,0.5690959,0.50591177,0.67052114,0.60609007,0.58740795,0.8160567,0.8954663,0.62766224,0.687657,0.89587677,0.6604644,0.57883364,0.65526474,0.72910815,0.6974181,0.6894686,0.7682791,0.8587996,0.67318714,0.63218606,0.9217047,0.7939863,0.65849495,0.6290771,0.6065005,0.6981943,0.7459583,0.51610684,0.7217169,0.70071816,0.87205344,0.6532787,0.7310065,1.0000001,0.7975692,0.6467922,0.6465754,0.8699086,0.54351175,0.59360206,0.623883,0.6504954,0.65232676,0.59508014,0.81412995,0.75150216,0.5320867,0.82171553,0.71395093,0.6990601,0.6501508,0.58678603,0.58606344,0.68606687,0.70405823,0.7442708,0.66395235,0.55781627,0.7371944,0.7573401,0.6510218,0.6409936,0.6637186,0.59256077,0.8932797,0.522635,0.61151516,0.89782697,0.57359457,0.6744535,0.7383138,0.64708114,0.86951137,0.6233219,0.6699655,0.76415086,0.57106256,0.51110375,0.63340616
quorum_valinhos_sp,0.70853144,0.8529353,0.7606789,0.8092797,0.729792,0.8964571,0.64780223,0.87457776,0.5660718,0.89519244,0.74702704,0.76523846,0.64566207,0.82259077,0.83276093,0.728159,0.7790922,0.6136158,0.80500007,0.77111703,0.81061566,0.6607969,0.63247395,0.5690731,0.6885035,0.74785125,0.6865905,0.87729657,0.8696138,0.68635166,0.75427616,0.8592602,0.65230215,0.6794975,0.7436892,0.802452,0.7427138,0.80185306,0.82945514,0.9297716,0.8114559,0.66172975,0.82275546,0.9348896,0.71359825,0.7214196,0.6419807,0.7096276,0.87501764,0.67940605,0.7965624,0.68970776,0.8362192,0.7314121,0.7971385,0.7975692,1.0000001,0.7148881,0.63554704,0.8232212,0.61187476,0.6178092,0.6699904,0.68131,0.7113042,0.6660204,0.91973776,0.77211285,0.5838498,0.8873882,0.83277273,0.76417494,0.6925281,0.7328824,0.61565804,0.7480609,0.8486685,0.86844933,0.7169162,0.63461363,0.83772314,0.7999424,0.7269376,0.65705544,0.74377877,0.64521545,0.86853075,0.61132896,0.72585464,0.8041179,0.6465242,0.7012362,0.7591053,0.72797036,0.86562085,0.759307,0.7185161,0.807395,0.63196516,0.61746556,0.73045945
quorum_lins_sp,0.57674,0.7426751,0.6971719,0.6536342,0.79998577,0.7208921,0.8462489,0.75074065,0.700616,0.70412445,0.83794856,0.7835275,0.825312,0.7587267,0.73276496,0.8240169,0.66075206,0.74391025,0.7427222,0.66758746,0.64518654,0.8149133,0.8329965,0.50384426,0.8143234,0.8129753,0.82779783,0.77117604,0.6990504,0.86865497,0.8287343,0.7518434,0.8775846,0.81160176,0.79332054,0.7749301,0.74187726,0.7751057,0.74368876,0.71649396,0.70806617,0.81893194,0.7037741,0.72795796,0.7919965,0.6873567,0.848734,0.7510611,0.6500844,0.8091394,0.66716135,0.87258863,0.75893927,0.76397276,0.8808881,0.6467922,0.7148881,1.0000001,0.8121965,0.72757566,0.8172878,0.808038,0.82902515,0.61041474,0.795111,0.82346666,0.7750622,0.64207953,0.7467282,0.72204924,0.8629856,0.7612629,0.832548,0.82396793,0.8522306,0.8108636,0.7267632,0.7015407,0.5882505,0.79467076,0.8676232,0.74692065,0.698334,0.672343,0.83750874,0.87841475,0.7276484,0.8201907,0.82302874,0.77817225,0.8243288,0.6950638,0.8081231,0.678993,0.75337696,0.74417853,0.7463862,0.7773936,0.80153966,0.7690768,0.82724947
quorum_embu_das_artes_sp,0.60220975,0.7235547,0.68506014,0.6653327,0.77104414,0.7359834,0.80132794,0.72409654,0.656417,0.6830528,0.79285705,0.7613864,0.80320656,0.71009004,0.71651745,0.7889196,0.6398362,0.75668716,0.7634616,0.6595514,0.5982727,0.8429467,0.7822626,0.514014,0.81911576,0.75735414,0.7875179,0.73562217,0.6586163,0.7703786,0.7894597,0.69812953,0.81506944,0.7525413,0.76775837,0.7672396,0.6993133,0.7268607,0.7616068,0.63285947,0.75130266,0.8205287,0.6938185,0.70003194,0.7148297,0.645092,0.8392889,0.7667616,0.6133098,0.77044713,0.6496369,0.8111257,0.69183636,0.7615547,0.8193396,0.6465754,0.63554704,0.8121965,0.9999999,0.7216368,0.8322839,0.7787071,0.8063774,0.5461821,0.7207773,0.78589404,0.7051116,0.621107,0.7254231,0.67237055,0.71776736,0.7397017,0.797024,0.7710727,0.7514047,0.79994744,0.70331025,0.6957436,0.6233405,0.7709634,0.70091236,0.8426126,0.6687542,0.59439224,0.74581474,0.82432556,0.70499647,0.699929,0.72776246,0.75240284,0.76295036,0.65295815,0.79902226,0.6368778,0.7516665,0.72546375,0.79224896,0.7350403,0.752064,0.7519572,0.7816759
quorum_sao_carlos_sp,0.7143814,0.8736298,0.72862947,0.8733479,0.74492204,0.84186256,0.6729144,0.88673705,0.6254368,0.8427411,0.74888074,0.7521693,0.65188634,0.77904266,0.8437471,0.73151577,0.6896883,0.7037361,0.8845309,0.6934757,0.7419808,0.67696595,0.70237184,0.6034758,0.74772155,0.700678,0.70293325,0.8233019,0.9181434,0.6447609,0.76139426,0.8662066,0.7081007,0.6621127,0.7642449,0.77744925,0.7870884,0.70613605,0.80973595,0.8354114,0.7532463,0.73475736,0.932775,0.8862642,0.69917506,0.6837913,0.6826941,0.77302986,0.76290405,0.6946758,0.7596507,0.7785692,0.92277277,0.7289658,0.79659843,0.8699086,0.8232212,0.72757566,0.7216368,1.0,0.6470383,0.6749493,0.708334,0.6767685,0.7273822,0.70305514,0.84156245,0.7623607,0.6828871,0.82186544,0.752475,0.78025436,0.72851014,0.7186344,0.69786215,0.75948524,0.76476634,0.7791668,0.67739,0.67985135,0.75418586,0.8293433,0.7416136,0.6283773,0.7327585,0.6760899,0.9039258,0.618924,0.6998162,0.8697311,0.70399517,0.6605383,0.76372826,0.728142,0.9234555,0.7241235,0.7268176,0.7347618,0.65384376,0.6255307,0.7130604
quorum_mairipora_sp,0.5572164,0.63890713,0.7140118,0.6336132,0.79698133,0.6751565,0.9074272,0.65015477,0.64654374,0.6495466,0.8471484,0.7887043,0.8385451,0.6674551,0.6399493,0.8368113,0.62000597,0.7543839,0.72904444,0.5903146,0.5241445,0.843385,0.778243,0.5170341,0.8058977,0.8405509,0.8148988,0.72075176,0.58180237,0.81211007,0.7965771,0.6273924,0.7728086,0.79915845,0.7666954,0.7782616,0.69255793,0.64356387,0.71961725,0.5688328,0.76557636,0.84121406,0.5763774,0.6942333,0.6913118,0.5816921,0.9460405,0.703961,0.59201777,0.7989782,0.5758355,0.78468597,0.58940136,0.76902676,0.79633224,0.54351175,0.61187476,0.8172878,0.8322839,0.6470383,0.9999995,0.86361694,0.83987427,0.53718704,0.71357244,0.8357432,0.70659673,0.56776416,0.7082145,0.6406779,0.75769323,0.640555,0.8263465,0.82753587,0.7401786,0.85471296,0.7078723,0.66796124,0.5854143,0.79753697,0.71993494,0.7325464,0.6805537,0.5563001,0.7765148,0.8949404,0.59761626,0.7310061,0.75815934,0.68429625,0.7595439,0.5796773,0.7845858,0.58986217,0.6819451,0.7581017,0.7017592,0.7001921,0.7445533,0.833593,0.831838
quorum_atibaia_sp,0.56932735,0.67534673,0.6739067,0.65924984,0.8123108,0.70406365,0.91776586,0.6642045,0.7258142,0.6806374,0.8692745,0.7557771,0.815418,0.72184736,0.69109786,0.8576702,0.65398836,0.815889,0.69965863,0.6474848,0.57115,0.8784863,0.80220836,0.4713562,0.8242816,0.80480266,0.8359099,0.72742164,0.63668966,0.78705597,0.82515,0.6472978,0.8054497,0.7579024,0.77654743,0.77264404,0.7279769,0.66128296,0.7115519,0.6203538,0.71246094,0.87390226,0.6342856,0.6796149,0.70875937,0.66590834,0.88388526,0.761845,0.6072195,0.84697837,0.64676166,0.8178431,0.650422,0.7654318,0.79167366,0.59360206,0.6178092,0.808038,0.7787071,0.6749493,0.86361694,1.0000002,0.79836434,0.56451994,0.75469196,0.8057904,0.68759036,0.60506845,0.7977245,0.61718345,0.7566811,0.7006436,0.8313054,0.81759655,0.81272846,0.8592055,0.7183605,0.6676394,0.61997783,0.8388647,0.748026,0.7197121,0.70921093,0.6135834,0.79636467,0.8122522,0.62679386,0.7653896,0.8280612,0.69719833,0.7875769,0.64903164,0.80794895,0.6547309,0.6814991,0.7418114,0.76086056,0.6968637,0.7550285,0.90028566,0.8120539
quorum_bauru_sp,0.58627355,0.7207023,0.7484249,0.70259416,0.830642,0.7436609,0.8169019,0.72548187,0.7313745,0.713068,0.8564048,0.74734956,0.8961689,0.7334961,0.6914407,0.8242303,0.7046802,0.83241224,0.7495194,0.69043505,0.61631584,0.8598202,0.863543,0.56218976,0.8075127,0.82789767,0.80699325,0.7884482,0.6799066,0.7775543,0.8515425,0.7133885,0.8946313,0.9095513,0.850174,0.8005887,0.68973184,0.66908836,0.7490455,0.65416896,0.7952572,0.8590032,0.68612444,0.7251369,0.8307332,0.6757965,0.83809173,0.8338169,0.64896846,0.8321727,0.67478514,0.8082109,0.6806684,0.81919944,0.79671794,0.623883,0.6699904,0.82902515,0.8063774,0.708334,0.83987427,0.79836434,1.0000002,0.5597065,0.8250433,0.83831376,0.7637291,0.5958791,0.7816,0.69995624,0.75847983,0.741369,0.8629569,0.81943566,0.82994175,0.8573707,0.7864729,0.70932853,0.6522358,0.91333294,0.74997425,0.752931,0.7114353,0.5882755,0.83518475,0.86779606,0.67192113,0.7926464,0.7823227,0.73683625,0.84670335,0.63853335,0.781531,0.66717297,0.7405033,0.8352152,0.7146857,0.76206684,0.815004,0.84290487,0.8562428
quorum_franca_sp,0.8157226,0.7024851,0.6152318,0.7728225,0.56339717,0.71720874,0.5927098,0.70274115,0.4036487,0.78580165,0.6547568,0.5459083,0.5270694,0.64629626,0.73711705,0.6396375,0.5920069,0.45585543,0.65116173,0.5209371,0.5956451,0.5482284,0.49582934,0.47782552,0.6181239,0.60797733,0.59927744,0.7271327,0.6907537,0.6325812,0.5928977,0.7210813,0.57229644,0.53741264,0.55476785,0.6242517,0.5823729,0.5926546,0.71205515,0.65290785,0.5636722,0.55179095,0.66656995,0.7214712,0.53661776,0.49821573,0.61824286,0.56752896,0.7376278,0.5481857,0.59112763,0.582827,0.66496027,0.5086212,0.6510656,0.6504954,0.68131,0.61041474,0.5461821,0.6767685,0.53718704,0.56451994,0.5597065,1.0000001,0.53245854,0.5025739,0.7134615,0.81495273,0.46296272,0.71373546,0.6488405,0.7048781,0.5277575,0.6046376,0.50507987,0.6366317,0.63345325,0.740553,0.52666026,0.5086183,0.6650604,0.7297919,0.70594895,0.45699906,0.6211808,0.54441726,0.68630683,0.6004437,0.60513794,0.68214947,0.5109433,0.517707,0.6037661,0.5939362,0.68496436,0.55791444,0.60677266,0.6454809,0.47492334,0.5463268,0.58801854
quorum_guaruja_sp,0.5868484,0.7468804,0.7141436,0.70065236,0.7732011,0.75471413,0.7359022,0.7185017,0.7674693,0.7415893,0.8252156,0.7535687,0.7519606,0.7415938,0.7471562,0.7793827,0.76516485,0.8477384,0.72908103,0.79753447,0.6910584,0.77181125,0.9248214,0.59984404,0.8170646,0.7278925,0.74136764,0.8018644,0.67641646,0.7247577,0.85540855,0.7443925,0.7812309,0.798917,0.80906403,0.83913517,0.7964212,0.6983019,0.80297744,0.6878344,0.7337676,0.8346193,0.7386379,0.7378063,0.93542236,0.78568447,0.7478495,0.7770947,0.6426639,0.8155307,0.81058747,0.77308697,0.6981391,0.72258186,0.811773,0.65232676,0.7113042,0.795111,0.7207773,0.7273822,0.71357244,0.75469196,0.8250433,0.53245854,1.0000006,0.86152804,0.7494316,0.6378329,0.8251097,0.7156662,0.7870295,0.8006135,0.8768482,0.7383408,0.8245241,0.82180417,0.76063764,0.7161844,0.71664137,0.8494048,0.7990613,0.73377764,0.70342505,0.62288415,0.8208564,0.79064095,0.6930908,0.7047479,0.7565919,0.71872485,0.9300335,0.69369,0.7727945,0.7784337,0.7644819,0.7704957,0.75482213,0.7818509,0.88669133,0.776422,0.84670776
quorum_sao_jose_do_rio_preto_sp,0.5291453,0.6834922,0.75772846,0.63702226,0.8303686,0.7001659,0.81298584,0.6878097,0.82026327,0.6632335,0.8096316,0.8003764,0.7974225,0.68403614,0.6540929,0.75190145,0.68114316,0.91060054,0.71627724,0.7067328,0.61655396,0.8190979,0.9150801,0.5791106,0.8403274,0.8125624,0.7551379,0.7336613,0.61900246,0.7246027,0.86739504,0.64461315,0.7829183,0.8363162,0.8485153,0.84200054,0.7585581,0.71306646,0.7302191,0.6389189,0.77231383,0.86712354,0.6459319,0.71444076,0.7917722,0.7339933,0.818221,0.7592603,0.5737112,0.85101855,0.6836813,0.79396236,0.65488935,0.7662522,0.82980514,0.59508014,0.6660204,0.82346666,0.78589404,0.70305514,0.8357432,0.8057904,0.83831376,0.5025739,0.86152804,1.0000001,0.7027296,0.58578205,0.8635887,0.66099083,0.8147968,0.73227835,0.9712642,0.7738583,0.8500987,0.81160414,0.7335621,0.6704755,0.6581125,0.8715377,0.7764415,0.72104585,0.7307011,0.6000496,0.7647325,0.88790613,0.6598361,0.7410705,0.7482412,0.6650552,0.8931554,0.61343896,0.80742717,0.738958,0.7305026,0.7867321,0.7298362,0.70351875,0.8202859,0.8028531,0.87165976
quorum_ferraz_de_vasconcelos_sp,0.69919944,0.889406,0.7612406,0.8261814,0.7376994,0.90476227,0.7346407,0.90129983,0.5838976,0.91052294,0.825862,0.8182967,0.72294474,0.8483488,0.84770876,0.81135917,0.7652984,0.6368073,0.85010386,0.7472539,0.7984284,0.7222918,0.6956879,0.6212647,0.74415517,0.79787815,0.76323557,0.8937795,0.86861557,0.7642001,0.7910231,0.8939598,0.7434377,0.750348,0.76830935,0.8245237,0.75303113,0.80123806,0.85861516,0.9008624,0.828328,0.7184214,0.8431308,0.91555643,0.7592244,0.6883315,0.73342156,0.76417613,0.86321515,0.7074046,0.7666185,0.78018713,0.8603796,0.77074224,0.83943814,0.81412995,0.91973776,0.7750622,0.7051116,0.84156245,0.70659673,0.68759036,0.7637291,0.7134615,0.7494316,0.7027296,0.9999999,0.7706314,0.61570543,0.8702887,0.85056686,0.7844894,0.7383038,0.79141164,0.6821196,0.816346,0.8322638,0.8651049,0.7374059,0.70791745,0.87388676,0.83056974,0.7584823,0.6494775,0.80091465,0.7357319,0.8647064,0.6909087,0.77910995,0.86307347,0.72088194,0.7089609,0.81891334,0.70204234,0.8965442,0.77783453,0.72604823,0.8440412,0.6968649,0.67162806,0.782897
quorum_votorantim_sp,0.8429967,0.76696074,0.7056353,0.83691555,0.61111593,0.7871213,0.60354304,0.74948823,0.49052405,0.8634167,0.68743753,0.6452478,0.55233026,0.72153604,0.8044341,0.66247195,0.6924629,0.5644084,0.73041874,0.65312386,0.6772271,0.60296327,0.5532677,0.5478145,0.7241267,0.6145032,0.6321988,0.7797668,0.7409912,0.6226571,0.6677443,0.7775254,0.6128082,0.54117465,0.5958223,0.6879715,0.68663365,0.7401154,0.8076903,0.72952425,0.6481365,0.5917249,0.75406504,0.7935866,0.63258123,0.62207353,0.63004196,0.6513206,0.77679014,0.58871067,0.7079128,0.61921674,0.7258213,0.5559714,0.75654376,0.75150216,0.77211285,0.64207953,0.621107,0.7623607,0.56776416,0.60506845,0.5958791,0.81495273,0.6378329,0.58578205,0.7706314,0.9999997,0.54984397,0.7408659,0.73621494,0.81621146,0.6153072,0.6061632,0.56662637,0.68418103,0.70453846,0.7972281,0.5699159,0.56469357,0.7352544,0.78515756,0.7512903,0.5815085,0.6416946,0.59906775,0.7541063,0.61536324,0.6718498,0.71544087,0.56949425,0.6483449,0.71057165,0.65970093,0.7494977,0.5885774,0.734624,0.6888466,0.54371953,0.5936732,0.6478584
quorum_mogi_guacu_sp,0.5036861,0.6168344,0.64742637,0.607915,0.82104945,0.6254973,0.7447119,0.60399365,0.87407154,0.5802817,0.73218274,0.67772263,0.7436782,0.68284,0.6274129,0.67807317,0.69708586,0.9437321,0.6146898,0.7257943,0.65835404,0.83123595,0.90968883,0.5796776,0.8046519,0.6685729,0.7091247,0.6824657,0.5914505,0.6713027,0.8624939,0.5858803,0.75228786,0.7767205,0.79425275,0.77787185,0.7658329,0.63882506,0.6441966,0.60192215,0.66037905,0.8138433,0.63241863,0.63119245,0.7449701,0.75439924,0.6976193,0.8003094,0.5518347,0.8592592,0.7132014,0.8134793,0.6378921,0.7005104,0.75494415,0.5320867,0.5838498,0.7467282,0.7254231,0.6828871,0.7082145,0.7977245,0.7816,0.46296272,0.8251097,0.8635887,0.61570543,0.54984397,1.0,0.57736754,0.6949396,0.7700604,0.85190237,0.70612943,0.88970375,0.7235415,0.6977631,0.6157375,0.6555437,0.89815474,0.6871363,0.6881947,0.68304557,0.65023816,0.7006587,0.735855,0.60508215,0.7784197,0.75863874,0.59718513,0.88997287,0.69473445,0.7114272,0.77495176,0.67472225,0.7126959,0.74926305,0.62983173,0.79354346,0.8172403,0.76465666
quorum_itanhaem_sp,0.72960234,0.8618401,0.70049024,0.81616753,0.69056565,0.85481143,0.68132174,0.85313976,0.55796605,0.8643993,0.771252,0.72123444,0.6790365,0.81211317,0.8770119,0.7646067,0.7428735,0.5950997,0.8222531,0.7320767,0.770455,0.6575695,0.64527327,0.554192,0.71000755,0.7011261,0.6792991,0.9118029,0.86938536,0.720242,0.7404088,0.9146377,0.68237144,0.7321549,0.7247519,0.7991719,0.76397055,0.71208215,0.82008374,0.8437582,0.7297617,0.70817375,0.85487825,0.87529963,0.7172998,0.7160383,0.6758472,0.72114944,0.8210542,0.66258526,0.7737464,0.7345346,0.83360124,0.696635,0.78401566,0.82171553,0.8873882,0.72204924,0.67237055,0.82186544,0.6406779,0.61718345,0.69995624,0.71373546,0.7156662,0.66099083,0.8702887,0.7408659,0.57736754,1.0,0.776504,0.76995087,0.6804048,0.70281374,0.6322315,0.7632108,0.80269563,0.8395312,0.6891232,0.63065463,0.7923221,0.81876326,0.7490853,0.6058607,0.7529892,0.66980547,0.8426434,0.63749766,0.6914618,0.84783256,0.6527287,0.68438077,0.7215353,0.7576052,0.8381261,0.7084632,0.69261444,0.83077717,0.6407851,0.5883585,0.7376794
quorum_franco_da_rocha_sp,0.64260185,0.7982488,0.81958055,0.73338753,0.7397343,0.81707025,0.791229,0.8174677,0.68346673,0.8153435,0.82930344,0.87201756,0.7301267,0.7748796,0.7713824,0.8032638,0.7725811,0.7000576,0.7940803,0.7545925,0.732598,0.76099205,0.7578599,0.6235573,0.8034841,0.84989697,0.78145814,0.8263861,0.7624219,0.7838204,0.84021115,0.79106987,0.7327348,0.75056374,0.75633055,0.8408824,0.7894859,0.8854703,0.81983805,0.82296765,0.7712722,0.77109385,0.7337916,0.81761885,0.77916,0.7219131,0.7918422,0.7230958,0.77218175,0.7617956,0.72255266,0.7741872,0.78631526,0.72611064,0.89229715,0.71395093,0.83277273,0.8629856,0.71776736,0.752475,0.75769323,0.7566811,0.75847983,0.6488405,0.7870295,0.8147968,0.85056686,0.73621494,0.6949396,0.776504,1.0000001,0.75514364,0.843065,0.76712,0.7438463,0.81076026,0.77739155,0.78460956,0.69506556,0.73546684,0.93773514,0.7919697,0.80301666,0.6784477,0.7801783,0.8264898,0.80345565,0.73634183,0.8004878,0.76332164,0.7704935,0.7176576,0.8414757,0.73157215,0.8039855,0.7548044,0.7540436,0.8049802,0.74718827,0.73577666,0.8742944
quorum_sao_roque_sp,0.744774,0.78613925,0.6853552,0.78693044,0.74542445,0.80201185,0.6904346,0.76186347,0.68124115,0.81057316,0.76811135,0.72249067,0.6987956,0.81976706,0.82146645,0.71746075,0.7543497,0.750369,0.72786975,0.77750146,0.7824486,0.77307224,0.76654506,0.5727954,0.79442966,0.6916797,0.73567474,0.8212812,0.74489236,0.7194799,0.79201835,0.77952254,0.7564008,0.7264715,0.7299932,0.7564242,0.75159,0.74411416,0.8277411,0.74265754,0.7295619,0.728399,0.7832965,0.78029287,0.7868602,0.78731894,0.70191824,0.78595555,0.72728074,0.7786992,0.80066025,0.7764628,0.7668676,0.6803185,0.8118298,0.6990601,0.76417494,0.7612629,0.7397017,0.78025436,0.640555,0.7006436,0.741369,0.7048781,0.8006135,0.73227835,0.7844894,0.81621146,0.7700604,0.76995087,0.75514364,1.0,0.7551974,0.7185104,0.7667899,0.7615979,0.77266085,0.7761245,0.6680646,0.7546509,0.78491294,0.82160944,0.7493874,0.6486857,0.78077996,0.71492594,0.74924624,0.771412,0.82980186,0.75385,0.7775578,0.7292098,0.75260216,0.76804423,0.78289604,0.719057,0.8041098,0.7514888,0.7376888,0.7251819,0.7715334
quorum_sao_joao_da_boa_vista_sp,0.5553308,0.741854,0.78209305,0.66622216,0.8425701,0.7593569,0.8208777,0.7446869,0.82438886,0.71327114,0.84356785,0.8223058,0.81054693,0.70729804,0.6930882,0.78797776,0.7017035,0.90918565,0.76039284,0.73853594,0.64972883,0.8317602,0.90680647,0.59821653,0.8349984,0.8472343,0.77448297,0.7654766,0.67813265,0.755035,0.8979119,0.68964934,0.8201065,0.8436146,0.8794712,0.8610785,0.77353203,0.7313509,0.76749176,0.684332,0.80042094,0.8915329,0.68700194,0.73395324,0.8135465,0.7384472,0.8353412,0.79497254,0.61492836,0.85201526,0.71123546,0.80244946,0.7015666,0.79652524,0.824074,0.6501508,0.6925281,0.832548,0.797024,0.72851014,0.8263465,0.8313054,0.8629569,0.5277575,0.8768482,0.9712642,0.7383038,0.6153072,0.85190237,0.6804048,0.843065,0.7551974,0.99999976,0.79182005,0.8572303,0.839103,0.7728161,0.6975936,0.69231975,0.88153386,0.80803525,0.7512115,0.7519363,0.61521643,0.78702945,0.8903742,0.698102,0.74026275,0.7787889,0.71504503,0.8837649,0.6372175,0.8487836,0.747471,0.7666582,0.82916915,0.7451891,0.7476153,0.8160051,0.82846093,0.90196383
quorum_ourinhos_sp,0.618971,0.7044449,0.73047435,0.7064891,0.86520594,0.7732954,0.85935426,0.72234005,0.6202979,0.7231494,0.8523768,0.7307955,0.85439193,0.781482,0.71693736,0.8431766,0.653781,0.71495724,0.71181095,0.65400934,0.60777,0.82109463,0.8057435,0.5762282,0.7594243,0.91458124,0.89387393,0.75859296,0.7083006,0.8343636,0.82854074,0.7000792,0.82502556,0.7900389,0.879645,0.8012848,0.70714104,0.6234829,0.7602064,0.6711409,0.83460796,0.81529325,0.6625525,0.7906595,0.7213434,0.6634121,0.8644726,0.757576,0.6904153,0.89010596,0.66141105,0.778486,0.69578695,0.86464715,0.7747588,0.58678603,0.7328824,0.82396793,0.7710727,0.7186344,0.82753587,0.81759655,0.81943566,0.6046376,0.7383408,0.7738583,0.79141164,0.6061632,0.70612943,0.70281374,0.76712,0.7185104,0.79182005,0.99999964,0.7382776,0.8412819,0.8104652,0.73071045,0.613617,0.7917974,0.74733835,0.76053035,0.65572023,0.5983641,0.86230844,0.82881916,0.6443958,0.7135279,0.8473183,0.7050865,0.8081462,0.608503,0.79169303,0.64926517,0.74506116,0.86679363,0.69726664,0.7678666,0.75267637,0.8416501,0.8514664
quorum_botucatu_sp,0.5031849,0.6860652,0.6604316,0.6186378,0.78627324,0.66680133,0.77706087,0.67939466,0.8743223,0.6294435,0.7799834,0.7208791,0.7831875,0.70607746,0.69532,0.739738,0.67275566,0.8807131,0.67935556,0.7140157,0.6350855,0.8325489,0.8787794,0.5349818,0.77057457,0.73268914,0.7471232,0.7251469,0.64117676,0.74334097,0.84347254,0.661585,0.83881867,0.8412552,0.7975733,0.74113536,0.75185144,0.6559582,0.66473526,0.64770436,0.6574853,0.8258429,0.680282,0.64973676,0.79239035,0.7180051,0.74756783,0.7904688,0.58269495,0.82972646,0.70101345,0.853546,0.6861982,0.7664248,0.778005,0.58606344,0.61565804,0.8522306,0.7514047,0.69786215,0.7401786,0.81272846,0.82994175,0.50507987,0.8245241,0.8500987,0.6821196,0.56662637,0.88970375,0.6322315,0.7438463,0.7667899,0.8572303,0.7382776,0.9999999,0.7605757,0.71815443,0.6550756,0.6301612,0.8787337,0.76897407,0.6768749,0.71845746,0.6406274,0.8169913,0.8019185,0.6704999,0.83243763,0.82481956,0.6993278,0.8674365,0.67714435,0.7418227,0.7504777,0.6950913,0.7459439,0.73327744,0.6682324,0.7850389,0.80691004,0.7956464
quorum_santana_de_parnaiba_sp,0.64514244,0.76553375,0.7644596,0.77432454,0.79137397,0.79511213,0.88889027,0.7595364,0.64154387,0.80908436,0.98559904,0.7920795,0.8467045,0.80075437,0.7771188,0.94227076,0.742391,0.7803668,0.81653863,0.74216735,0.67504907,0.84884536,0.7991216,0.544178,0.84403205,0.837147,0.87108517,0.8497369,0.7280886,0.8159578,0.84683484,0.79238445,0.82765085,0.81996036,0.8041084,0.851398,0.7310968,0.7079787,0.84783185,0.7105153,0.83047605,0.88967574,0.7481813,0.8085278,0.79897356,0.71109986,0.8842132,0.7948142,0.702906,0.81485903,0.75453055,0.7951721,0.7141488,0.79106665,0.86698306,0.68606687,0.7480609,0.8108636,0.79994744,0.75948524,0.85471296,0.8592055,0.8573707,0.6366317,0.82180417,0.81160414,0.816346,0.68418103,0.7235415,0.7632108,0.81076026,0.7615979,0.839103,0.8412819,0.7605757,1.0000004,0.78568125,0.7748964,0.7018412,0.8419633,0.8295263,0.7940248,0.7199987,0.61240447,0.88689077,0.85628736,0.7150081,0.724059,0.819283,0.7718988,0.7910354,0.68149954,0.82375777,0.6753428,0.7967441,0.78666127,0.7859733,0.8362858,0.77114415,0.8408561,0.88342154
quorum_suzano_sp,0.71201813,0.801074,0.75078934,0.7762673,0.8783803,0.8490832,0.73784083,0.7964637,0.68880326,0.80449075,0.7778493,0.76014197,0.7408527,0.8056788,0.77153885,0.77426195,0.78514457,0.7352817,0.7790331,0.79557693,0.76535183,0.7635136,0.7180474,0.6113143,0.770781,0.83090353,0.7376434,0.8404061,0.79438907,0.7140686,0.84166,0.77929866,0.7463651,0.74340785,0.8895508,0.8679167,0.7903756,0.71790254,0.7824955,0.8006228,0.8666228,0.790993,0.754742,0.8631164,0.7645421,0.74764574,0.7562941,0.8019409,0.7906724,0.77886784,0.7867719,0.75062513,0.74319845,0.8675995,0.77096754,0.70405823,0.8486685,0.7267632,0.70331025,0.76476634,0.7078723,0.7183605,0.7864729,0.63345325,0.76063764,0.7335621,0.8322638,0.70453846,0.6977631,0.80269563,0.77739155,0.77266085,0.7728161,0.8104652,0.71815443,0.78568125,0.99999976,0.80907637,0.72941744,0.7290823,0.7644924,0.7866445,0.6918284,0.6449396,0.77034795,0.71508145,0.75923705,0.66543233,0.7673445,0.7408323,0.72006094,0.7106797,0.8082399,0.75575674,0.80092543,0.9328898,0.7836483,0.7928107,0.7309511,0.72669053,0.8181536
quorum_sertaozinho_sp,0.7758853,0.80807954,0.75641334,0.8287583,0.7099488,0.86674714,0.69002616,0.83041096,0.57112014,0.87847996,0.7736405,0.7348765,0.6789638,0.8168144,0.8363038,0.7417846,0.77941513,0.64309263,0.7989656,0.7505415,0.7589842,0.7011628,0.66125584,0.530639,0.72395366,0.72943234,0.7096933,0.8750174,0.79976,0.6969637,0.74787056,0.8325471,0.694807,0.7129532,0.7115618,0.7887369,0.73472065,0.7375206,0.8129716,0.82774353,0.7796602,0.6845,0.77453697,0.86578643,0.7127701,0.7215566,0.6988468,0.7385546,0.8292927,0.6809635,0.7816325,0.7043247,0.78542686,0.71755445,0.79038334,0.7442708,0.86844933,0.7015407,0.6957436,0.7791668,0.66796124,0.6676394,0.70932853,0.740553,0.7161844,0.6704755,0.8651049,0.7972281,0.6157375,0.8395312,0.78460956,0.7761245,0.6975936,0.73071045,0.6550756,0.7748964,0.80907637,1.0000002,0.71622306,0.67024255,0.78232384,0.8675762,0.75829816,0.6554876,0.7665422,0.6575483,0.83193845,0.66257036,0.72478676,0.7875982,0.6664954,0.7168378,0.7240206,0.7084005,0.805249,0.72091234,0.74439454,0.7946191,0.6492219,0.6550795,0.74389863
quorum_taubate_sp,0.55676734,0.7297778,0.6378808,0.67930114,0.6476367,0.7390598,0.61467135,0.7215637,0.62965846,0.72003245,0.70802325,0.7160647,0.6005258,0.72628546,0.72034305,0.67370087,0.7368285,0.66772306,0.6810844,0.72299623,0.7245951,0.6739553,0.66058457,0.5641309,0.64953375,0.66307443,0.638026,0.7474998,0.7101012,0.6191381,0.7088202,0.70324475,0.5935683,0.66634053,0.6588457,0.7494395,0.70254123,0.6430207,0.7235388,0.7288427,0.685068,0.6849877,0.6906136,0.71952736,0.67767465,0.6599543,0.6147496,0.77478516,0.681207,0.64296037,0.7245102,0.679381,0.70708835,0.6462003,0.6915804,0.66395235,0.7169162,0.5882505,0.6233405,0.67739,0.5854143,0.61997783,0.6522358,0.52666026,0.71664137,0.6581125,0.7374059,0.5699159,0.6555437,0.6891232,0.69506556,0.6680646,0.69231975,0.613617,0.6301612,0.7018412,0.72941744,0.71622306,1.0,0.6723217,0.7009041,0.70985055,0.6617149,0.5412087,0.6450162,0.58630383,0.70989513,0.5646099,0.6566539,0.6746909,0.6651341,0.62152207,0.67467546,0.6718087,0.7284176,0.67497385,0.6627722,0.6907747,0.64965045,0.64632845,0.70474815
quorum_cacapava_sp,0.5234094,0.6674958,0.72418326,0.65605533,0.8109517,0.7015642,0.8053788,0.66156745,0.8250272,0.66878283,0.84547615,0.72396564,0.8702409,0.720384,0.6624794,0.7905556,0.7159511,0.90995103,0.6839754,0.7229713,0.6205234,0.87144387,0.9126196,0.55438745,0.8154933,0.771239,0.79130733,0.7427696,0.6312176,0.7472924,0.8815236,0.65072715,0.8311951,0.90076435,0.83524173,0.80046743,0.70622146,0.6532998,0.7138606,0.63052654,0.74763346,0.85214853,0.6436933,0.6884415,0.8085067,0.72120535,0.7876287,0.8173312,0.59718996,0.89040095,0.7014274,0.80769587,0.6425425,0.7846003,0.78996706,0.55781627,0.63461363,0.79467076,0.7709634,0.67985135,0.79753697,0.8388647,0.91333294,0.5086183,0.8494048,0.8715377,0.70791745,0.56469357,0.89815474,0.63065463,0.73546684,0.7546509,0.88153386,0.7917974,0.8787337,0.8419633,0.7290823,0.67024255,0.6723217,1.0,0.74564224,0.7185204,0.7092469,0.60029936,0.81821674,0.82762796,0.63161516,0.8020183,0.8016547,0.6703175,0.893893,0.65132725,0.7598172,0.70312566,0.70666057,0.7879957,0.7303668,0.7074199,0.82191277,0.88734794,0.8482837
quorum_indaiatuba_sp,0.62680286,0.81769216,0.7774093,0.7204689,0.71452045,0.82190645,0.76913416,0.83282995,0.67476165,0.82440865,0.8517338,0.8369661,0.7226924,0.799929,0.789492,0.81880176,0.7795013,0.68325424,0.7935504,0.76402813,0.7792609,0.76495624,0.75131404,0.5611402,0.79555714,0.78834987,0.77201396,0.8435105,0.7663712,0.7948633,0.8137087,0.8281081,0.7634668,0.7548237,0.7315471,0.81590486,0.75652945,0.860572,0.8086295,0.83596045,0.7547386,0.7596898,0.76593,0.804964,0.8024664,0.72714823,0.7468351,0.73662156,0.77159214,0.7312015,0.7496226,0.79749286,0.80000174,0.71742415,0.8851591,0.7371944,0.83772314,0.8676232,0.70091236,0.75418586,0.71993494,0.748026,0.74997425,0.6650604,0.7990613,0.7764415,0.87388676,0.7352544,0.6871363,0.7923221,0.93773514,0.78491294,0.80803525,0.74733835,0.76897407,0.8295263,0.7644924,0.78232384,0.7009041,0.74564224,0.9999999,0.7633204,0.7675185,0.7039658,0.8215864,0.7989001,0.80039704,0.74783623,0.80904245,0.7934092,0.7627487,0.74736416,0.8240605,0.7227829,0.8094207,0.71839595,0.7581607,0.81444776,0.742644,0.718048,0.8364627
quorum_sorocaba_sp,0.7884688,0.81680113,0.81247807,0.8322331,0.7530158,0.85967934,0.7274837,0.82518315,0.6059914,0.86183447,0.7905091,0.79025924,0.7256515,0.8027458,0.83788246,0.77152336,0.74642634,0.70280325,0.8277672,0.71809447,0.7410623,0.77139175,0.72410357,0.6052702,0.81625295,0.7506808,0.7423022,0.8606734,0.80625105,0.7331749,0.7935755,0.82737195,0.74536026,0.7104366,0.7551149,0.81673527,0.77703387,0.7782159,0.8490416,0.77701676,0.78553164,0.7721218,0.7938447,0.8552439,0.72421384,0.72405237,0.77093375,0.7752229,0.79317296,0.73601174,0.75998485,0.7680117,0.7953646,0.72767174,0.83379495,0.7573401,0.7999424,0.74692065,0.8426126,0.8293433,0.7325464,0.7197121,0.752931,0.7297919,0.73377764,0.72104585,0.83056974,0.78515756,0.6881947,0.81876326,0.7919697,0.82160944,0.7512115,0.76053035,0.6768749,0.7940248,0.7866445,0.8675762,0.70985055,0.7185204,0.7633204,0.9999999,0.8032415,0.5965156,0.7382196,0.7395011,0.8418329,0.68731034,0.7321524,0.8128105,0.7290785,0.69289577,0.7904338,0.7208048,0.85520965,0.7449559,0.7931689,0.79133296,0.7071367,0.70220536,0.78414315
quorum_bebedouro_sp,0.7087964,0.7315314,0.84728336,0.7829411,0.66503865,0.7959844,0.67939013,0.75028753,0.67010605,0.8468565,0.73696685,0.76873255,0.6493238,0.691221,0.7800268,0.702483,0.70580757,0.6989615,0.7107794,0.66102076,0.6310674,0.7152493,0.7052254,0.62375635,0.7513058,0.72526777,0.6610492,0.80299044,0.7023008,0.64519304,0.74407744,0.7181107,0.6528349,0.73061085,0.6719296,0.7379645,0.7363887,0.7452736,0.7751589,0.7100131,0.6773604,0.72733736,0.6950024,0.7584313,0.6618844,0.6489724,0.6981778,0.67092156,0.75251174,0.7003264,0.6797931,0.69588023,0.7101379,0.6439317,0.7547419,0.6510218,0.7269376,0.698334,0.6687542,0.7416136,0.6805537,0.70921093,0.7114353,0.70594895,0.70342505,0.7307011,0.7584823,0.7512903,0.68304557,0.7490853,0.80301666,0.7493874,0.7519363,0.65572023,0.71845746,0.7199987,0.6918284,0.75829816,0.6617149,0.7092469,0.7675185,0.8032415,0.99999994,0.5127536,0.6717364,0.7351793,0.7627917,0.72086525,0.7054845,0.7172966,0.7076128,0.59456503,0.73629236,0.7352017,0.7469868,0.6685891,0.6899371,0.65180093,0.6507147,0.7044594,0.7523521
quorum_santos_sp,0.481144,0.65899134,0.5458176,0.54256505,0.65418106,0.6111038,0.61243737,0.66543305,0.56177396,0.5861926,0.6277462,0.625256,0.6089687,0.71323097,0.6285308,0.63543224,0.6265012,0.5881542,0.6420622,0.7462298,0.7449216,0.65531874,0.61531055,0.3482378,0.6660759,0.57904226,0.629241,0.68254316,0.62711525,0.65684575,0.68328065,0.6737391,0.6407398,0.5535088,0.59434706,0.63706565,0.64692354,0.6541958,0.59949666,0.7021477,0.60301936,0.5528057,0.67412126,0.6127792,0.6482605,0.732145,0.56303173,0.6636195,0.58250856,0.57254404,0.7262312,0.7124127,0.680568,0.6376445,0.6812077,0.6409936,0.65705544,0.672343,0.59439224,0.6283773,0.5563001,0.6135834,0.5882755,0.45699906,0.62288415,0.6000496,0.6494775,0.5815085,0.65023816,0.6058607,0.6784477,0.6486857,0.61521643,0.5983641,0.6406274,0.61240447,0.6449396,0.6554876,0.5412087,0.60029936,0.7039658,0.5965156,0.5127536,1.0000002,0.6541264,0.5969277,0.65142787,0.6369353,0.6622963,0.6527648,0.60211253,0.91367567,0.66943824,0.5920408,0.6582906,0.54107857,0.7609288,0.6797572,0.63744754,0.5575113,0.62414277
quorum_carapicuiba_sp,0.6228428,0.7783858,0.6969488,0.73280656,0.76417327,0.7947226,0.8223588,0.77539325,0.6250277,0.7714813,0.8932852,0.7272898,0.8379936,0.8143342,0.79636884,0.86125803,0.7258985,0.7145413,0.7752304,0.7640054,0.7164389,0.80778015,0.79426396,0.51100427,0.76101327,0.8427112,0.87812936,0.8247285,0.7387812,0.84984046,0.8105017,0.79314935,0.84019166,0.85284543,0.78080714,0.7827238,0.71541655,0.6502601,0.8163667,0.7259451,0.7864541,0.7745973,0.7536234,0.76532865,0.8375037,0.74479043,0.81931883,0.75503385,0.67777634,0.82625514,0.7663777,0.7914015,0.7230035,0.808905,0.7929888,0.6637186,0.74377877,0.83750874,0.74581474,0.7327585,0.7765148,0.79636467,0.83518475,0.6211808,0.8208564,0.7647325,0.80091465,0.6416946,0.7006587,0.7529892,0.7801783,0.78077996,0.78702945,0.86230844,0.8169913,0.88689077,0.77034795,0.7665422,0.6450162,0.81821674,0.8215864,0.7382196,0.6717364,0.6541264,1.0000004,0.8027544,0.71159697,0.75388026,0.8874787,0.77341247,0.7948955,0.67366904,0.75907767,0.68896496,0.77685434,0.7958387,0.75266397,0.8297182,0.78811,0.82612777,0.8741751
quorum_itatiba_sp,0.5216399,0.6949545,0.76597494,0.63784254,0.80445206,0.70781815,0.85840863,0.6927544,0.6897994,0.68814623,0.8630013,0.8085299,0.8432081,0.69297254,0.66446555,0.82810056,0.63129896,0.7751602,0.719012,0.6560719,0.56901586,0.8494357,0.83972436,0.5732539,0.8304564,0.87160933,0.80582345,0.7447854,0.62380993,0.8141993,0.8362011,0.6837173,0.8435904,0.8196207,0.81807244,0.7909517,0.69250363,0.69300085,0.75581,0.62157995,0.7991036,0.8670145,0.63630617,0.6940721,0.7642902,0.65748346,0.90493894,0.74179214,0.600343,0.8105891,0.62616944,0.81576717,0.65434754,0.78371716,0.82635427,0.59256077,0.64521545,0.87841475,0.82432556,0.6760899,0.8949404,0.8122522,0.86779606,0.54441726,0.79064095,0.88790613,0.7357319,0.59906775,0.735855,0.66980547,0.8264898,0.71492594,0.8903742,0.82881916,0.8019185,0.85628736,0.71508145,0.6575483,0.58630383,0.82762796,0.7989001,0.7395011,0.7351793,0.5969277,0.8027544,0.99999994,0.6358694,0.78037894,0.7788857,0.7126936,0.82876503,0.6302723,0.83406204,0.63362634,0.72519857,0.7793164,0.7146202,0.73291075,0.78987664,0.7984302,0.8984056
quorum_itaquaquecetuba_sp,0.7006134,0.9083985,0.7370048,0.80941904,0.6631872,0.8522856,0.62329906,0.9368119,0.61420316,0.8733543,0.71469414,0.7714456,0.61432767,0.7631918,0.8374912,0.70218885,0.7079729,0.62995154,0.89822733,0.7260209,0.7844213,0.6355251,0.6410618,0.5132489,0.7046795,0.6683675,0.640311,0.8398216,0.895591,0.6393516,0.7192029,0.89405525,0.6701819,0.65884674,0.7002677,0.7534433,0.7606882,0.7916323,0.7896835,0.9205549,0.709754,0.67208254,0.9023736,0.8683155,0.70604163,0.6831436,0.636687,0.710551,0.80441284,0.6129277,0.7403585,0.7605124,0.9162611,0.69507813,0.7944623,0.8932797,0.86853075,0.7276484,0.70499647,0.9039258,0.59761626,0.62679386,0.67192113,0.68630683,0.6930908,0.6598361,0.8647064,0.7541063,0.60508215,0.8426434,0.80345565,0.74924624,0.698102,0.6443958,0.6704999,0.7150081,0.75923705,0.83193845,0.70989513,0.63161516,0.80039704,0.8418329,0.7627917,0.65142787,0.71159697,0.6358694,0.9999999,0.6180358,0.67409086,0.90745103,0.64293194,0.69810426,0.74044645,0.72923064,0.9090483,0.68987256,0.70784086,0.747452,0.63214135,0.5598543,0.69151306
quorum_avare_sp,0.546853,0.6501236,0.63039225,0.5945429,0.7585219,0.640273,0.7734036,0.6366296,0.69140434,0.6454359,0.7620059,0.6999768,0.75785434,0.7179184,0.6216126,0.7289159,0.6298311,0.7281184,0.59804827,0.6281507,0.66381437,0.7859025,0.7794901,0.48977637,0.76716125,0.72242707,0.73049897,0.72964835,0.59837747,0.76806796,0.7742584,0.6610565,0.794696,0.7903176,0.6821449,0.68993956,0.6409924,0.6669691,0.61443305,0.6296065,0.6418659,0.72081727,0.5988716,0.60914624,0.71805036,0.69263387,0.76423436,0.7349785,0.6067662,0.7643637,0.629925,0.8144143,0.6460508,0.66098464,0.7549492,0.522635,0.61132896,0.8201907,0.699929,0.618924,0.7310061,0.7653896,0.7926464,0.6004437,0.7047479,0.7410705,0.6909087,0.61536324,0.7784197,0.63749766,0.73634183,0.771412,0.74026275,0.7135279,0.83243763,0.724059,0.66543233,0.66257036,0.5646099,0.8020183,0.74783623,0.68731034,0.72086525,0.6369353,0.75388026,0.78037894,0.6180358,1.0,0.7916612,0.66930467,0.7709086,0.70278406,0.7078566,0.62491596,0.64652175,0.66133785,0.7505088,0.67846435,0.7422961,0.74965036,0.7292367
quorum_araraquara_sp,0.612322,0.7208389,0.6931673,0.7043004,0.7913289,0.76374906,0.83659,0.7218671,0.6755172,0.7418668,0.8345105,0.74426275,0.80734265,0.8339374,0.7570908,0.82590306,0.69878465,0.7477822,0.7168182,0.73546815,0.70793927,0.8296458,0.7675347,0.53568125,0.77169466,0.84423935,0.8787364,0.78092015,0.6941103,0.8313701,0.82868236,0.7193629,0.80507237,0.7883247,0.7632855,0.7701075,0.7126918,0.69381726,0.7732861,0.7084749,0.73947495,0.75290775,0.6856752,0.7408743,0.75392985,0.7249901,0.79425496,0.76327497,0.6870228,0.8376974,0.72214544,0.79590535,0.7101923,0.79286593,0.7967883,0.61151516,0.72585464,0.82302874,0.72776246,0.6998162,0.75815934,0.8280612,0.7823227,0.60513794,0.7565919,0.7482412,0.77910995,0.6718498,0.75863874,0.6914618,0.8004878,0.82980186,0.7787889,0.8473183,0.82481956,0.819283,0.7673445,0.72478676,0.6566539,0.8016547,0.80904245,0.7321524,0.7054845,0.6622963,0.8874787,0.7788857,0.67409086,0.7916612,0.99999976,0.7049166,0.7778661,0.69831824,0.7827079,0.6918485,0.730037,0.7728935,0.7708721,0.75793403,0.7384053,0.8498719,0.8375282
quorum_ribeirao_pires_sp,0.6670301,0.9209763,0.66033685,0.7803633,0.68878233,0.84027195,0.7152931,0.9168419,0.57075095,0.8457379,0.787539,0.741343,0.6999773,0.7827959,0.8567023,0.7807125,0.65137655,0.62511796,0.90578675,0.69142884,0.7347307,0.71263874,0.67060065,0.48969576,0.70807236,0.70208657,0.6952907,0.850773,0.8922452,0.7443166,0.74270207,0.91229606,0.76350486,0.7205605,0.72669446,0.750698,0.7427029,0.7077327,0.7842951,0.86208934,0.7180245,0.7404547,0.9096744,0.8194345,0.7218223,0.66585445,0.72351843,0.73956865,0.7659968,0.64680916,0.7295392,0.8328105,0.89222765,0.7305599,0.78819466,0.89782697,0.8041179,0.77817225,0.75240284,0.8697311,0.68429625,0.69719833,0.73683625,0.68214947,0.71872485,0.6650552,0.86307347,0.71544087,0.59718513,0.84783256,0.76332164,0.75385,0.71504503,0.7050865,0.6993278,0.7718988,0.7408323,0.7875982,0.6746909,0.6703175,0.7934092,0.8128105,0.7172966,0.6527648,0.77341247,0.7126936,0.90745103,0.66930467,0.7049166,1.0,0.6740121,0.70045483,0.7513744,0.68974805,0.8841673,0.7000053,0.6863117,0.7929497,0.64992607,0.6283355,0.72181165
quorum_campo_limpo_paulista_sp,0.52454925,0.68334883,0.7106244,0.6479591,0.81172884,0.69472826,0.7864783,0.672042,0.80598843,0.6670037,0.8085741,0.7363112,0.8115348,0.71476054,0.68247455,0.76856995,0.70894337,0.87860644,0.66771,0.73012275,0.62317663,0.82010823,0.98297834,0.6253826,0.8250142,0.7615994,0.7819295,0.7382628,0.6294496,0.74033076,0.8650014,0.66409475,0.8056335,0.83615625,0.8299075,0.81063646,0.762691,0.67183864,0.741218,0.6300528,0.71590626,0.84632885,0.67155874,0.6937642,0.8675487,0.7504314,0.776878,0.7796703,0.60747075,0.8906334,0.7218052,0.8145018,0.6819754,0.75467,0.8075739,0.57359457,0.6465242,0.8243288,0.76295036,0.70399517,0.7595439,0.7875769,0.84670335,0.5109433,0.9300335,0.8931554,0.72088194,0.56949425,0.88997287,0.6527287,0.7704935,0.7775578,0.8837649,0.8081462,0.8674365,0.7910354,0.72006094,0.6664954,0.6651341,0.893893,0.7627487,0.7290785,0.7076128,0.60211253,0.7948955,0.82876503,0.64293194,0.7709086,0.7778661,0.6740121,1.0,0.65279675,0.75731957,0.7458228,0.7251962,0.77405596,0.7335633,0.7193526,0.8951075,0.816213,0.8413239
quorum_piracicaba_sp,0.53269297,0.7093179,0.5981712,0.60801184,0.6928822,0.66382587,0.6430219,0.68207467,0.58823943,0.6575149,0.69640875,0.6628268,0.65240455,0.7561395,0.6897017,0.7044633,0.70978224,0.6337739,0.66727746,0.8145563,0.78362185,0.708681,0.65305066,0.44666392,0.7406335,0.5827694,0.64838153,0.7546276,0.672459,0.6828019,0.7353231,0.75719786,0.6857177,0.60172987,0.6238301,0.7035113,0.7025626,0.7068998,0.65203726,0.74826366,0.6284598,0.6269206,0.72539604,0.6602081,0.720716,0.81115234,0.606861,0.72998875,0.6676952,0.612049,0.8154438,0.7568624,0.70943415,0.65748024,0.73979706,0.6744535,0.7012362,0.6950638,0.65295815,0.6605383,0.5796773,0.64903164,0.63853335,0.517707,0.69369,0.61343896,0.7089609,0.6483449,0.69473445,0.68438077,0.7176576,0.7292098,0.6372175,0.608503,0.67714435,0.68149954,0.7106797,0.7168378,0.62152207,0.65132725,0.74736416,0.69289577,0.59456503,0.91367567,0.67366904,0.6302723,0.69810426,0.70278406,0.69831824,0.70045483,0.65279675,0.99999976,0.6995592,0.6466267,0.6950141,0.57998437,0.824437,0.7296287,0.7150371,0.5958384,0.66632867
quorum_barretos_sp,0.5927102,0.8246357,0.7583856,0.71960616,0.82195115,0.83394945,0.80910724,0.7982836,0.6594765,0.8040594,0.82905126,0.87134975,0.76990867,0.7671267,0.752002,0.81926477,0.7096976,0.74712276,0.77744365,0.7181394,0.687971,0.8095745,0.7560828,0.5894182,0.86180085,0.8430877,0.78505677,0.8021686,0.7602452,0.79292727,0.8573691,0.7707307,0.7837541,0.71567607,0.82792634,0.8422413,0.74803144,0.80560505,0.8265052,0.76265323,0.8526041,0.81436455,0.7374136,0.7850878,0.7455529,0.6785357,0.8273448,0.7838837,0.6932409,0.76123154,0.7177181,0.7678355,0.74353683,0.8124032,0.8599239,0.7383138,0.7591053,0.8081231,0.79902226,0.76372826,0.7845858,0.80794895,0.781531,0.6037661,0.7727945,0.80742717,0.81891334,0.71057165,0.7114272,0.7215353,0.8414757,0.75260216,0.8487836,0.79169303,0.7418227,0.82375777,0.8082399,0.7240206,0.67467546,0.7598172,0.8240605,0.7904338,0.73629236,0.66943824,0.75907767,0.83406204,0.74044645,0.7078566,0.7827079,0.7513744,0.75731957,0.6995592,0.9999999,0.67415106,0.83015305,0.802174,0.82335037,0.7942938,0.7539749,0.7793323,0.8399855
quorum_francisco_morato_sp,0.6655896,0.7095822,0.663957,0.71912014,0.677818,0.7564875,0.62564176,0.70539486,0.77396226,0.7333107,0.6845932,0.663185,0.6303973,0.7156886,0.78758466,0.6376113,0.7327801,0.75728637,0.68261164,0.74527127,0.72047347,0.68033767,0.74285936,0.66005534,0.70998,0.6490486,0.6379211,0.7505055,0.7251482,0.6273993,0.74700487,0.7165804,0.62319934,0.70561284,0.7534981,0.75679225,0.8566595,0.69477594,0.7508167,0.71509755,0.6465286,0.7361955,0.72523093,0.7472355,0.70248246,0.7407043,0.62043905,0.71952,0.69167733,0.77412724,0.74611896,0.70956326,0.6947433,0.660221,0.7219784,0.64708114,0.72797036,0.678993,0.6368778,0.728142,0.58986217,0.6547309,0.66717297,0.5939362,0.7784337,0.738958,0.70204234,0.65970093,0.77495176,0.7576052,0.73157215,0.76804423,0.747471,0.64926517,0.7504777,0.6753428,0.75575674,0.7084005,0.6718087,0.70312566,0.7227829,0.7208048,0.7352017,0.5920408,0.68896496,0.63362634,0.72923064,0.62491596,0.6918485,0.68974805,0.7458228,0.6466267,0.67415106,1.0,0.72299385,0.6998532,0.6645025,0.6700411,0.6475432,0.6798686,0.7412255
quorum_ribeirao_preto_sp,0.6935768,0.93738043,0.740231,0.85072243,0.76524603,0.90249383,0.6810181,0.9420363,0.6240854,0.88657415,0.7928051,0.7822406,0.6730145,0.8387066,0.8397565,0.77262247,0.73490787,0.6991006,0.9084254,0.7633575,0.80075085,0.7141815,0.7250434,0.61398935,0.7888205,0.7507979,0.70128024,0.8744019,0.9062598,0.7127532,0.81130683,0.9052569,0.7332147,0.70409876,0.80665207,0.84679246,0.77344096,0.7664289,0.86194533,0.896029,0.8254496,0.7498319,0.9034548,0.9038246,0.74389577,0.7065939,0.7189543,0.7833936,0.78331465,0.69273996,0.800873,0.80064934,0.8901488,0.75327563,0.82036877,0.86951137,0.86562085,0.75337696,0.7516665,0.9234555,0.6819451,0.6814991,0.7405033,0.68496436,0.7644819,0.7305026,0.8965442,0.7494977,0.67472225,0.8381261,0.8039855,0.78289604,0.7666582,0.74506116,0.6950913,0.7967441,0.80092543,0.805249,0.7284176,0.70666057,0.8094207,0.85520965,0.7469868,0.6582906,0.77685434,0.72519857,0.9090483,0.64652175,0.730037,0.8841673,0.7251962,0.6950141,0.83015305,0.72299385,0.99999976,0.7814033,0.7665144,0.8220817,0.69238883,0.6405286,0.7692379
quorum_americana_sp,0.61001116,0.75639987,0.74163806,0.71998113,0.8891207,0.8197587,0.7549687,0.76071227,0.71055907,0.73658633,0.78210914,0.75484425,0.78147936,0.74850893,0.6991902,0.767228,0.6837027,0.7685133,0.7498193,0.72702754,0.65803045,0.7793003,0.7834061,0.61588013,0.7506434,0.8899487,0.7590905,0.76275706,0.7378596,0.71936506,0.8571276,0.70094067,0.7829864,0.80157655,0.9338949,0.85072553,0.7364859,0.64697355,0.7556472,0.72628653,0.8805416,0.82935727,0.677493,0.8049089,0.7679657,0.67297655,0.80164367,0.78335756,0.6969729,0.83365136,0.6984373,0.7464458,0.6853467,0.89106387,0.728631,0.6233219,0.759307,0.74417853,0.72546375,0.7241235,0.7581017,0.7418114,0.8352152,0.55791444,0.7704957,0.7867321,0.77783453,0.5885774,0.7126959,0.7084632,0.7548044,0.719057,0.82916915,0.86679363,0.7459439,0.78666127,0.9328898,0.72091234,0.67497385,0.7879957,0.71839595,0.7449559,0.6685891,0.54107857,0.7958387,0.7793164,0.68987256,0.66133785,0.7728935,0.7000053,0.77405596,0.57998437,0.802174,0.6998532,0.7814033,1.0,0.70362186,0.7530817,0.759758,0.768806,0.84413016
quorum_itapevi_sp,0.6554294,0.7403307,0.69093645,0.70508504,0.7953554,0.75629437,0.7564603,0.7079968,0.6531096,0.7447417,0.7782723,0.75696826,0.72811395,0.7925839,0.73170424,0.79143095,0.735367,0.74987376,0.7273693,0.79758644,0.7494972,0.7840409,0.74009216,0.5008645,0.8806684,0.71260387,0.73361194,0.8096713,0.6878995,0.73636043,0.823859,0.7448787,0.7500449,0.6594721,0.71865404,0.80457115,0.7252964,0.7570487,0.7741494,0.7074754,0.7745756,0.7292557,0.72396857,0.7270316,0.7401537,0.8138728,0.74841064,0.7763663,0.6604297,0.7313117,0.8225856,0.7558547,0.6897173,0.7574246,0.82749844,0.6699655,0.7185161,0.7463862,0.79224896,0.7268176,0.7017592,0.76086056,0.7146857,0.60677266,0.75482213,0.7298362,0.72604823,0.734624,0.74926305,0.69261444,0.7540436,0.8041098,0.7451891,0.69726664,0.73327744,0.7859733,0.7836483,0.74439454,0.6627722,0.7303668,0.7581607,0.7931689,0.6899371,0.7609288,0.75266397,0.7146202,0.70784086,0.7505088,0.7708721,0.6863117,0.7335633,0.824437,0.82335037,0.6645025,0.7665144,0.70362186,0.99999964,0.7830856,0.76782656,0.72035265,0.76740474
quorum_presidente_prudente_sp,0.6692837,0.8174117,0.6873844,0.7648027,0.75245315,0.83030224,0.79024947,0.79316473,0.5478343,0.8176583,0.8414496,0.7288471,0.77809983,0.87027127,0.7994472,0.86384535,0.7310273,0.6481253,0.82059944,0.7653694,0.75120974,0.73632133,0.7206962,0.5300695,0.7448024,0.75821406,0.76342034,0.91769195,0.773542,0.85492337,0.86516523,0.88555235,0.78068423,0.73801124,0.7675816,0.8978361,0.7233235,0.6961788,0.8301474,0.7727586,0.79136753,0.74747884,0.779111,0.80564314,0.7789383,0.7242834,0.7719089,0.759467,0.7326962,0.6942557,0.80824375,0.76627254,0.73954487,0.7488901,0.80957174,0.76415086,0.807395,0.7773936,0.7350403,0.7347618,0.7001921,0.6968637,0.76206684,0.6454809,0.7818509,0.70351875,0.8440412,0.6888466,0.62983173,0.83077717,0.8049802,0.7514888,0.7476153,0.7678666,0.6682324,0.8362858,0.7928107,0.7946191,0.6907747,0.7074199,0.81444776,0.79133296,0.65180093,0.6797572,0.8297182,0.73291075,0.747452,0.67846435,0.75793403,0.7929497,0.7193526,0.7296287,0.7942938,0.6700411,0.8220817,0.7530817,0.7830856,1.0,0.7272309,0.67483324,0.82052076
quorum_jacarei_sp,0.48854387,0.6782348,0.67699605,0.6127451,0.79393375,0.6554932,0.7595577,0.6508181,0.71788746,0.6454116,0.7784493,0.74819636,0.792352,0.7061151,0.64997727,0.7637085,0.7118467,0.7765672,0.6582971,0.7519978,0.65535045,0.78911245,0.8955316,0.54185,0.8176924,0.728974,0.7513405,0.72634935,0.601594,0.74731517,0.81128585,0.657045,0.78604364,0.7886945,0.76518226,0.77337,0.7064297,0.66076195,0.70826733,0.62897813,0.71486485,0.7996737,0.64728916,0.6552142,0.92767763,0.7656234,0.7669488,0.7471247,0.57893574,0.78735524,0.7141989,0.80886173,0.6435363,0.75132847,0.78659594,0.57106256,0.63196516,0.80153966,0.752064,0.65384376,0.7445533,0.7550285,0.815004,0.47492334,0.88669133,0.8202859,0.6968649,0.54371953,0.79354346,0.6407851,0.74718827,0.7376888,0.8160051,0.75267637,0.7850389,0.77114415,0.7309511,0.6492219,0.64965045,0.82191277,0.742644,0.7071367,0.6507147,0.63744754,0.78811,0.78987664,0.63214135,0.7422961,0.7384053,0.64992607,0.8951075,0.7150371,0.7539749,0.6475432,0.69238883,0.759758,0.76782656,0.7272309,1.0000001,0.74591875,0.8212054
quorum_matao_sp,0.5617398,0.6266741,0.6998886,0.639663,0.8143162,0.7047447,0.8638624,0.61787516,0.70726335,0.67443097,0.8515067,0.70647436,0.85581225,0.6796696,0.67299414,0.81656647,0.6876116,0.83182824,0.63088703,0.66049457,0.5584982,0.8763788,0.82038784,0.5544284,0.7824645,0.8432778,0.8801325,0.70257735,0.6087945,0.8020871,0.82794404,0.5952058,0.7893995,0.8205635,0.79030097,0.75727487,0.7033466,0.63169,0.7431711,0.5817872,0.73752403,0.8272846,0.5865843,0.6666049,0.7170239,0.6595743,0.84821343,0.7561434,0.6168617,0.9119314,0.63711965,0.7336483,0.5851472,0.771854,0.7570318,0.51110375,0.61746556,0.7690768,0.7519572,0.6255307,0.833593,0.90028566,0.84290487,0.5463268,0.776422,0.8028531,0.67162806,0.5936732,0.8172403,0.5883585,0.73577666,0.7251819,0.82846093,0.8416501,0.80691004,0.8408561,0.72669053,0.6550795,0.64632845,0.88734794,0.718048,0.70220536,0.7044594,0.5575113,0.82612777,0.7984302,0.5598543,0.74965036,0.8498719,0.6283355,0.816213,0.5958384,0.7793323,0.6798686,0.6405286,0.768806,0.72035265,0.67483324,0.74591875,0.99999994,0.85058945
quorum_santa_barbara_doeste_sp,0.61929595,0.7493609,0.80682886,0.70930314,0.8071657,0.78474665,0.85338455,0.74383795,0.73032707,0.7675552,0.8832303,0.81487215,0.83838964,0.76908374,0.7465435,0.8606744,0.766132,0.78364396,0.7664832,0.7607946,0.68122065,0.84206057,0.83986926,0.6240659,0.8232295,0.9030658,0.8590375,0.8216543,0.7000911,0.8403666,0.897545,0.74090004,0.8037292,0.8319595,0.85728914,0.8790139,0.77516156,0.7164382,0.8245263,0.6990252,0.8337143,0.855566,0.6996467,0.765909,0.8231399,0.75396574,0.8730202,0.78527224,0.6734829,0.86822295,0.7264648,0.797912,0.6979023,0.8132694,0.834972,0.63340616,0.73045945,0.82724947,0.7816759,0.7130604,0.831838,0.8120539,0.8562428,0.58801854,0.84670776,0.87165976,0.782897,0.6478584,0.76465666,0.7376794,0.8742944,0.7715334,0.90196383,0.8514664,0.7956464,0.88342154,0.8181536,0.74389863,0.70474815,0.8482837,0.8364627,0.78414315,0.7523521,0.62414277,0.8741751,0.8984056,0.69151306,0.7292367,0.8375282,0.72181165,0.8413239,0.66632867,0.8399855,0.7412255,0.7692379,0.84413016,0.76740474,0.82052076,0.8212054,0.85058945,1.0000001
